"id","group","day","beep","t","phase","value"
1,0,1,1,1,0,14.2
1,0,1,2,2,0,15.3844
1,0,1,3,3,0,16.7689
1,0,1,4,4,0,15.7533
1,0,1,5,5,0,
1,0,1,6,6,0,
1,0,2,1,7,0,6.3067
1,0,2,2,8,0,17.8911
1,0,2,3,9,0,9.8756
1,0,2,4,10,0,2.46
1,0,2,5,11,0,
1,0,2,6,12,0,
1,0,3,1,13,0,11.0134
1,0,3,2,14,0,9.1978
1,0,3,3,15,0,9.1823
1,0,3,4,16,0,3.5667
1,0,3,5,17,0,
1,0,3,6,18,0,
1,0,4,1,19,0,2.7201
1,0,4,2,20,0,14.3045
1,0,4,3,21,0,2.089
1,0,4,4,22,0,8.8734
1,0,4,5,23,0,
1,0,4,6,24,0,
1,0,5,1,25,0,7.0268
1,0,5,2,26,0,14.6112
1,0,5,3,27,0,23.9957
1,0,5,4,28,0,19.3801
1,0,5,5,29,0,
1,0,5,6,30,0,
1,0,6,1,31,0,16.7335
1,0,6,2,32,0,18.9179
1,0,6,3,33,0,8.9024
1,0,6,4,34,0,18.8868
1,0,6,5,35,0,
1,0,6,6,36,0,
1,0,7,1,37,0,7.0401
1,0,7,2,38,0,19.2246
1,0,7,3,39,0,11.609
1,0,7,4,40,0,11.3935
1,0,7,5,41,0,
1,0,7,6,42,0,
1,0,8,1,43,0,16.7468
1,0,8,2,44,0,18.5313
1,0,8,3,45,0,25.5157
1,0,8,4,46,0,23.3002
1,0,8,5,47,0,
1,0,8,6,48,0,
1,0,9,1,49,1,19.4535
1,0,9,2,50,1,20.238
1,0,9,3,51,1,6.6224
1,0,9,4,52,1,14.4069
1,0,9,5,53,1,
1,0,9,6,54,1,
1,0,10,1,55,1,18.5602
1,0,10,2,56,1,26.1447
1,0,10,3,57,1,31.3291
1,0,10,4,58,1,32.1136
1,0,10,5,59,1,
1,0,10,6,60,1,
1,0,11,1,61,1,23.0669
1,0,11,2,62,1,27.2514
1,0,11,3,63,1,22.4358
1,0,11,4,64,1,16.2203
1,0,11,5,65,1,
1,0,11,6,66,1,
1,0,12,1,67,1,25.9736
1,0,12,2,68,1,23.3581
1,0,12,3,69,1,24.5425
1,0,12,4,70,1,18.927
1,0,12,5,71,1,
1,0,12,6,72,1,
1,0,13,1,73,1,23.6803
1,0,13,2,74,1,21.4647
1,0,13,3,75,1,45.2492
1,0,13,4,76,1,25.6336
1,0,13,5,77,1,
1,0,13,6,78,1,
1,0,14,1,79,1,22.987
1,0,14,2,80,1,22.7714
1,0,14,3,81,1,18.3559
1,0,14,4,82,1,13.5403
1,0,14,5,83,1,
1,0,14,6,84,1,
1,0,15,1,85,1,14.0937
1,0,15,2,86,1,12.8781
1,0,15,3,87,1,18.8626
1,0,15,4,88,1,17.647
1,0,15,5,89,1,
1,0,15,6,90,1,
1,0,16,1,91,1,14.2004
1,0,16,2,92,1,36.3848
1,0,16,3,93,1,19.1693
1,0,16,4,94,1,23.5537
1,0,16,5,95,1,
1,0,16,6,96,1,
1,0,17,1,97,1,23.9071
1,0,17,2,98,1,36.4915
1,0,17,3,99,1,16.876
1,0,17,4,100,1,15.4604
1,0,17,5,101,1,
1,0,17,6,102,1,
1,0,18,1,103,1,28.6138
1,0,18,2,104,1,
1,0,18,3,105,1,20.5826
1,0,18,4,106,1,33.1671
1,0,18,5,107,1,
1,0,18,6,108,1,
1,0,19,1,109,1,17.5204
1,0,19,2,110,1,14.3049
1,0,19,3,111,1,
1,0,19,4,112,1,28.8738
1,0,19,5,113,1,
1,0,19,6,114,1,
1,0,20,1,115,1,30.6271
1,0,20,2,116,1,20.6116
1,0,20,3,117,1,24.196
1,0,20,4,118,1,31.1805
1,0,20,5,119,1,
1,0,20,6,120,1,
1,0,21,1,121,1,27.1338
1,0,21,2,122,1,14.1183
1,0,21,3,123,1,21.7027
1,0,21,4,124,1,26.0872
1,0,21,5,125,1,
1,0,21,6,126,1,
1,0,22,1,127,1,21.6405
1,0,22,2,128,1,29.025
1,0,22,3,129,1,26.6094
1,0,22,4,130,1,42.1939
1,0,22,5,131,1,
1,0,22,6,132,1,
1,0,23,1,133,1,10.3472
1,0,23,2,134,1,25.3317
1,0,23,3,135,1,29.5161
1,0,23,4,136,1,25.9006
1,0,23,5,137,1,
1,0,23,6,138,1,
1,0,24,1,139,1,15.2539
1,0,24,2,140,1,15.0383
1,0,24,3,141,1,19.0228
1,0,24,4,142,1,16.4072
1,0,24,5,143,1,
1,0,24,6,144,1,
1,0,25,1,145,1,22.3606
1,0,25,2,146,1,29.545
1,0,25,3,147,1,26.9295
1,0,25,4,148,1,
1,0,25,5,149,1,
1,0,25,6,150,1,
1,0,26,1,151,1,14.4673
1,0,26,2,152,1,17.4517
1,0,26,3,153,1,17.0362
1,0,26,4,154,1,24.6206
1,0,26,5,155,1,
1,0,26,6,156,1,
1,0,27,1,157,1,19.374
1,0,27,2,158,1,16.1584
1,0,27,3,159,1,17.3429
1,0,27,4,160,1,14.9273
1,0,27,5,161,1,
1,0,27,6,162,1,
1,0,28,1,163,1,41.6807
1,0,28,2,164,1,11.0651
1,0,28,3,165,1,21.8496
1,0,28,4,166,1,12.434
1,0,28,5,167,1,
1,0,28,6,168,1,
2,0,1,1,1,0,10.8
2,0,1,2,2,0,6.5844
2,0,1,3,3,0,1.9689
2,0,1,4,4,0,33.9533
2,0,1,5,5,0,
2,0,1,6,6,0,
2,0,2,1,7,0,10.9067
2,0,2,2,8,0,45.8911
2,0,2,3,9,0,28.8756
2,0,2,4,10,0,0.86
2,0,2,5,11,0,
2,0,2,6,12,0,
2,0,3,1,13,0,35.8134
2,0,3,2,14,0,30.9978
2,0,3,3,15,0,12.7823
2,0,3,4,16,0,5.7667
2,0,3,5,17,0,
2,0,3,6,18,0,
2,0,4,1,19,0,13.7201
2,0,4,2,20,0,
2,0,4,3,21,0,7.689
2,0,4,4,22,0,3.6734
2,0,4,5,23,0,
2,0,4,6,24,0,
2,0,5,1,25,0,7.6268
2,0,5,2,26,0,16.2112
2,0,5,3,27,0,9.5957
2,0,5,4,28,0,47.5801
2,0,5,5,29,0,
2,0,5,6,30,0,
2,0,6,1,31,0,0
2,0,6,2,32,0,9.5179
2,0,6,3,33,0,19.5024
2,0,6,4,34,0,2.4868
2,0,6,5,35,0,
2,0,6,6,36,0,
2,0,7,1,37,0,0
2,0,7,2,38,0,3.4246
2,0,7,3,39,0,6.409
2,0,7,4,40,0,15.3935
2,0,7,5,41,0,
2,0,7,6,42,0,
2,0,8,1,43,0,24.3468
2,0,8,2,44,0,15.3313
2,0,8,3,45,0,16.3157
2,0,8,4,46,0,24.9002
2,0,8,5,47,0,
2,0,8,6,48,0,
2,0,9,1,49,1,18.0535
2,0,9,2,50,1,65.638
2,0,9,3,51,1,36.2224
2,0,9,4,52,1,52.4069
2,0,9,5,53,1,
2,0,9,6,54,1,
2,0,10,1,55,1,33.7602
2,0,10,2,56,1,26.3447
2,0,10,3,57,1,30.5291
2,0,10,4,58,1,12.7136
2,0,10,5,59,1,
2,0,10,6,60,1,
2,0,11,1,61,1,21.0669
2,0,11,2,62,1,50.8514
2,0,11,3,63,1,11.0358
2,0,11,4,64,1,13.6203
2,0,11,5,65,1,
2,0,11,6,66,1,
2,0,12,1,67,1,13.5736
2,0,12,2,68,1,36.7581
2,0,12,3,69,1,58.5425
2,0,12,4,70,1,31.727
2,0,12,5,71,1,
2,0,12,6,72,1,
2,0,13,1,73,1,13.6803
2,0,13,2,74,1,17.8647
2,0,13,3,75,1,26.8492
2,0,13,4,76,1,29.4336
2,0,13,5,77,1,
2,0,13,6,78,1,
2,0,14,1,79,1,17.787
2,0,14,2,80,1,56.7714
2,0,14,3,81,1,37.3559
2,0,14,4,82,1,23.3403
2,0,14,5,83,1,
2,0,14,6,84,1,
2,0,15,1,85,1,20.8937
2,0,15,2,86,1,37.8781
2,0,15,3,87,1,10.6626
2,0,15,4,88,1,21.447
2,0,15,5,89,1,
2,0,15,6,90,1,
2,0,16,1,91,1,22.8004
2,0,16,2,92,1,42.9848
2,0,16,3,93,1,18.1693
2,0,16,4,94,1,38.5537
2,0,16,5,95,1,
2,0,16,6,96,1,
2,0,17,1,97,1,10.1071
2,0,17,2,98,1,11.4915
2,0,17,3,99,1,7.676
2,0,17,4,100,1,43.0604
2,0,17,5,101,1,
2,0,17,6,102,1,
2,0,18,1,103,1,66.6138
2,0,18,2,104,1,20.9982
2,0,18,3,105,1,15.3826
2,0,18,4,106,1,17.9671
2,0,18,5,107,1,
2,0,18,6,108,1,
2,0,19,1,109,1,23.9204
2,0,19,2,110,1,26.5049
2,0,19,3,111,1,6.2893
2,0,19,4,112,1,24.8738
2,0,19,5,113,1,
2,0,19,6,114,1,
2,0,20,1,115,1,0
2,0,20,2,116,1,11.2116
2,0,20,3,117,1,16.196
2,0,20,4,118,1,0.1805
2,0,20,5,119,1,
2,0,20,6,120,1,
2,0,21,1,121,1,12.1338
2,0,21,2,122,1,21.1183
2,0,21,3,123,1,11.1027
2,0,21,4,124,1,7.0872
2,0,21,5,125,1,
2,0,21,6,126,1,
2,0,22,1,127,1,28.6405
2,0,22,2,128,1,18.025
2,0,22,3,129,1,16.0094
2,0,22,4,130,1,28.5939
2,0,22,5,131,1,
2,0,22,6,132,1,
2,0,23,1,133,1,14.5472
2,0,23,2,134,1,26.1317
2,0,23,3,135,1,20.9161
2,0,23,4,136,1,18.7006
2,0,23,5,137,1,
2,0,23,6,138,1,
2,0,24,1,139,1,
2,0,24,2,140,1,2.6383
2,0,24,3,141,1,13.8228
2,0,24,4,142,1,22.8072
2,0,24,5,143,1,
2,0,24,6,144,1,
2,0,25,1,145,1,3.7606
2,0,25,2,146,1,5.745
2,0,25,3,147,1,2.7295
2,0,25,4,148,1,3.7139
2,0,25,5,149,1,
2,0,25,6,150,1,
2,0,26,1,151,1,14.2673
2,0,26,2,152,1,19.8517
2,0,26,3,153,1,12.6362
2,0,26,4,154,1,10.6206
2,0,26,5,155,1,
2,0,26,6,156,1,
2,0,27,1,157,1,25.574
2,0,27,2,158,1,15.5584
2,0,27,3,159,1,27.1429
2,0,27,4,160,1,
2,0,27,5,161,1,
2,0,27,6,162,1,
2,0,28,1,163,1,22.4807
2,0,28,2,164,1,26.6651
2,0,28,3,165,1,14.4496
2,0,28,4,166,1,9.434
2,0,28,5,167,1,
2,0,28,6,168,1,
3,0,1,1,1,0,30
3,0,1,2,2,0,14.3844
3,0,1,3,3,0,11.7689
3,0,1,4,4,0,8.9533
3,0,1,5,5,0,
3,0,1,6,6,0,
3,0,2,1,7,0,0
3,0,2,2,8,0,16.8911
3,0,2,3,9,0,11.6756
3,0,2,4,10,0,9.46
3,0,2,5,11,0,
3,0,2,6,12,0,
3,0,3,1,13,0,0
3,0,3,2,14,0,0.7978
3,0,3,3,15,0,0
3,0,3,4,16,0,0
3,0,3,5,17,0,
3,0,3,6,18,0,
3,0,4,1,19,0,1.7201
3,0,4,2,20,0,27.1045
3,0,4,3,21,0,10.089
3,0,4,4,22,0,12.2734
3,0,4,5,23,0,
3,0,4,6,24,0,
3,0,5,1,25,0,0
3,0,5,2,26,0,0
3,0,5,3,27,0,0
3,0,5,4,28,0,9.3801
3,0,5,5,29,0,
3,0,5,6,30,0,
3,0,6,1,31,0,3.9335
3,0,6,2,32,0,0
3,0,6,3,33,0,6.1024
3,0,6,4,34,0,7.8868
3,0,6,5,35,0,
3,0,6,6,36,0,
3,0,7,1,37,0,0
3,0,7,2,38,0,5.2246
3,0,7,3,39,0,4.409
3,0,7,4,40,0,6.3935
3,0,7,5,41,0,
3,0,7,6,42,0,
3,0,8,1,43,0,11.3468
3,0,8,2,44,0,1.7313
3,0,8,3,45,0,0.9157
3,0,8,4,46,0,1.5002
3,0,8,5,47,0,
3,0,8,6,48,0,
3,0,9,1,49,1,4.6535
3,0,9,2,50,1,4.638
3,0,9,3,51,1,7.0224
3,0,9,4,52,1,0
3,0,9,5,53,1,
3,0,9,6,54,1,
3,0,10,1,55,1,5.9602
3,0,10,2,56,1,0
3,0,10,3,57,1,5.3291
3,0,10,4,58,1,26.9136
3,0,10,5,59,1,
3,0,10,6,60,1,
3,0,11,1,61,1,12.2669
3,0,11,2,62,1,18.8514
3,0,11,3,63,1,10.2358
3,0,11,4,64,1,3.0203
3,0,11,5,65,1,
3,0,11,6,66,1,
3,0,12,1,67,1,8.7736
3,0,12,2,68,1,6.3581
3,0,12,3,69,1,7.7425
3,0,12,4,70,1,35.327
3,0,12,5,71,1,
3,0,12,6,72,1,
3,0,13,1,73,1,46.4803
3,0,13,2,74,1,57.8647
3,0,13,3,75,1,48.6492
3,0,13,4,76,1,52.2336
3,0,13,5,77,1,
3,0,13,6,78,1,
3,0,14,1,79,1,3.987
3,0,14,2,80,1,0
3,0,14,3,81,1,8.1559
3,0,14,4,82,1,12.1403
3,0,14,5,83,1,
3,0,14,6,84,1,
3,0,15,1,85,1,3.6937
3,0,15,2,86,1,42.0781
3,0,15,3,87,1,27.4626
3,0,15,4,88,1,7.647
3,0,15,5,89,1,
3,0,15,6,90,1,
3,0,16,1,91,1,6.2004
3,0,16,2,92,1,58.9848
3,0,16,3,93,1,34.1693
3,0,16,4,94,1,28.5537
3,0,16,5,95,1,
3,0,16,6,96,1,
3,0,17,1,97,1,1.9071
3,0,17,2,98,1,15.4915
3,0,17,3,99,1,7.276
3,0,17,4,100,1,14.4604
3,0,17,5,101,1,
3,0,17,6,102,1,
3,0,18,1,103,1,18.4138
3,0,18,2,104,1,32.1982
3,0,18,3,105,1,11.5826
3,0,18,4,106,1,34.5671
3,0,18,5,107,1,
3,0,18,6,108,1,
3,0,19,1,109,1,5.1204
3,0,19,2,110,1,10.1049
3,0,19,3,111,1,31.6893
3,0,19,4,112,1,17.4738
3,0,19,5,113,1,
3,0,19,6,114,1,
3,0,20,1,115,1,8.2271
3,0,20,2,116,1,10.0116
3,0,20,3,117,1,16.796
3,0,20,4,118,1,7.1805
3,0,20,5,119,1,
3,0,20,6,120,1,
3,0,21,1,121,1,31.5338
3,0,21,2,122,1,10.9183
3,0,21,3,123,1,7.9027
3,0,21,4,124,1,8.0872
3,0,21,5,125,1,
3,0,21,6,126,1,
3,0,22,1,127,1,32.0405
3,0,22,2,128,1,34.825
3,0,22,3,129,1,11.8094
3,0,22,4,130,1,22.1939
3,0,22,5,131,1,
3,0,22,6,132,1,
3,0,23,1,133,1,27.1472
3,0,23,2,134,1,18.7317
3,0,23,3,135,1,31.7161
3,0,23,4,136,1,15.7006
3,0,23,5,137,1,
3,0,23,6,138,1,
3,0,24,1,139,1,25.4539
3,0,24,2,140,1,21.4383
3,0,24,3,141,1,15.6228
3,0,24,4,142,1,11.0072
3,0,24,5,143,1,
3,0,24,6,144,1,
3,0,25,1,145,1,30.7606
3,0,25,2,146,1,10.345
3,0,25,3,147,1,17.7295
3,0,25,4,148,1,16.1139
3,0,25,5,149,1,
3,0,25,6,150,1,
3,0,26,1,151,1,18.2673
3,0,26,2,152,1,10.8517
3,0,26,3,153,1,9.0362
3,0,26,4,154,1,25.0206
3,0,26,5,155,1,
3,0,26,6,156,1,
3,0,27,1,157,1,10.774
3,0,27,2,158,1,35.9584
3,0,27,3,159,1,52.7429
3,0,27,4,160,1,21.1273
3,0,27,5,161,1,
3,0,27,6,162,1,
3,0,28,1,163,1,22.2807
3,0,28,2,164,1,17.6651
3,0,28,3,165,1,14.6496
3,0,28,4,166,1,43.234
3,0,28,5,167,1,
3,0,28,6,168,1,
4,0,1,1,1,0,11
4,0,1,2,2,0,42.1844
4,0,1,3,3,0,13.9689
4,0,1,4,4,0,0
4,0,1,5,5,0,
4,0,1,6,6,0,
4,0,2,1,7,0,0
4,0,2,2,8,0,11.6911
4,0,2,3,9,0,0
4,0,2,4,10,0,3.86
4,0,2,5,11,0,
4,0,2,6,12,0,
4,0,3,1,13,0,0
4,0,3,2,14,0,0
4,0,3,3,15,0,3.5823
4,0,3,4,16,0,7.3667
4,0,3,5,17,0,
4,0,3,6,18,0,
4,0,4,1,19,0,0
4,0,4,2,20,0,39.7045
4,0,4,3,21,0,41.089
4,0,4,4,22,0,34.0734
4,0,4,5,23,0,
4,0,4,6,24,0,
4,0,5,1,25,0,0
4,0,5,2,26,0,3.4112
4,0,5,3,27,0,0
4,0,5,4,28,0,24.1801
4,0,5,5,29,0,
4,0,5,6,30,0,
4,0,6,1,31,0,0
4,0,6,2,32,0,
4,0,6,3,33,0,
4,0,6,4,34,0,0
4,0,6,5,35,0,
4,0,6,6,36,0,
4,0,7,1,37,0,0
4,0,7,2,38,0,8.0246
4,0,7,3,39,0,0
4,0,7,4,40,0,
4,0,7,5,41,0,
4,0,7,6,42,0,
4,0,8,1,43,0,0
4,0,8,2,44,0,16.5313
4,0,8,3,45,0,22.7157
4,0,8,4,46,0,0
4,0,8,5,47,0,
4,0,8,6,48,0,
4,0,9,1,49,1,32.8535
4,0,9,2,50,1,25.438
4,0,9,3,51,1,7.8224
4,0,9,4,52,1,9.8069
4,0,9,5,53,1,
4,0,9,6,54,1,
4,0,10,1,55,1,0
4,0,10,2,56,1,2.3447
4,0,10,3,57,1,25.7291
4,0,10,4,58,1,0
4,0,10,5,59,1,
4,0,10,6,60,1,
4,0,11,1,61,1,0
4,0,11,2,62,1,24.4514
4,0,11,3,63,1,0
4,0,11,4,64,1,9.2203
4,0,11,5,65,1,
4,0,11,6,66,1,
4,0,12,1,67,1,2.1736
4,0,12,2,68,1,8.9581
4,0,12,3,69,1,35.7425
4,0,12,4,70,1,17.527
4,0,12,5,71,1,
4,0,12,6,72,1,
4,0,13,1,73,1,0
4,0,13,2,74,1,23.0647
4,0,13,3,75,1,0
4,0,13,4,76,1,0
4,0,13,5,77,1,
4,0,13,6,78,1,
4,0,14,1,79,1,0
4,0,14,2,80,1,0
4,0,14,3,81,1,11.5559
4,0,14,4,82,1,31.1403
4,0,14,5,83,1,
4,0,14,6,84,1,
4,0,15,1,85,1,4.4937
4,0,15,2,86,1,12.8781
4,0,15,3,87,1,0
4,0,15,4,88,1,0
4,0,15,5,89,1,
4,0,15,6,90,1,
4,0,16,1,91,1,0
4,0,16,2,92,1,0
4,0,16,3,93,1,34.3693
4,0,16,4,94,1,15.5537
4,0,16,5,95,1,
4,0,16,6,96,1,
4,0,17,1,97,1,0
4,0,17,2,98,1,14.4915
4,0,17,3,99,1,1.476
4,0,17,4,100,1,0
4,0,17,5,101,1,
4,0,17,6,102,1,
4,0,18,1,103,1,
4,0,18,2,104,1,46.1982
4,0,18,3,105,1,0
4,0,18,4,106,1,0
4,0,18,5,107,1,
4,0,18,6,108,1,
4,0,19,1,109,1,0
4,0,19,2,110,1,0
4,0,19,3,111,1,0
4,0,19,4,112,1,0
4,0,19,5,113,1,
4,0,19,6,114,1,
4,0,20,1,115,1,0
4,0,20,2,116,1,0
4,0,20,3,117,1,0
4,0,20,4,118,1,0
4,0,20,5,119,1,
4,0,20,6,120,1,
4,0,21,1,121,1,0
4,0,21,2,122,1,0
4,0,21,3,123,1,0
4,0,21,4,124,1,
4,0,21,5,125,1,
4,0,21,6,126,1,
4,0,22,1,127,1,0
4,0,22,2,128,1,30.825
4,0,22,3,129,1,0
4,0,22,4,130,1,0
4,0,22,5,131,1,
4,0,22,6,132,1,
4,0,23,1,133,1,0
4,0,23,2,134,1,0.3317
4,0,23,3,135,1,0
4,0,23,4,136,1,0
4,0,23,5,137,1,
4,0,23,6,138,1,
4,0,24,1,139,1,0
4,0,24,2,140,1,0
4,0,24,3,141,1,20.0228
4,0,24,4,142,1,0
4,0,24,5,143,1,
4,0,24,6,144,1,
4,0,25,1,145,1,0
4,0,25,2,146,1,0
4,0,25,3,147,1,0
4,0,25,4,148,1,0
4,0,25,5,149,1,
4,0,25,6,150,1,
4,0,26,1,151,1,0
4,0,26,2,152,1,0
4,0,26,3,153,1,2.8362
4,0,26,4,154,1,5.0206
4,0,26,5,155,1,
4,0,26,6,156,1,
4,0,27,1,157,1,0
4,0,27,2,158,1,
4,0,27,3,159,1,0
4,0,27,4,160,1,0
4,0,27,5,161,1,
4,0,27,6,162,1,
4,0,28,1,163,1,0
4,0,28,2,164,1,0
4,0,28,3,165,1,9.4496
4,0,28,4,166,1,2.034
4,0,28,5,167,1,
4,0,28,6,168,1,
5,0,1,1,1,0,53
5,0,1,2,2,0,0
5,0,1,3,3,0,8.5689
5,0,1,4,4,0,16.7533
5,0,1,5,5,0,
5,0,1,6,6,0,
5,0,2,1,7,0,28.7067
5,0,2,2,8,0,8.6911
5,0,2,3,9,0,11.8756
5,0,2,4,10,0,0.46
5,0,2,5,11,0,
5,0,2,6,12,0,
5,0,3,1,13,0,9.0134
5,0,3,2,14,0,3.7978
5,0,3,3,15,0,20.7823
5,0,3,4,16,0,40.7667
5,0,3,5,17,0,
5,0,3,6,18,0,
5,0,4,1,19,0,27.7201
5,0,4,2,20,0,38.5045
5,0,4,3,21,0,3.089
5,0,4,4,22,0,4.4734
5,0,4,5,23,0,
5,0,4,6,24,0,
5,0,5,1,25,0,46.2268
5,0,5,2,26,0,7.2112
5,0,5,3,27,0,45.3957
5,0,5,4,28,0,38.1801
5,0,5,5,29,0,
5,0,5,6,30,0,
5,0,6,1,31,0,14.1335
5,0,6,2,32,0,0
5,0,6,3,33,0,0.7024
5,0,6,4,34,0,17.6868
5,0,6,5,35,0,
5,0,6,6,36,0,
5,0,7,1,37,0,36.4401
5,0,7,2,38,0,57.4246
5,0,7,3,39,0,16.809
5,0,7,4,40,0,23.1935
5,0,7,5,41,0,
5,0,7,6,42,0,
5,0,8,1,43,0,23.1468
5,0,8,2,44,0,22.7313
5,0,8,3,45,0,27.3157
5,0,8,4,46,0,57.3002
5,0,8,5,47,0,
5,0,8,6,48,0,
5,0,9,1,49,1,21.8535
5,0,9,2,50,1,25.038
5,0,9,3,51,1,20.6224
5,0,9,4,52,1,19.8069
5,0,9,5,53,1,
5,0,9,6,54,1,
5,0,10,1,55,1,24.3602
5,0,10,2,56,1,34.3447
5,0,10,3,57,1,45.9291
5,0,10,4,58,1,61.9136
5,0,10,5,59,1,
5,0,10,6,60,1,
5,0,11,1,61,1,44.6669
5,0,11,2,62,1,38.0514
5,0,11,3,63,1,0
5,0,11,4,64,1,39.6203
5,0,11,5,65,1,
5,0,11,6,66,1,
5,0,12,1,67,1,37.1736
5,0,12,2,68,1,67.5581
5,0,12,3,69,1,16.1425
5,0,12,4,70,1,13.327
5,0,12,5,71,1,
5,0,12,6,72,1,
5,0,13,1,73,1,0
5,0,13,2,74,1,8.4647
5,0,13,3,75,1,21.6492
5,0,13,4,76,1,32.0336
5,0,13,5,77,1,
5,0,13,6,78,1,
5,0,14,1,79,1,27.187
5,0,14,2,80,1,14.9714
5,0,14,3,81,1,22.5559
5,0,14,4,82,1,27.9403
5,0,14,5,83,1,
5,0,14,6,84,1,
5,0,15,1,85,1,23.0937
5,0,15,2,86,1,45.4781
5,0,15,3,87,1,31.6626
5,0,15,4,88,1,15.247
5,0,15,5,89,1,
5,0,15,6,90,1,
5,0,16,1,91,1,11.2004
5,0,16,2,92,1,10.3848
5,0,16,3,93,1,16.9693
5,0,16,4,94,1,28.9537
5,0,16,5,95,1,
5,0,16,6,96,1,
5,0,17,1,97,1,35.5071
5,0,17,2,98,1,29.4915
5,0,17,3,99,1,2.676
5,0,17,4,100,1,14.6604
5,0,17,5,101,1,
5,0,17,6,102,1,
5,0,18,1,103,1,19.2138
5,0,18,2,104,1,16.9982
5,0,18,3,105,1,18.7826
5,0,18,4,106,1,38.1671
5,0,18,5,107,1,
5,0,18,6,108,1,
5,0,19,1,109,1,22.5204
5,0,19,2,110,1,37.7049
5,0,19,3,111,1,40.2893
5,0,19,4,112,1,17.6738
5,0,19,5,113,1,
5,0,19,6,114,1,
5,0,20,1,115,1,38.8271
5,0,20,2,116,1,17.4116
5,0,20,3,117,1,23.196
5,0,20,4,118,1,0
5,0,20,5,119,1,
5,0,20,6,120,1,
5,0,21,1,121,1,15.1338
5,0,21,2,122,1,7.1183
5,0,21,3,123,1,14.9027
5,0,21,4,124,1,0
5,0,21,5,125,1,
5,0,21,6,126,1,
5,0,22,1,127,1,6.4405
5,0,22,2,128,1,8.825
5,0,22,3,129,1,0
5,0,22,4,130,1,0
5,0,22,5,131,1,
5,0,22,6,132,1,
5,0,23,1,133,1,6.9472
5,0,23,2,134,1,6.1317
5,0,23,3,135,1,3.1161
5,0,23,4,136,1,9.3006
5,0,23,5,137,1,
5,0,23,6,138,1,
5,0,24,1,139,1,0
5,0,24,2,140,1,0
5,0,24,3,141,1,25.8228
5,0,24,4,142,1,3.0072
5,0,24,5,143,1,
5,0,24,6,144,1,
5,0,25,1,145,1,19.7606
5,0,25,2,146,1,14.545
5,0,25,3,147,1,51.7295
5,0,25,4,148,1,26.9139
5,0,25,5,149,1,
5,0,25,6,150,1,
5,0,26,1,151,1,3.2673
5,0,26,2,152,1,11.0517
5,0,26,3,153,1,0.8362
5,0,26,4,154,1,21.8206
5,0,26,5,155,1,
5,0,26,6,156,1,
5,0,27,1,157,1,13.774
5,0,27,2,158,1,19.9584
5,0,27,3,159,1,20.7429
5,0,27,4,160,1,16.7273
5,0,27,5,161,1,
5,0,27,6,162,1,
5,0,28,1,163,1,
5,0,28,2,164,1,15.4651
5,0,28,3,165,1,13.4496
5,0,28,4,166,1,41.234
5,0,28,5,167,1,
5,0,28,6,168,1,
6,0,1,1,1,0,12.4
6,0,1,2,2,0,21.3844
6,0,1,3,3,0,6.9689
6,0,1,4,4,0,3.3533
6,0,1,5,5,0,
6,0,1,6,6,0,
6,0,2,1,7,0,0.5067
6,0,2,2,8,0,
6,0,2,3,9,0,0.6756
6,0,2,4,10,0,2.46
6,0,2,5,11,0,
6,0,2,6,12,0,
6,0,3,1,13,0,10.0134
6,0,3,2,14,0,1.1978
6,0,3,3,15,0,1.3823
6,0,3,4,16,0,8.3667
6,0,3,5,17,0,
6,0,3,6,18,0,
6,0,4,1,19,0,1.7201
6,0,4,2,20,0,13.1045
6,0,4,3,21,0,0
6,0,4,4,22,0,10.0734
6,0,4,5,23,0,
6,0,4,6,24,0,
6,0,5,1,25,0,
6,0,5,2,26,0,2.0112
6,0,5,3,27,0,4.9957
6,0,5,4,28,0,3.1801
6,0,5,5,29,0,
6,0,5,6,30,0,
6,0,6,1,31,0,4.3335
6,0,6,2,32,0,5.9179
6,0,6,3,33,0,6.7024
6,0,6,4,34,0,0
6,0,6,5,35,0,
6,0,6,6,36,0,
6,0,7,1,37,0,2.4401
6,0,7,2,38,0,0
6,0,7,3,39,0,0
6,0,7,4,40,0,8.5935
6,0,7,5,41,0,
6,0,7,6,42,0,
6,0,8,1,43,0,0
6,0,8,2,44,0,0
6,0,8,3,45,0,8.1157
6,0,8,4,46,0,8.3002
6,0,8,5,47,0,
6,0,8,6,48,0,
6,0,9,1,49,1,5.4535
6,0,9,2,50,1,3.638
6,0,9,3,51,1,0
6,0,9,4,52,1,4.4069
6,0,9,5,53,1,
6,0,9,6,54,1,
6,0,10,1,55,1,10.5602
6,0,10,2,56,1,0
6,0,10,3,57,1,0.1291
6,0,10,4,58,1,0
6,0,10,5,59,1,
6,0,10,6,60,1,
6,0,11,1,61,1,0.2669
6,0,11,2,62,1,13.4514
6,0,11,3,63,1,43.8358
6,0,11,4,64,1,30.6203
6,0,11,5,65,1,
6,0,11,6,66,1,
6,0,12,1,67,1,34.1736
6,0,12,2,68,1,10.3581
6,0,12,3,69,1,24.3425
6,0,12,4,70,1,15.927
6,0,12,5,71,1,
6,0,12,6,72,1,
6,0,13,1,73,1,11.4803
6,0,13,2,74,1,
6,0,13,3,75,1,8.4492
6,0,13,4,76,1,8.0336
6,0,13,5,77,1,
6,0,13,6,78,1,
6,0,14,1,79,1,14.387
6,0,14,2,80,1,
6,0,14,3,81,1,1.3559
6,0,14,4,82,1,5.1403
6,0,14,5,83,1,
6,0,14,6,84,1,
6,0,15,1,85,1,12.2937
6,0,15,2,86,1,13.0781
6,0,15,3,87,1,20.8626
6,0,15,4,88,1,16.247
6,0,15,5,89,1,
6,0,15,6,90,1,
6,0,16,1,91,1,16.0004
6,0,16,2,92,1,7.1848
6,0,16,3,93,1,0.3693
6,0,16,4,94,1,0
6,0,16,5,95,1,
6,0,16,6,96,1,
6,0,17,1,97,1,9.1071
6,0,17,2,98,1,6.0915
6,0,17,3,99,1,7.276
6,0,17,4,100,1,1.2604
6,0,17,5,101,1,
6,0,17,6,102,1,
6,0,18,1,103,1,8.0138
6,0,18,2,104,1,16.9982
6,0,18,3,105,1,9.9826
6,0,18,4,106,1,4.1671
6,0,18,5,107,1,
6,0,18,6,108,1,
6,0,19,1,109,1,22.1204
6,0,19,2,110,1,0
6,0,19,3,111,1,2.6893
6,0,19,4,112,1,0
6,0,19,5,113,1,
6,0,19,6,114,1,
6,0,20,1,115,1,0.4271
6,0,20,2,116,1,0
6,0,20,3,117,1,
6,0,20,4,118,1,8.9805
6,0,20,5,119,1,
6,0,20,6,120,1,
6,0,21,1,121,1,19.1338
6,0,21,2,122,1,0.1183
6,0,21,3,123,1,0.1027
6,0,21,4,124,1,10.0872
6,0,21,5,125,1,
6,0,21,6,126,1,
6,0,22,1,127,1,25.4405
6,0,22,2,128,1,9.625
6,0,22,3,129,1,
6,0,22,4,130,1,3.9939
6,0,22,5,131,1,
6,0,22,6,132,1,
6,0,23,1,133,1,6.5472
6,0,23,2,134,1,11.5317
6,0,23,3,135,1,0
6,0,23,4,136,1,9.7006
6,0,23,5,137,1,
6,0,23,6,138,1,
6,0,24,1,139,1,38.0539
6,0,24,2,140,1,0
6,0,24,3,141,1,1.0228
6,0,24,4,142,1,9.4072
6,0,24,5,143,1,
6,0,24,6,144,1,
6,0,25,1,145,1,1.1606
6,0,25,2,146,1,
6,0,25,3,147,1,0
6,0,25,4,148,1,4.9139
6,0,25,5,149,1,
6,0,25,6,150,1,
6,0,26,1,151,1,3.6673
6,0,26,2,152,1,
6,0,26,3,153,1,0
6,0,26,4,154,1,0.0206
6,0,26,5,155,1,
6,0,26,6,156,1,
6,0,27,1,157,1,0
6,0,27,2,158,1,0
6,0,27,3,159,1,0
6,0,27,4,160,1,0
6,0,27,5,161,1,
6,0,27,6,162,1,
6,0,28,1,163,1,0
6,0,28,2,164,1,2.2651
6,0,28,3,165,1,6.4496
6,0,28,4,166,1,1.634
6,0,28,5,167,1,
6,0,28,6,168,1,
7,0,1,1,1,0,8.4
7,0,1,2,2,0,6.7844
7,0,1,3,3,0,0.5689
7,0,1,4,4,0,0.5533
7,0,1,5,5,0,
7,0,1,6,6,0,
7,0,2,1,7,0,0.7067
7,0,2,2,8,0,1.8911
7,0,2,3,9,0,4.6756
7,0,2,4,10,0,0
7,0,2,5,11,0,
7,0,2,6,12,0,
7,0,3,1,13,0,4.8134
7,0,3,2,14,0,0
7,0,3,3,15,0,0
7,0,3,4,16,0,0
7,0,3,5,17,0,
7,0,3,6,18,0,
7,0,4,1,19,0,0
7,0,4,2,20,0,0
7,0,4,3,21,0,0
7,0,4,4,22,0,0
7,0,4,5,23,0,
7,0,4,6,24,0,
7,0,5,1,25,0,5.4268
7,0,5,2,26,0,
7,0,5,3,27,0,0
7,0,5,4,28,0,0
7,0,5,5,29,0,
7,0,5,6,30,0,
7,0,6,1,31,0,0
7,0,6,2,32,0,0
7,0,6,3,33,0,0
7,0,6,4,34,0,0
7,0,6,5,35,0,
7,0,6,6,36,0,
7,0,7,1,37,0,0
7,0,7,2,38,0,2.2246
7,0,7,3,39,0,0
7,0,7,4,40,0,0
7,0,7,5,41,0,
7,0,7,6,42,0,
7,0,8,1,43,0,4.7468
7,0,8,2,44,0,22.9313
7,0,8,3,45,0,0
7,0,8,4,46,0,0
7,0,8,5,47,0,
7,0,8,6,48,0,
7,0,9,1,49,1,4.0535
7,0,9,2,50,1,0
7,0,9,3,51,1,0
7,0,9,4,52,1,7.4069
7,0,9,5,53,1,
7,0,9,6,54,1,
7,0,10,1,55,1,0
7,0,10,2,56,1,5.3447
7,0,10,3,57,1,3.3291
7,0,10,4,58,1,0
7,0,10,5,59,1,
7,0,10,6,60,1,
7,0,11,1,61,1,14.6669
7,0,11,2,62,1,
7,0,11,3,63,1,3.8358
7,0,11,4,64,1,15.6203
7,0,11,5,65,1,
7,0,11,6,66,1,
7,0,12,1,67,1,0
7,0,12,2,68,1,0
7,0,12,3,69,1,0
7,0,12,4,70,1,0
7,0,12,5,71,1,
7,0,12,6,72,1,
7,0,13,1,73,1,5.4803
7,0,13,2,74,1,0
7,0,13,3,75,1,0
7,0,13,4,76,1,0
7,0,13,5,77,1,
7,0,13,6,78,1,
7,0,14,1,79,1,0
7,0,14,2,80,1,1.3714
7,0,14,3,81,1,0
7,0,14,4,82,1,0
7,0,14,5,83,1,
7,0,14,6,84,1,
7,0,15,1,85,1,7.6937
7,0,15,2,86,1,21.6781
7,0,15,3,87,1,0
7,0,15,4,88,1,0
7,0,15,5,89,1,
7,0,15,6,90,1,
7,0,16,1,91,1,0
7,0,16,2,92,1,0
7,0,16,3,93,1,0
7,0,16,4,94,1,0
7,0,16,5,95,1,
7,0,16,6,96,1,
7,0,17,1,97,1,14.1071
7,0,17,2,98,1,5.0915
7,0,17,3,99,1,0
7,0,17,4,100,1,0
7,0,17,5,101,1,
7,0,17,6,102,1,
7,0,18,1,103,1,8.0138
7,0,18,2,104,1,4.3982
7,0,18,3,105,1,7.1826
7,0,18,4,106,1,12.7671
7,0,18,5,107,1,
7,0,18,6,108,1,
7,0,19,1,109,1,0
7,0,19,2,110,1,0
7,0,19,3,111,1,0
7,0,19,4,112,1,15.4738
7,0,19,5,113,1,
7,0,19,6,114,1,
7,0,20,1,115,1,17.0271
7,0,20,2,116,1,28.0116
7,0,20,3,117,1,1.596
7,0,20,4,118,1,9.9805
7,0,20,5,119,1,
7,0,20,6,120,1,
7,0,21,1,121,1,0
7,0,21,2,122,1,0
7,0,21,3,123,1,0
7,0,21,4,124,1,3.0872
7,0,21,5,125,1,
7,0,21,6,126,1,
7,0,22,1,127,1,5.0405
7,0,22,2,128,1,8.025
7,0,22,3,129,1,1.0094
7,0,22,4,130,1,0
7,0,22,5,131,1,
7,0,22,6,132,1,
7,0,23,1,133,1,0
7,0,23,2,134,1,0
7,0,23,3,135,1,0
7,0,23,4,136,1,11.5006
7,0,23,5,137,1,
7,0,23,6,138,1,
7,0,24,1,139,1,0
7,0,24,2,140,1,6.0383
7,0,24,3,141,1,4.4228
7,0,24,4,142,1,5.8072
7,0,24,5,143,1,
7,0,24,6,144,1,
7,0,25,1,145,1,0
7,0,25,2,146,1,0.145
7,0,25,3,147,1,0
7,0,25,4,148,1,3.5139
7,0,25,5,149,1,
7,0,25,6,150,1,
7,0,26,1,151,1,1.8673
7,0,26,2,152,1,0
7,0,26,3,153,1,0
7,0,26,4,154,1,0
7,0,26,5,155,1,
7,0,26,6,156,1,
7,0,27,1,157,1,1.974
7,0,27,2,158,1,0
7,0,27,3,159,1,3.1429
7,0,27,4,160,1,0
7,0,27,5,161,1,
7,0,27,6,162,1,
7,0,28,1,163,1,2.4807
7,0,28,2,164,1,2.4651
7,0,28,3,165,1,0
7,0,28,4,166,1,0
7,0,28,5,167,1,
7,0,28,6,168,1,
8,0,1,1,1,0,2
8,0,1,2,2,0,26.3844
8,0,1,3,3,0,8.3689
8,0,1,4,4,0,28.5533
8,0,1,5,5,0,
8,0,1,6,6,0,
8,0,2,1,7,0,0
8,0,2,2,8,0,2.4911
8,0,2,3,9,0,0
8,0,2,4,10,0,2.06
8,0,2,5,11,0,
8,0,2,6,12,0,
8,0,3,1,13,0,0
8,0,3,2,14,0,14.3978
8,0,3,3,15,0,0
8,0,3,4,16,0,16.3667
8,0,3,5,17,0,
8,0,3,6,18,0,
8,0,4,1,19,0,1.5201
8,0,4,2,20,0,3.7045
8,0,4,3,21,0,15.089
8,0,4,4,22,0,11.2734
8,0,4,5,23,0,
8,0,4,6,24,0,
8,0,5,1,25,0,0
8,0,5,2,26,0,8.2112
8,0,5,3,27,0,21.9957
8,0,5,4,28,0,34.7801
8,0,5,5,29,0,
8,0,5,6,30,0,
8,0,6,1,31,0,20.9335
8,0,6,2,32,0,46.7179
8,0,6,3,33,0,38.7024
8,0,6,4,34,0,19.0868
8,0,6,5,35,0,
8,0,6,6,36,0,
8,0,7,1,37,0,35.8401
8,0,7,2,38,0,50.8246
8,0,7,3,39,0,49.009
8,0,7,4,40,0,50.1935
8,0,7,5,41,0,
8,0,7,6,42,0,
8,0,8,1,43,0,59.9468
8,0,8,2,44,0,19.3313
8,0,8,3,45,0,12.1157
8,0,8,4,46,0,19.1002
8,0,8,5,47,0,
8,0,8,6,48,0,
8,0,9,1,49,1,
8,0,9,2,50,1,57.438
8,0,9,3,51,1,55.2224
8,0,9,4,52,1,15.4069
8,0,9,5,53,1,
8,0,9,6,54,1,
8,0,10,1,55,1,13.9602
8,0,10,2,56,1,4.7447
8,0,10,3,57,1,5.5291
8,0,10,4,58,1,31.5136
8,0,10,5,59,1,
8,0,10,6,60,1,
8,0,11,1,61,1,5.6669
8,0,11,2,62,1,7.8514
8,0,11,3,63,1,20.8358
8,0,11,4,64,1,10.0203
8,0,11,5,65,1,
8,0,11,6,66,1,
8,0,12,1,67,1,10.7736
8,0,12,2,68,1,11.7581
8,0,12,3,69,1,13.5425
8,0,12,4,70,1,24.527
8,0,12,5,71,1,
8,0,12,6,72,1,
8,0,13,1,73,1,20.2803
8,0,13,2,74,1,20.2647
8,0,13,3,75,1,13.6492
8,0,13,4,76,1,24.8336
8,0,13,5,77,1,
8,0,13,6,78,1,
8,0,14,1,79,1,6.987
8,0,14,2,80,1,15.7714
8,0,14,3,81,1,50.3559
8,0,14,4,82,1,40.1403
8,0,14,5,83,1,
8,0,14,6,84,1,
8,0,15,1,85,1,21.8937
8,0,15,2,86,1,28.0781
8,0,15,3,87,1,39.2626
8,0,15,4,88,1,23.047
8,0,15,5,89,1,
8,0,15,6,90,1,
8,0,16,1,91,1,7.0004
8,0,16,2,92,1,6.1848
8,0,16,3,93,1,20.1693
8,0,16,4,94,1,29.3537
8,0,16,5,95,1,
8,0,16,6,96,1,
8,0,17,1,97,1,6.7071
8,0,17,2,98,1,14.8915
8,0,17,3,99,1,
8,0,17,4,100,1,31.2604
8,0,17,5,101,1,
8,0,17,6,102,1,
8,0,18,1,103,1,2.4138
8,0,18,2,104,1,5.1982
8,0,18,3,105,1,
8,0,18,4,106,1,10.9671
8,0,18,5,107,1,
8,0,18,6,108,1,
8,0,19,1,109,1,4.3204
8,0,19,2,110,1,30.7049
8,0,19,3,111,1,13.0893
8,0,19,4,112,1,14.4738
8,0,19,5,113,1,
8,0,19,6,114,1,
8,0,20,1,115,1,10.6271
8,0,20,2,116,1,17.8116
8,0,20,3,117,1,9.396
8,0,20,4,118,1,0
8,0,20,5,119,1,
8,0,20,6,120,1,
8,0,21,1,121,1,3.1338
8,0,21,2,122,1,13.5183
8,0,21,3,123,1,6.9027
8,0,21,4,124,1,13.2872
8,0,21,5,125,1,
8,0,21,6,126,1,
8,0,22,1,127,1,13.4405
8,0,22,2,128,1,8.225
8,0,22,3,129,1,6.4094
8,0,22,4,130,1,4.3939
8,0,22,5,131,1,
8,0,22,6,132,1,
8,0,23,1,133,1,30.1472
8,0,23,2,134,1,15.5317
8,0,23,3,135,1,8.5161
8,0,23,4,136,1,8.3006
8,0,23,5,137,1,
8,0,23,6,138,1,
8,0,24,1,139,1,7.2539
8,0,24,2,140,1,18.0383
8,0,24,3,141,1,6.0228
8,0,24,4,142,1,26.8072
8,0,24,5,143,1,
8,0,24,6,144,1,
8,0,25,1,145,1,9.3606
8,0,25,2,146,1,14.345
8,0,25,3,147,1,20.5295
8,0,25,4,148,1,23.9139
8,0,25,5,149,1,
8,0,25,6,150,1,
8,0,26,1,151,1,9.8673
8,0,26,2,152,1,39.4517
8,0,26,3,153,1,16.2362
8,0,26,4,154,1,12.6206
8,0,26,5,155,1,
8,0,26,6,156,1,
8,0,27,1,157,1,
8,0,27,2,158,1,10.9584
8,0,27,3,159,1,34.3429
8,0,27,4,160,1,10.1273
8,0,27,5,161,1,
8,0,27,6,162,1,
8,0,28,1,163,1,41.2807
8,0,28,2,164,1,30.2651
8,0,28,3,165,1,13.4496
8,0,28,4,166,1,12.234
8,0,28,5,167,1,
8,0,28,6,168,1,
9,0,1,1,1,0,0
9,0,1,2,2,0,0
9,0,1,3,3,0,16.3689
9,0,1,4,4,0,0
9,0,1,5,5,0,
9,0,1,6,6,0,
9,0,2,1,7,0,0
9,0,2,2,8,0,8.6911
9,0,2,3,9,0,9.8756
9,0,2,4,10,0,2.26
9,0,2,5,11,0,
9,0,2,6,12,0,
9,0,3,1,13,0,0
9,0,3,2,14,0,0
9,0,3,3,15,0,0
9,0,3,4,16,0,0
9,0,3,5,17,0,
9,0,3,6,18,0,
9,0,4,1,19,0,0
9,0,4,2,20,0,0
9,0,4,3,21,0,0
9,0,4,4,22,0,16.8734
9,0,4,5,23,0,
9,0,4,6,24,0,
9,0,5,1,25,0,47.2268
9,0,5,2,26,0,44.4112
9,0,5,3,27,0,13.7957
9,0,5,4,28,0,15.3801
9,0,5,5,29,0,
9,0,5,6,30,0,
9,0,6,1,31,0,0
9,0,6,2,32,0,0
9,0,6,3,33,0,0
9,0,6,4,34,0,0
9,0,6,5,35,0,
9,0,6,6,36,0,
9,0,7,1,37,0,0
9,0,7,2,38,0,0
9,0,7,3,39,0,0
9,0,7,4,40,0,16.5935
9,0,7,5,41,0,
9,0,7,6,42,0,
9,0,8,1,43,0,0
9,0,8,2,44,0,0
9,0,8,3,45,0,0
9,0,8,4,46,0,0
9,0,8,5,47,0,
9,0,8,6,48,0,
9,0,9,1,49,1,27.2535
9,0,9,2,50,1,13.638
9,0,9,3,51,1,13.0224
9,0,9,4,52,1,5.6069
9,0,9,5,53,1,
9,0,9,6,54,1,
9,0,10,1,55,1,0
9,0,10,2,56,1,0
9,0,10,3,57,1,1.3291
9,0,10,4,58,1,0
9,0,10,5,59,1,
9,0,10,6,60,1,
9,0,11,1,61,1,0
9,0,11,2,62,1,0
9,0,11,3,63,1,0
9,0,11,4,64,1,0
9,0,11,5,65,1,
9,0,11,6,66,1,
9,0,12,1,67,1,0
9,0,12,2,68,1,0
9,0,12,3,69,1,0
9,0,12,4,70,1,0
9,0,12,5,71,1,
9,0,12,6,72,1,
9,0,13,1,73,1,16.2803
9,0,13,2,74,1,3.4647
9,0,13,3,75,1,0
9,0,13,4,76,1,0
9,0,13,5,77,1,
9,0,13,6,78,1,
9,0,14,1,79,1,27.787
9,0,14,2,80,1,24.9714
9,0,14,3,81,1,0
9,0,14,4,82,1,0
9,0,14,5,83,1,
9,0,14,6,84,1,
9,0,15,1,85,1,0
9,0,15,2,86,1,0
9,0,15,3,87,1,0
9,0,15,4,88,1,0
9,0,15,5,89,1,
9,0,15,6,90,1,
9,0,16,1,91,1,9.2004
9,0,16,2,92,1,0
9,0,16,3,93,1,5.1693
9,0,16,4,94,1,0
9,0,16,5,95,1,
9,0,16,6,96,1,
9,0,17,1,97,1,6.7071
9,0,17,2,98,1,0
9,0,17,3,99,1,0.676
9,0,17,4,100,1,0
9,0,17,5,101,1,
9,0,17,6,102,1,
9,0,18,1,103,1,0
9,0,18,2,104,1,0
9,0,18,3,105,1,0
9,0,18,4,106,1,0
9,0,18,5,107,1,
9,0,18,6,108,1,
9,0,19,1,109,1,4.1204
9,0,19,2,110,1,25.3049
9,0,19,3,111,1,2.4893
9,0,19,4,112,1,0
9,0,19,5,113,1,
9,0,19,6,114,1,
9,0,20,1,115,1,0
9,0,20,2,116,1,0
9,0,20,3,117,1,0
9,0,20,4,118,1,0
9,0,20,5,119,1,
9,0,20,6,120,1,
9,0,21,1,121,1,0
9,0,21,2,122,1,5.1183
9,0,21,3,123,1,0
9,0,21,4,124,1,8.2872
9,0,21,5,125,1,
9,0,21,6,126,1,
9,0,22,1,127,1,0
9,0,22,2,128,1,0
9,0,22,3,129,1,16.0094
9,0,22,4,130,1,0
9,0,22,5,131,1,
9,0,22,6,132,1,
9,0,23,1,133,1,42.7472
9,0,23,2,134,1,1.7317
9,0,23,3,135,1,3.3161
9,0,23,4,136,1,6.7006
9,0,23,5,137,1,
9,0,23,6,138,1,
9,0,24,1,139,1,10.8539
9,0,24,2,140,1,0
9,0,24,3,141,1,6.2228
9,0,24,4,142,1,3.6072
9,0,24,5,143,1,
9,0,24,6,144,1,
9,0,25,1,145,1,9.7606
9,0,25,2,146,1,0
9,0,25,3,147,1,18.5295
9,0,25,4,148,1,14.9139
9,0,25,5,149,1,
9,0,25,6,150,1,
9,0,26,1,151,1,13.0673
9,0,26,2,152,1,8.6517
9,0,26,3,153,1,4.8362
9,0,26,4,154,1,0
9,0,26,5,155,1,
9,0,26,6,156,1,
9,0,27,1,157,1,0
9,0,27,2,158,1,0
9,0,27,3,159,1,24.1429
9,0,27,4,160,1,3.1273
9,0,27,5,161,1,
9,0,27,6,162,1,
9,0,28,1,163,1,
9,0,28,2,164,1,0
9,0,28,3,165,1,0
9,0,28,4,166,1,0
9,0,28,5,167,1,
9,0,28,6,168,1,
10,0,1,1,1,0,22.8
10,0,1,2,2,0,18.1844
10,0,1,3,3,0,4.1689
10,0,1,4,4,0,30.9533
10,0,1,5,5,0,
10,0,1,6,6,0,
10,0,2,1,7,0,7.3067
10,0,2,2,8,0,12.0911
10,0,2,3,9,0,14.0756
10,0,2,4,10,0,16.66
10,0,2,5,11,0,
10,0,2,6,12,0,
10,0,3,1,13,0,22.0134
10,0,3,2,14,0,9.7978
10,0,3,3,15,0,13.5823
10,0,3,4,16,0,3.9667
10,0,3,5,17,0,
10,0,3,6,18,0,
10,0,4,1,19,0,14.9201
10,0,4,2,20,0,9.7045
10,0,4,3,21,0,5.489
10,0,4,4,22,0,9.0734
10,0,4,5,23,0,
10,0,4,6,24,0,
10,0,5,1,25,0,4.2268
10,0,5,2,26,0,6.0112
10,0,5,3,27,0,0
10,0,5,4,28,0,3.5801
10,0,5,5,29,0,
10,0,5,6,30,0,
10,0,6,1,31,0,13.7335
10,0,6,2,32,0,1.9179
10,0,6,3,33,0,13.3024
10,0,6,4,34,0,8.6868
10,0,6,5,35,0,
10,0,6,6,36,0,
10,0,7,1,37,0,10.8401
10,0,7,2,38,0,3.2246
10,0,7,3,39,0,8.409
10,0,7,4,40,0,8.5935
10,0,7,5,41,0,
10,0,7,6,42,0,
10,0,8,1,43,0,10.1468
10,0,8,2,44,0,11.7313
10,0,8,3,45,0,5.5157
10,0,8,4,46,0,6.5002
10,0,8,5,47,0,
10,0,8,6,48,0,
10,0,9,1,49,1,6.6535
10,0,9,2,50,1,5.838
10,0,9,3,51,1,9.6224
10,0,9,4,52,1,8.6069
10,0,9,5,53,1,
10,0,9,6,54,1,
10,0,10,1,55,1,3.9602
10,0,10,2,56,1,10.5447
10,0,10,3,57,1,5.5291
10,0,10,4,58,1,12.5136
10,0,10,5,59,1,
10,0,10,6,60,1,
10,0,11,1,61,1,8.2669
10,0,11,2,62,1,5.8514
10,0,11,3,63,1,7.0358
10,0,11,4,64,1,12.4203
10,0,11,5,65,1,
10,0,11,6,66,1,
10,0,12,1,67,1,7.7736
10,0,12,2,68,1,4.7581
10,0,12,3,69,1,4.9425
10,0,12,4,70,1,5.327
10,0,12,5,71,1,
10,0,12,6,72,1,
10,0,13,1,73,1,0.8803
10,0,13,2,74,1,2.4647
10,0,13,3,75,1,
10,0,13,4,76,1,10.4336
10,0,13,5,77,1,
10,0,13,6,78,1,
10,0,14,1,79,1,7.987
10,0,14,2,80,1,9.9714
10,0,14,3,81,1,4.9559
10,0,14,4,82,1,7.3403
10,0,14,5,83,1,
10,0,14,6,84,1,
10,0,15,1,85,1,5.8937
10,0,15,2,86,1,20.0781
10,0,15,3,87,1,8.4626
10,0,15,4,88,1,12.247
10,0,15,5,89,1,
10,0,15,6,90,1,
10,0,16,1,91,1,10.4004
10,0,16,2,92,1,23.9848
10,0,16,3,93,1,14.1693
10,0,16,4,94,1,16.1537
10,0,16,5,95,1,
10,0,16,6,96,1,
10,0,17,1,97,1,8.5071
10,0,17,2,98,1,5.4915
10,0,17,3,99,1,13.676
10,0,17,4,100,1,10.6604
10,0,17,5,101,1,
10,0,17,6,102,1,
10,0,18,1,103,1,13.0138
10,0,18,2,104,1,8.3982
10,0,18,3,105,1,5.5826
10,0,18,4,106,1,5.3671
10,0,18,5,107,1,
10,0,18,6,108,1,
10,0,19,1,109,1,7.1204
10,0,19,2,110,1,8.3049
10,0,19,3,111,1,10.4893
10,0,19,4,112,1,7.0738
10,0,19,5,113,1,
10,0,19,6,114,1,
10,0,20,1,115,1,12.2271
10,0,20,2,116,1,8.8116
10,0,20,3,117,1,3.596
10,0,20,4,118,1,
10,0,20,5,119,1,
10,0,20,6,120,1,
10,0,21,1,121,1,6.3338
10,0,21,2,122,1,9.1183
10,0,21,3,123,1,10.1027
10,0,21,4,124,1,5.4872
10,0,21,5,125,1,
10,0,21,6,126,1,
10,0,22,1,127,1,20.6405
10,0,22,2,128,1,3.825
10,0,22,3,129,1,6.4094
10,0,22,4,130,1,6.3939
10,0,22,5,131,1,
10,0,22,6,132,1,
10,0,23,1,133,1,10.5472
10,0,23,2,134,1,4.9317
10,0,23,3,135,1,6.1161
10,0,23,4,136,1,4.3006
10,0,23,5,137,1,
10,0,23,6,138,1,
10,0,24,1,139,1,
10,0,24,2,140,1,4.2383
10,0,24,3,141,1,4.6228
10,0,24,4,142,1,3.4072
10,0,24,5,143,1,
10,0,24,6,144,1,
10,0,25,1,145,1,5.5606
10,0,25,2,146,1,3.945
10,0,25,3,147,1,5.9295
10,0,25,4,148,1,4.5139
10,0,25,5,149,1,
10,0,25,6,150,1,
10,0,26,1,151,1,7.4673
10,0,26,2,152,1,3.6517
10,0,26,3,153,1,3.6362
10,0,26,4,154,1,4.6206
10,0,26,5,155,1,
10,0,26,6,156,1,
10,0,27,1,157,1,9.574
10,0,27,2,158,1,3.3584
10,0,27,3,159,1,8.3429
10,0,27,4,160,1,5.3273
10,0,27,5,161,1,
10,0,27,6,162,1,
10,0,28,1,163,1,4.8807
10,0,28,2,164,1,5.4651
10,0,28,3,165,1,7.8496
10,0,28,4,166,1,7.034
10,0,28,5,167,1,
10,0,28,6,168,1,
11,0,1,1,1,0,20
11,0,1,2,2,0,11.5844
11,0,1,3,3,0,9.7689
11,0,1,4,4,0,11.9533
11,0,1,5,5,0,
11,0,1,6,6,0,
11,0,2,1,7,0,12.9067
11,0,2,2,8,0,10.2911
11,0,2,3,9,0,18.6756
11,0,2,4,10,0,9.46
11,0,2,5,11,0,
11,0,2,6,12,0,
11,0,3,1,13,0,21.8134
11,0,3,2,14,0,8.9978
11,0,3,3,15,0,16.7823
11,0,3,4,16,0,12.1667
11,0,3,5,17,0,
11,0,3,6,18,0,
11,0,4,1,19,0,6.3201
11,0,4,2,20,0,12.3045
11,0,4,3,21,0,17.289
11,0,4,4,22,0,29.8734
11,0,4,5,23,0,
11,0,4,6,24,0,
11,0,5,1,25,0,22.0268
11,0,5,2,26,0,22.2112
11,0,5,3,27,0,11.5957
11,0,5,4,28,0,21.5801
11,0,5,5,29,0,
11,0,5,6,30,0,
11,0,6,1,31,0,15.3335
11,0,6,2,32,0,16.3179
11,0,6,3,33,0,15.7024
11,0,6,4,34,0,19.0868
11,0,6,5,35,0,
11,0,6,6,36,0,
11,0,7,1,37,0,15.0401
11,0,7,2,38,0,14.8246
11,0,7,3,39,0,25.209
11,0,7,4,40,0,13.5935
11,0,7,5,41,0,
11,0,7,6,42,0,
11,0,8,1,43,0,
11,0,8,2,44,0,18.9313
11,0,8,3,45,0,11.1157
11,0,8,4,46,0,9.9002
11,0,8,5,47,0,
11,0,8,6,48,0,
11,0,9,1,49,1,15.8535
11,0,9,2,50,1,14.238
11,0,9,3,51,1,12.2224
11,0,9,4,52,1,17.6069
11,0,9,5,53,1,
11,0,9,6,54,1,
11,0,10,1,55,1,15.7602
11,0,10,2,56,1,15.9447
11,0,10,3,57,1,11.7291
11,0,10,4,58,1,18.5136
11,0,10,5,59,1,
11,0,10,6,60,1,
11,0,11,1,61,1,17.0669
11,0,11,2,62,1,20.4514
11,0,11,3,63,1,20.0358
11,0,11,4,64,1,20.0203
11,0,11,5,65,1,
11,0,11,6,66,1,
11,0,12,1,67,1,23.7736
11,0,12,2,68,1,17.9581
11,0,12,3,69,1,19.9425
11,0,12,4,70,1,23.327
11,0,12,5,71,1,
11,0,12,6,72,1,
11,0,13,1,73,1,43.8803
11,0,13,2,74,1,30.6647
11,0,13,3,75,1,22.0492
11,0,13,4,76,1,32.2336
11,0,13,5,77,1,
11,0,13,6,78,1,
11,0,14,1,79,1,17.587
11,0,14,2,80,1,23.5714
11,0,14,3,81,1,17.9559
11,0,14,4,82,1,45.3403
11,0,14,5,83,1,
11,0,14,6,84,1,
11,0,15,1,85,1,30.6937
11,0,15,2,86,1,23.4781
11,0,15,3,87,1,28.2626
11,0,15,4,88,1,30.047
11,0,15,5,89,1,
11,0,15,6,90,1,
11,0,16,1,91,1,24.4004
11,0,16,2,92,1,24.3848
11,0,16,3,93,1,29.3693
11,0,16,4,94,1,25.9537
11,0,16,5,95,1,
11,0,16,6,96,1,
11,0,17,1,97,1,22.1071
11,0,17,2,98,1,25.8915
11,0,17,3,99,1,26.276
11,0,17,4,100,1,25.6604
11,0,17,5,101,1,
11,0,17,6,102,1,
11,0,18,1,103,1,23.8138
11,0,18,2,104,1,25.3982
11,0,18,3,105,1,26.3826
11,0,18,4,106,1,28.1671
11,0,18,5,107,1,
11,0,18,6,108,1,
11,0,19,1,109,1,41.3204
11,0,19,2,110,1,24.9049
11,0,19,3,111,1,23.2893
11,0,19,4,112,1,27.6738
11,0,19,5,113,1,
11,0,19,6,114,1,
11,0,20,1,115,1,10.6271
11,0,20,2,116,1,17.8116
11,0,20,3,117,1,20.396
11,0,20,4,118,1,30.5805
11,0,20,5,119,1,
11,0,20,6,120,1,
11,0,21,1,121,1,29.9338
11,0,21,2,122,1,28.9183
11,0,21,3,123,1,35.1027
11,0,21,4,124,1,33.6872
11,0,21,5,125,1,
11,0,21,6,126,1,
11,0,22,1,127,1,26.6405
11,0,22,2,128,1,27.225
11,0,22,3,129,1,26.8094
11,0,22,4,130,1,23.5939
11,0,22,5,131,1,
11,0,22,6,132,1,
11,0,23,1,133,1,26.3472
11,0,23,2,134,1,26.1317
11,0,23,3,135,1,30.1161
11,0,23,4,136,1,23.7006
11,0,23,5,137,1,
11,0,23,6,138,1,
11,0,24,1,139,1,27.4539
11,0,24,2,140,1,25.4383
11,0,24,3,141,1,25.6228
11,0,24,4,142,1,24.0072
11,0,24,5,143,1,
11,0,24,6,144,1,
11,0,25,1,145,1,21.5606
11,0,25,2,146,1,23.945
11,0,25,3,147,1,23.5295
11,0,25,4,148,1,25.1139
11,0,25,5,149,1,
11,0,25,6,150,1,
11,0,26,1,151,1,27.0673
11,0,26,2,152,1,25.0517
11,0,26,3,153,1,24.8362
11,0,26,4,154,1,
11,0,26,5,155,1,
11,0,26,6,156,1,
11,0,27,1,157,1,18.974
11,0,27,2,158,1,20.7584
11,0,27,3,159,1,24.9429
11,0,27,4,160,1,22.3273
11,0,27,5,161,1,
11,0,27,6,162,1,
11,0,28,1,163,1,57.4807
11,0,28,2,164,1,35.4651
11,0,28,3,165,1,26.0496
11,0,28,4,166,1,20.834
11,0,28,5,167,1,
11,0,28,6,168,1,
12,0,1,1,1,0,9.6
12,0,1,2,2,0,30.9844
12,0,1,3,3,0,22.5689
12,0,1,4,4,0,22.7533
12,0,1,5,5,0,
12,0,1,6,6,0,
12,0,2,1,7,0,26.3067
12,0,2,2,8,0,41.6911
12,0,2,3,9,0,18.4756
12,0,2,4,10,0,35.06
12,0,2,5,11,0,
12,0,2,6,12,0,
12,0,3,1,13,0,37.6134
12,0,3,2,14,0,30.9978
12,0,3,3,15,0,11.5823
12,0,3,4,16,0,20.1667
12,0,3,5,17,0,
12,0,3,6,18,0,
12,0,4,1,19,0,29.9201
12,0,4,2,20,0,25.5045
12,0,4,3,21,0,35.889
12,0,4,4,22,0,31.2734
12,0,4,5,23,0,
12,0,4,6,24,0,
12,0,5,1,25,0,21.6268
12,0,5,2,26,0,29.6112
12,0,5,3,27,0,13.1957
12,0,5,4,28,0,39.9801
12,0,5,5,29,0,
12,0,5,6,30,0,
12,0,6,1,31,0,10.5335
12,0,6,2,32,0,21.5179
12,0,6,3,33,0,10.7024
12,0,6,4,34,0,25.2868
12,0,6,5,35,0,
12,0,6,6,36,0,
12,0,7,1,37,0,10.6401
12,0,7,2,38,0,27.4246
12,0,7,3,39,0,22.409
12,0,7,4,40,0,21.5935
12,0,7,5,41,0,
12,0,7,6,42,0,
12,0,8,1,43,0,
12,0,8,2,44,0,26.9313
12,0,8,3,45,0,24.3157
12,0,8,4,46,0,27.1002
12,0,8,5,47,0,
12,0,8,6,48,0,
12,0,9,1,49,1,
12,0,9,2,50,1,21.038
12,0,9,3,51,1,16.4224
12,0,9,4,52,1,25.6069
12,0,9,5,53,1,
12,0,9,6,54,1,
12,0,10,1,55,1,29.3602
12,0,10,2,56,1,16.5447
12,0,10,3,57,1,15.7291
12,0,10,4,58,1,33.5136
12,0,10,5,59,1,
12,0,10,6,60,1,
12,0,11,1,61,1,29.8669
12,0,11,2,62,1,22.2514
12,0,11,3,63,1,18.8358
12,0,11,4,64,1,20.4203
12,0,11,5,65,1,
12,0,11,6,66,1,
12,0,12,1,67,1,14.5736
12,0,12,2,68,1,15.9581
12,0,12,3,69,1,23.3425
12,0,12,4,70,1,21.927
12,0,12,5,71,1,
12,0,12,6,72,1,
12,0,13,1,73,1,14.0803
12,0,13,2,74,1,17.0647
12,0,13,3,75,1,30.4492
12,0,13,4,76,1,22.4336
12,0,13,5,77,1,
12,0,13,6,78,1,
12,0,14,1,79,1,8.587
12,0,14,2,80,1,16.3714
12,0,14,3,81,1,18.9559
12,0,14,4,82,1,14.1403
12,0,14,5,83,1,
12,0,14,6,84,1,
12,0,15,1,85,1,18.2937
12,0,15,2,86,1,35.4781
12,0,15,3,87,1,19.8626
12,0,15,4,88,1,37.247
12,0,15,5,89,1,
12,0,15,6,90,1,
12,0,16,1,91,1,4.0004
12,0,16,2,92,1,37.5848
12,0,16,3,93,1,14.5693
12,0,16,4,94,1,40.7537
12,0,16,5,95,1,
12,0,16,6,96,1,
12,0,17,1,97,1,51.1071
12,0,17,2,98,1,44.6915
12,0,17,3,99,1,38.676
12,0,17,4,100,1,45.6604
12,0,17,5,101,1,
12,0,17,6,102,1,
12,0,18,1,103,1,68.4138
12,0,18,2,104,1,53.3982
12,0,18,3,105,1,82.1826
12,0,18,4,106,1,63.3671
12,0,18,5,107,1,
12,0,18,6,108,1,
12,0,19,1,109,1,20.5204
12,0,19,2,110,1,65.1049
12,0,19,3,111,1,2.4893
12,0,19,4,112,1,41.6738
12,0,19,5,113,1,
12,0,19,6,114,1,
12,0,20,1,115,1,21.8271
12,0,20,2,116,1,
12,0,20,3,117,1,20.796
12,0,20,4,118,1,44.9805
12,0,20,5,119,1,
12,0,20,6,120,1,
12,0,21,1,121,1,58.3338
12,0,21,2,122,1,63.3183
12,0,21,3,123,1,68.9027
12,0,21,4,124,1,64.8872
12,0,21,5,125,1,
12,0,21,6,126,1,
12,0,22,1,127,1,7.0405
12,0,22,2,128,1,66.225
12,0,22,3,129,1,60.4094
12,0,22,4,130,1,69.1939
12,0,22,5,131,1,
12,0,22,6,132,1,
12,0,23,1,133,1,46.5472
12,0,23,2,134,1,54.7317
12,0,23,3,135,1,47.1161
12,0,23,4,136,1,11.3006
12,0,23,5,137,1,
12,0,23,6,138,1,
12,0,24,1,139,1,52.6539
12,0,24,2,140,1,64.2383
12,0,24,3,141,1,75.0228
12,0,24,4,142,1,53.6072
12,0,24,5,143,1,
12,0,24,6,144,1,
12,0,25,1,145,1,53.9606
12,0,25,2,146,1,56.945
12,0,25,3,147,1,42.7295
12,0,25,4,148,1,39.9139
12,0,25,5,149,1,
12,0,25,6,150,1,
12,0,26,1,151,1,58.2673
12,0,26,2,152,1,64.8517
12,0,26,3,153,1,62.8362
12,0,26,4,154,1,65.0206
12,0,26,5,155,1,
12,0,26,6,156,1,
12,0,27,1,157,1,44.374
12,0,27,2,158,1,54.7584
12,0,27,3,159,1,44.1429
12,0,27,4,160,1,42.3273
12,0,27,5,161,1,
12,0,27,6,162,1,
12,0,28,1,163,1,56.0807
12,0,28,2,164,1,43.4651
12,0,28,3,165,1,56.0496
12,0,28,4,166,1,47.234
12,0,28,5,167,1,
12,0,28,6,168,1,
13,0,1,1,1,0,0
13,0,1,2,2,0,24.3844
13,0,1,3,3,0,0
13,0,1,4,4,0,0
13,0,1,5,5,0,
13,0,1,6,6,0,
13,0,2,1,7,0,8.5067
13,0,2,2,8,0,14.4911
13,0,2,3,9,0,22.2756
13,0,2,4,10,0,14.26
13,0,2,5,11,0,
13,0,2,6,12,0,
13,0,3,1,13,0,8.0134
13,0,3,2,14,0,0
13,0,3,3,15,0,0
13,0,3,4,16,0,9.7667
13,0,3,5,17,0,
13,0,3,6,18,0,
13,0,4,1,19,0,0
13,0,4,2,20,0,9.1045
13,0,4,3,21,0,3.889
13,0,4,4,22,0,0
13,0,4,5,23,0,
13,0,4,6,24,0,
13,0,5,1,25,0,0
13,0,5,2,26,0,0
13,0,5,3,27,0,0
13,0,5,4,28,0,0
13,0,5,5,29,0,
13,0,5,6,30,0,
13,0,6,1,31,0,0
13,0,6,2,32,0,0
13,0,6,3,33,0,0
13,0,6,4,34,0,0
13,0,6,5,35,0,
13,0,6,6,36,0,
13,0,7,1,37,0,0
13,0,7,2,38,0,0
13,0,7,3,39,0,0
13,0,7,4,40,0,0
13,0,7,5,41,0,
13,0,7,6,42,0,
13,0,8,1,43,0,3.7468
13,0,8,2,44,0,4.1313
13,0,8,3,45,0,0
13,0,8,4,46,0,6.7002
13,0,8,5,47,0,
13,0,8,6,48,0,
13,0,9,1,49,1,0
13,0,9,2,50,1,0
13,0,9,3,51,1,0
13,0,9,4,52,1,0
13,0,9,5,53,1,
13,0,9,6,54,1,
13,0,10,1,55,1,7.3602
13,0,10,2,56,1,5.3447
13,0,10,3,57,1,
13,0,10,4,58,1,0
13,0,10,5,59,1,
13,0,10,6,60,1,
13,0,11,1,61,1,0
13,0,11,2,62,1,0.2514
13,0,11,3,63,1,0
13,0,11,4,64,1,0
13,0,11,5,65,1,
13,0,11,6,66,1,
13,0,12,1,67,1,0
13,0,12,2,68,1,1.1581
13,0,12,3,69,1,0
13,0,12,4,70,1,0
13,0,12,5,71,1,
13,0,12,6,72,1,
13,0,13,1,73,1,0
13,0,13,2,74,1,8.4647
13,0,13,3,75,1,0
13,0,13,4,76,1,0
13,0,13,5,77,1,
13,0,13,6,78,1,
13,0,14,1,79,1,0
13,0,14,2,80,1,
13,0,14,3,81,1,0
13,0,14,4,82,1,0
13,0,14,5,83,1,
13,0,14,6,84,1,
13,0,15,1,85,1,7.2937
13,0,15,2,86,1,0
13,0,15,3,87,1,
13,0,15,4,88,1,0
13,0,15,5,89,1,
13,0,15,6,90,1,
13,0,16,1,91,1,13.2004
13,0,16,2,92,1,12.3848
13,0,16,3,93,1,0
13,0,16,4,94,1,0
13,0,16,5,95,1,
13,0,16,6,96,1,
13,0,17,1,97,1,0
13,0,17,2,98,1,0
13,0,17,3,99,1,0
13,0,17,4,100,1,0
13,0,17,5,101,1,
13,0,17,6,102,1,
13,0,18,1,103,1,16.4138
13,0,18,2,104,1,6.3982
13,0,18,3,105,1,
13,0,18,4,106,1,3.7671
13,0,18,5,107,1,
13,0,18,6,108,1,
13,0,19,1,109,1,1.7204
13,0,19,2,110,1,0
13,0,19,3,111,1,0
13,0,19,4,112,1,0
13,0,19,5,113,1,
13,0,19,6,114,1,
13,0,20,1,115,1,0
13,0,20,2,116,1,0
13,0,20,3,117,1,0
13,0,20,4,118,1,0
13,0,20,5,119,1,
13,0,20,6,120,1,
13,0,21,1,121,1,0
13,0,21,2,122,1,0
13,0,21,3,123,1,0
13,0,21,4,124,1,0
13,0,21,5,125,1,
13,0,21,6,126,1,
13,0,22,1,127,1,4.8405
13,0,22,2,128,1,4.825
13,0,22,3,129,1,
13,0,22,4,130,1,1.1939
13,0,22,5,131,1,
13,0,22,6,132,1,
13,0,23,1,133,1,10.7472
13,0,23,2,134,1,17.7317
13,0,23,3,135,1,21.7161
13,0,23,4,136,1,0
13,0,23,5,137,1,
13,0,23,6,138,1,
13,0,24,1,139,1,0
13,0,24,2,140,1,0
13,0,24,3,141,1,0.8228
13,0,24,4,142,1,6.8072
13,0,24,5,143,1,
13,0,24,6,144,1,
13,0,25,1,145,1,9.9606
13,0,25,2,146,1,0
13,0,25,3,147,1,0
13,0,25,4,148,1,0
13,0,25,5,149,1,
13,0,25,6,150,1,
13,0,26,1,151,1,0
13,0,26,2,152,1,0
13,0,26,3,153,1,0
13,0,26,4,154,1,0
13,0,26,5,155,1,
13,0,26,6,156,1,
13,0,27,1,157,1,1.574
13,0,27,2,158,1,0
13,0,27,3,159,1,0
13,0,27,4,160,1,9.5273
13,0,27,5,161,1,
13,0,27,6,162,1,
13,0,28,1,163,1,0
13,0,28,2,164,1,0
13,0,28,3,165,1,0
13,0,28,4,166,1,0
13,0,28,5,167,1,
13,0,28,6,168,1,
14,0,1,1,1,0,14.2
14,0,1,2,2,0,25.9844
14,0,1,3,3,0,0
14,0,1,4,4,0,5.9533
14,0,1,5,5,0,
14,0,1,6,6,0,
14,0,2,1,7,0,1.9067
14,0,2,2,8,0,0
14,0,2,3,9,0,33.8756
14,0,2,4,10,0,0
14,0,2,5,11,0,
14,0,2,6,12,0,
14,0,3,1,13,0,0
14,0,3,2,14,0,0
14,0,3,3,15,0,0
14,0,3,4,16,0,0
14,0,3,5,17,0,
14,0,3,6,18,0,
14,0,4,1,19,0,15.7201
14,0,4,2,20,0,0
14,0,4,3,21,0,0
14,0,4,4,22,0,0
14,0,4,5,23,0,
14,0,4,6,24,0,
14,0,5,1,25,0,0
14,0,5,2,26,0,0
14,0,5,3,27,0,0
14,0,5,4,28,0,0
14,0,5,5,29,0,
14,0,5,6,30,0,
14,0,6,1,31,0,0
14,0,6,2,32,0,0
14,0,6,3,33,0,0
14,0,6,4,34,0,0
14,0,6,5,35,0,
14,0,6,6,36,0,
14,0,7,1,37,0,0.4401
14,0,7,2,38,0,0
14,0,7,3,39,0,0
14,0,7,4,40,0,0
14,0,7,5,41,0,
14,0,7,6,42,0,
14,0,8,1,43,0,0
14,0,8,2,44,0,1.3313
14,0,8,3,45,0,0
14,0,8,4,46,0,0
14,0,8,5,47,0,
14,0,8,6,48,0,
14,0,9,1,49,1,0
14,0,9,2,50,1,0
14,0,9,3,51,1,0
14,0,9,4,52,1,0
14,0,9,5,53,1,
14,0,9,6,54,1,
14,0,10,1,55,1,0
14,0,10,2,56,1,0
14,0,10,3,57,1,0
14,0,10,4,58,1,0
14,0,10,5,59,1,
14,0,10,6,60,1,
14,0,11,1,61,1,0
14,0,11,2,62,1,0
14,0,11,3,63,1,0
14,0,11,4,64,1,0
14,0,11,5,65,1,
14,0,11,6,66,1,
14,0,12,1,67,1,0
14,0,12,2,68,1,0
14,0,12,3,69,1,0
14,0,12,4,70,1,0
14,0,12,5,71,1,
14,0,12,6,72,1,
14,0,13,1,73,1,
14,0,13,2,74,1,0
14,0,13,3,75,1,0
14,0,13,4,76,1,57.8336
14,0,13,5,77,1,
14,0,13,6,78,1,
14,0,14,1,79,1,3.787
14,0,14,2,80,1,
14,0,14,3,81,1,0
14,0,14,4,82,1,0
14,0,14,5,83,1,
14,0,14,6,84,1,
14,0,15,1,85,1,7.6937
14,0,15,2,86,1,0
14,0,15,3,87,1,1.2626
14,0,15,4,88,1,0
14,0,15,5,89,1,
14,0,15,6,90,1,
14,0,16,1,91,1,0
14,0,16,2,92,1,0
14,0,16,3,93,1,47.5693
14,0,16,4,94,1,0.5537
14,0,16,5,95,1,
14,0,16,6,96,1,
14,0,17,1,97,1,0
14,0,17,2,98,1,0
14,0,17,3,99,1,0
14,0,17,4,100,1,0
14,0,17,5,101,1,
14,0,17,6,102,1,
14,0,18,1,103,1,0
14,0,18,2,104,1,0
14,0,18,3,105,1,0
14,0,18,4,106,1,0
14,0,18,5,107,1,
14,0,18,6,108,1,
14,0,19,1,109,1,0
14,0,19,2,110,1,0
14,0,19,3,111,1,0
14,0,19,4,112,1,0
14,0,19,5,113,1,
14,0,19,6,114,1,
14,0,20,1,115,1,0
14,0,20,2,116,1,0
14,0,20,3,117,1,0
14,0,20,4,118,1,0
14,0,20,5,119,1,
14,0,20,6,120,1,
14,0,21,1,121,1,0
14,0,21,2,122,1,0
14,0,21,3,123,1,0
14,0,21,4,124,1,0
14,0,21,5,125,1,
14,0,21,6,126,1,
14,0,22,1,127,1,0
14,0,22,2,128,1,0
14,0,22,3,129,1,0
14,0,22,4,130,1,0
14,0,22,5,131,1,
14,0,22,6,132,1,
14,0,23,1,133,1,0
14,0,23,2,134,1,0
14,0,23,3,135,1,0
14,0,23,4,136,1,0
14,0,23,5,137,1,
14,0,23,6,138,1,
14,0,24,1,139,1,0
14,0,24,2,140,1,0
14,0,24,3,141,1,0
14,0,24,4,142,1,0
14,0,24,5,143,1,
14,0,24,6,144,1,
14,0,25,1,145,1,0
14,0,25,2,146,1,0
14,0,25,3,147,1,0
14,0,25,4,148,1,0
14,0,25,5,149,1,
14,0,25,6,150,1,
14,0,26,1,151,1,0
14,0,26,2,152,1,0
14,0,26,3,153,1,0
14,0,26,4,154,1,0
14,0,26,5,155,1,
14,0,26,6,156,1,
14,0,27,1,157,1,0
14,0,27,2,158,1,0
14,0,27,3,159,1,0
14,0,27,4,160,1,0
14,0,27,5,161,1,
14,0,27,6,162,1,
14,0,28,1,163,1,0
14,0,28,2,164,1,0
14,0,28,3,165,1,0
14,0,28,4,166,1,0
14,0,28,5,167,1,
14,0,28,6,168,1,
15,0,1,1,1,0,26.2
15,0,1,2,2,0,23.7844
15,0,1,3,3,0,37.9689
15,0,1,4,4,0,
15,0,1,5,5,0,
15,0,1,6,6,0,
15,0,2,1,7,0,13.9067
15,0,2,2,8,0,18.2911
15,0,2,3,9,0,
15,0,2,4,10,0,27.26
15,0,2,5,11,0,
15,0,2,6,12,0,
15,0,3,1,13,0,18.4134
15,0,3,2,14,0,19.1978
15,0,3,3,15,0,23.7823
15,0,3,4,16,0,16.7667
15,0,3,5,17,0,
15,0,3,6,18,0,
15,0,4,1,19,0,21.9201
15,0,4,2,20,0,17.9045
15,0,4,3,21,0,17.489
15,0,4,4,22,0,11.2734
15,0,4,5,23,0,
15,0,4,6,24,0,
15,0,5,1,25,0,10.0268
15,0,5,2,26,0,7.2112
15,0,5,3,27,0,9.7957
15,0,5,4,28,0,8.1801
15,0,5,5,29,0,
15,0,5,6,30,0,
15,0,6,1,31,0,5.3335
15,0,6,2,32,0,25.7179
15,0,6,3,33,0,11.3024
15,0,6,4,34,0,10.6868
15,0,6,5,35,0,
15,0,6,6,36,0,
15,0,7,1,37,0,15.0401
15,0,7,2,38,0,11.8246
15,0,7,3,39,0,17.609
15,0,7,4,40,0,13.3935
15,0,7,5,41,0,
15,0,7,6,42,0,
15,0,8,1,43,0,8.5468
15,0,8,2,44,0,11.5313
15,0,8,3,45,0,12.7157
15,0,8,4,46,0,9.1002
15,0,8,5,47,0,
15,0,8,6,48,0,
15,0,9,1,49,1,12.2535
15,0,9,2,50,1,4.038
15,0,9,3,51,1,8.0224
15,0,9,4,52,1,8.2069
15,0,9,5,53,1,
15,0,9,6,54,1,
15,0,10,1,55,1,14.3602
15,0,10,2,56,1,6.3447
15,0,10,3,57,1,9.7291
15,0,10,4,58,1,7.9136
15,0,10,5,59,1,
15,0,10,6,60,1,
15,0,11,1,61,1,5.8669
15,0,11,2,62,1,9.8514
15,0,11,3,63,1,10.6358
15,0,11,4,64,1,13.4203
15,0,11,5,65,1,
15,0,11,6,66,1,
15,0,12,1,67,1,20.9736
15,0,12,2,68,1,20.5581
15,0,12,3,69,1,15.3425
15,0,12,4,70,1,39.127
15,0,12,5,71,1,
15,0,12,6,72,1,
15,0,13,1,73,1,19.6803
15,0,13,2,74,1,12.4647
15,0,13,3,75,1,14.2492
15,0,13,4,76,1,17.0336
15,0,13,5,77,1,
15,0,13,6,78,1,
15,0,14,1,79,1,29.787
15,0,14,2,80,1,21.1714
15,0,14,3,81,1,27.9559
15,0,14,4,82,1,23.3403
15,0,14,5,83,1,
15,0,14,6,84,1,
15,0,15,1,85,1,28.0937
15,0,15,2,86,1,19.8781
15,0,15,3,87,1,20.2626
15,0,15,4,88,1,19.647
15,0,15,5,89,1,
15,0,15,6,90,1,
15,0,16,1,91,1,27.6004
15,0,16,2,92,1,24.9848
15,0,16,3,93,1,27.1693
15,0,16,4,94,1,26.5537
15,0,16,5,95,1,
15,0,16,6,96,1,
15,0,17,1,97,1,20.7071
15,0,17,2,98,1,15.8915
15,0,17,3,99,1,24.876
15,0,17,4,100,1,21.4604
15,0,17,5,101,1,
15,0,17,6,102,1,
15,0,18,1,103,1,19.2138
15,0,18,2,104,1,17.5982
15,0,18,3,105,1,17.1826
15,0,18,4,106,1,22.7671
15,0,18,5,107,1,
15,0,18,6,108,1,
15,0,19,1,109,1,32.5204
15,0,19,2,110,1,28.1049
15,0,19,3,111,1,30.2893
15,0,19,4,112,1,21.2738
15,0,19,5,113,1,
15,0,19,6,114,1,
15,0,20,1,115,1,24.0271
15,0,20,2,116,1,23.6116
15,0,20,3,117,1,18.996
15,0,20,4,118,1,20.9805
15,0,20,5,119,1,
15,0,20,6,120,1,
15,0,21,1,121,1,14.1338
15,0,21,2,122,1,22.3183
15,0,21,3,123,1,23.9027
15,0,21,4,124,1,26.2872
15,0,21,5,125,1,
15,0,21,6,126,1,
15,0,22,1,127,1,23.4405
15,0,22,2,128,1,30.625
15,0,22,3,129,1,26.4094
15,0,22,4,130,1,21.7939
15,0,22,5,131,1,
15,0,22,6,132,1,
15,0,23,1,133,1,27.7472
15,0,23,2,134,1,23.1317
15,0,23,3,135,1,27.1161
15,0,23,4,136,1,23.9006
15,0,23,5,137,1,
15,0,23,6,138,1,
15,0,24,1,139,1,22.8539
15,0,24,2,140,1,21.6383
15,0,24,3,141,1,24.2228
15,0,24,4,142,1,21.8072
15,0,24,5,143,1,
15,0,24,6,144,1,
15,0,25,1,145,1,23.3606
15,0,25,2,146,1,25.745
15,0,25,3,147,1,26.5295
15,0,25,4,148,1,19.7139
15,0,25,5,149,1,
15,0,25,6,150,1,
15,0,26,1,151,1,19.0673
15,0,26,2,152,1,21.6517
15,0,26,3,153,1,22.2362
15,0,26,4,154,1,
15,0,26,5,155,1,
15,0,26,6,156,1,
15,0,27,1,157,1,21.174
15,0,27,2,158,1,16.5584
15,0,27,3,159,1,23.3429
15,0,27,4,160,1,18.5273
15,0,27,5,161,1,
15,0,27,6,162,1,
15,0,28,1,163,1,30.4807
15,0,28,2,164,1,24.8651
15,0,28,3,165,1,17.8496
15,0,28,4,166,1,21.034
15,0,28,5,167,1,
15,0,28,6,168,1,
16,0,1,1,1,0,
16,0,1,2,2,0,4.3844
16,0,1,3,3,0,5.3689
16,0,1,4,4,0,4.3533
16,0,1,5,5,0,
16,0,1,6,6,0,
16,0,2,1,7,0,0
16,0,2,2,8,0,
16,0,2,3,9,0,0
16,0,2,4,10,0,2.86
16,0,2,5,11,0,
16,0,2,6,12,0,
16,0,3,1,13,0,5.6134
16,0,3,2,14,0,4.5978
16,0,3,3,15,0,2.9823
16,0,3,4,16,0,1.1667
16,0,3,5,17,0,
16,0,3,6,18,0,
16,0,4,1,19,0,2.7201
16,0,4,2,20,0,6.9045
16,0,4,3,21,0,1.089
16,0,4,4,22,0,3.6734
16,0,4,5,23,0,
16,0,4,6,24,0,
16,0,5,1,25,0,3.8268
16,0,5,2,26,0,6.6112
16,0,5,3,27,0,4.5957
16,0,5,4,28,0,15.1801
16,0,5,5,29,0,
16,0,5,6,30,0,
16,0,6,1,31,0,
16,0,6,2,32,0,5.5179
16,0,6,3,33,0,1.7024
16,0,6,4,34,0,2.0868
16,0,6,5,35,0,
16,0,6,6,36,0,
16,0,7,1,37,0,5.2401
16,0,7,2,38,0,6.4246
16,0,7,3,39,0,1.809
16,0,7,4,40,0,
16,0,7,5,41,0,
16,0,7,6,42,0,
16,0,8,1,43,0,2.3468
16,0,8,2,44,0,1.5313
16,0,8,3,45,0,5.5157
16,0,8,4,46,0,11.3002
16,0,8,5,47,0,
16,0,8,6,48,0,
16,0,9,1,49,1,
16,0,9,2,50,1,0
16,0,9,3,51,1,3.0224
16,0,9,4,52,1,0
16,0,9,5,53,1,
16,0,9,6,54,1,
16,0,10,1,55,1,5.7602
16,0,10,2,56,1,0
16,0,10,3,57,1,0.7291
16,0,10,4,58,1,0
16,0,10,5,59,1,
16,0,10,6,60,1,
16,0,11,1,61,1,0
16,0,11,2,62,1,0.8514
16,0,11,3,63,1,3.4358
16,0,11,4,64,1,
16,0,11,5,65,1,
16,0,11,6,66,1,
16,0,12,1,67,1,2.3736
16,0,12,2,68,1,13.5581
16,0,12,3,69,1,
16,0,12,4,70,1,11.527
16,0,12,5,71,1,
16,0,12,6,72,1,
16,0,13,1,73,1,3.4803
16,0,13,2,74,1,
16,0,13,3,75,1,4.8492
16,0,13,4,76,1,11.0336
16,0,13,5,77,1,
16,0,13,6,78,1,
16,0,14,1,79,1,
16,0,14,2,80,1,2.3714
16,0,14,3,81,1,2.3559
16,0,14,4,82,1,20.9403
16,0,14,5,83,1,
16,0,14,6,84,1,
16,0,15,1,85,1,
16,0,15,2,86,1,1.6781
16,0,15,3,87,1,0
16,0,15,4,88,1,
16,0,15,5,89,1,
16,0,15,6,90,1,
16,0,16,1,91,1,0
16,0,16,2,92,1,25.7848
16,0,16,3,93,1,12.1693
16,0,16,4,94,1,0
16,0,16,5,95,1,
16,0,16,6,96,1,
16,0,17,1,97,1,5.5071
16,0,17,2,98,1,0
16,0,17,3,99,1,7.676
16,0,17,4,100,1,0.0604
16,0,17,5,101,1,
16,0,17,6,102,1,
16,0,18,1,103,1,
16,0,18,2,104,1,0.5982
16,0,18,3,105,1,0
16,0,18,4,106,1,0
16,0,18,5,107,1,
16,0,18,6,108,1,
16,0,19,1,109,1,0
16,0,19,2,110,1,0
16,0,19,3,111,1,8.4893
16,0,19,4,112,1,
16,0,19,5,113,1,
16,0,19,6,114,1,
16,0,20,1,115,1,
16,0,20,2,116,1,0
16,0,20,3,117,1,0
16,0,20,4,118,1,0
16,0,20,5,119,1,
16,0,20,6,120,1,
16,0,21,1,121,1,0
16,0,21,2,122,1,0
16,0,21,3,123,1,
16,0,21,4,124,1,0
16,0,21,5,125,1,
16,0,21,6,126,1,
16,0,22,1,127,1,0
16,0,22,2,128,1,
16,0,22,3,129,1,18.2094
16,0,22,4,130,1,13.9939
16,0,22,5,131,1,
16,0,22,6,132,1,
16,0,23,1,133,1,0
16,0,23,2,134,1,0
16,0,23,3,135,1,11.1161
16,0,23,4,136,1,0
16,0,23,5,137,1,
16,0,23,6,138,1,
16,0,24,1,139,1,7.6539
16,0,24,2,140,1,5.6383
16,0,24,3,141,1,0
16,0,24,4,142,1,0
16,0,24,5,143,1,
16,0,24,6,144,1,
16,0,25,1,145,1,2.1606
16,0,25,2,146,1,0.145
16,0,25,3,147,1,0.5295
16,0,25,4,148,1,
16,0,25,5,149,1,
16,0,25,6,150,1,
16,0,26,1,151,1,0
16,0,26,2,152,1,0
16,0,26,3,153,1,3.0362
16,0,26,4,154,1,
16,0,26,5,155,1,
16,0,26,6,156,1,
16,0,27,1,157,1,
16,0,27,2,158,1,0
16,0,27,3,159,1,0
16,0,27,4,160,1,0
16,0,27,5,161,1,
16,0,27,6,162,1,
16,0,28,1,163,1,
16,0,28,2,164,1,0.4651
16,0,28,3,165,1,0
16,0,28,4,166,1,
16,0,28,5,167,1,
16,0,28,6,168,1,
17,0,1,1,1,0,0
17,0,1,2,2,0,0
17,0,1,3,3,0,0
17,0,1,4,4,0,0
17,0,1,5,5,0,
17,0,1,6,6,0,
17,0,2,1,7,0,0
17,0,2,2,8,0,0
17,0,2,3,9,0,0
17,0,2,4,10,0,0
17,0,2,5,11,0,
17,0,2,6,12,0,
17,0,3,1,13,0,1.8134
17,0,3,2,14,0,0.7978
17,0,3,3,15,0,0
17,0,3,4,16,0,0
17,0,3,5,17,0,
17,0,3,6,18,0,
17,0,4,1,19,0,0
17,0,4,2,20,0,0
17,0,4,3,21,0,0
17,0,4,4,22,0,0
17,0,4,5,23,0,
17,0,4,6,24,0,
17,0,5,1,25,0,0
17,0,5,2,26,0,1.6112
17,0,5,3,27,0,0
17,0,5,4,28,0,
17,0,5,5,29,0,
17,0,5,6,30,0,
17,0,6,1,31,0,0
17,0,6,2,32,0,3.3179
17,0,6,3,33,0,0.5024
17,0,6,4,34,0,0
17,0,6,5,35,0,
17,0,6,6,36,0,
17,0,7,1,37,0,
17,0,7,2,38,0,0
17,0,7,3,39,0,0
17,0,7,4,40,0,0
17,0,7,5,41,0,
17,0,7,6,42,0,
17,0,8,1,43,0,0
17,0,8,2,44,0,
17,0,8,3,45,0,5.3157
17,0,8,4,46,0,3.3002
17,0,8,5,47,0,
17,0,8,6,48,0,
17,0,9,1,49,1,0
17,0,9,2,50,1,0
17,0,9,3,51,1,0
17,0,9,4,52,1,0
17,0,9,5,53,1,
17,0,9,6,54,1,
17,0,10,1,55,1,0
17,0,10,2,56,1,0
17,0,10,3,57,1,0
17,0,10,4,58,1,0
17,0,10,5,59,1,
17,0,10,6,60,1,
17,0,11,1,61,1,0
17,0,11,2,62,1,0
17,0,11,3,63,1,0
17,0,11,4,64,1,0
17,0,11,5,65,1,
17,0,11,6,66,1,
17,0,12,1,67,1,0
17,0,12,2,68,1,0
17,0,12,3,69,1,0
17,0,12,4,70,1,0
17,0,12,5,71,1,
17,0,12,6,72,1,
17,0,13,1,73,1,0
17,0,13,2,74,1,0
17,0,13,3,75,1,0
17,0,13,4,76,1,0
17,0,13,5,77,1,
17,0,13,6,78,1,
17,0,14,1,79,1,0
17,0,14,2,80,1,0
17,0,14,3,81,1,0
17,0,14,4,82,1,0
17,0,14,5,83,1,
17,0,14,6,84,1,
17,0,15,1,85,1,0
17,0,15,2,86,1,0
17,0,15,3,87,1,0
17,0,15,4,88,1,0
17,0,15,5,89,1,
17,0,15,6,90,1,
17,0,16,1,91,1,0
17,0,16,2,92,1,0
17,0,16,3,93,1,0
17,0,16,4,94,1,0
17,0,16,5,95,1,
17,0,16,6,96,1,
17,0,17,1,97,1,0
17,0,17,2,98,1,0
17,0,17,3,99,1,0
17,0,17,4,100,1,0
17,0,17,5,101,1,
17,0,17,6,102,1,
17,0,18,1,103,1,0
17,0,18,2,104,1,0
17,0,18,3,105,1,0
17,0,18,4,106,1,0
17,0,18,5,107,1,
17,0,18,6,108,1,
17,0,19,1,109,1,0
17,0,19,2,110,1,0
17,0,19,3,111,1,0
17,0,19,4,112,1,0
17,0,19,5,113,1,
17,0,19,6,114,1,
17,0,20,1,115,1,0
17,0,20,2,116,1,0
17,0,20,3,117,1,0
17,0,20,4,118,1,0
17,0,20,5,119,1,
17,0,20,6,120,1,
17,0,21,1,121,1,0
17,0,21,2,122,1,0
17,0,21,3,123,1,0
17,0,21,4,124,1,0
17,0,21,5,125,1,
17,0,21,6,126,1,
17,0,22,1,127,1,0
17,0,22,2,128,1,
17,0,22,3,129,1,1.0094
17,0,22,4,130,1,0.9939
17,0,22,5,131,1,
17,0,22,6,132,1,
17,0,23,1,133,1,0
17,0,23,2,134,1,0
17,0,23,3,135,1,0.9161
17,0,23,4,136,1,0
17,0,23,5,137,1,
17,0,23,6,138,1,
17,0,24,1,139,1,0
17,0,24,2,140,1,0
17,0,24,3,141,1,0
17,0,24,4,142,1,0
17,0,24,5,143,1,
17,0,24,6,144,1,
17,0,25,1,145,1,0
17,0,25,2,146,1,0
17,0,25,3,147,1,0
17,0,25,4,148,1,0
17,0,25,5,149,1,
17,0,25,6,150,1,
17,0,26,1,151,1,0
17,0,26,2,152,1,0
17,0,26,3,153,1,0
17,0,26,4,154,1,0
17,0,26,5,155,1,
17,0,26,6,156,1,
17,0,27,1,157,1,
17,0,27,2,158,1,0
17,0,27,3,159,1,0
17,0,27,4,160,1,0
17,0,27,5,161,1,
17,0,27,6,162,1,
17,0,28,1,163,1,0
17,0,28,2,164,1,
17,0,28,3,165,1,0
17,0,28,4,166,1,0
17,0,28,5,167,1,
17,0,28,6,168,1,
18,0,1,1,1,0,27.2
18,0,1,2,2,0,3.3844
18,0,1,3,3,0,4.3689
18,0,1,4,4,0,5.9533
18,0,1,5,5,0,
18,0,1,6,6,0,
18,0,2,1,7,0,0.9067
18,0,2,2,8,0,0
18,0,2,3,9,0,0
18,0,2,4,10,0,4.86
18,0,2,5,11,0,
18,0,2,6,12,0,
18,0,3,1,13,0,4.4134
18,0,3,2,14,0,0.9978
18,0,3,3,15,0,2.7823
18,0,3,4,16,0,3.5667
18,0,3,5,17,0,
18,0,3,6,18,0,
18,0,4,1,19,0,1.5201
18,0,4,2,20,0,28.3045
18,0,4,3,21,0,4.689
18,0,4,4,22,0,1.2734
18,0,4,5,23,0,
18,0,4,6,24,0,
18,0,5,1,25,0,0.4268
18,0,5,2,26,0,13.8112
18,0,5,3,27,0,17.9957
18,0,5,4,28,0,0
18,0,5,5,29,0,
18,0,5,6,30,0,
18,0,6,1,31,0,
18,0,6,2,32,0,2.1179
18,0,6,3,33,0,4.5024
18,0,6,4,34,0,0
18,0,6,5,35,0,
18,0,6,6,36,0,
18,0,7,1,37,0,2.2401
18,0,7,2,38,0,0.2246
18,0,7,3,39,0,11.209
18,0,7,4,40,0,16.7935
18,0,7,5,41,0,
18,0,7,6,42,0,
18,0,8,1,43,0,2.3468
18,0,8,2,44,0,31.3313
18,0,8,3,45,0,2.7157
18,0,8,4,46,0,49.3002
18,0,8,5,47,0,
18,0,8,6,48,0,
18,0,9,1,49,1,37.2535
18,0,9,2,50,1,20.438
18,0,9,3,51,1,
18,0,9,4,52,1,0
18,0,9,5,53,1,
18,0,9,6,54,1,
18,0,10,1,55,1,4.5602
18,0,10,2,56,1,0
18,0,10,3,57,1,0
18,0,10,4,58,1,0
18,0,10,5,59,1,
18,0,10,6,60,1,
18,0,11,1,61,1,0
18,0,11,2,62,1,0
18,0,11,3,63,1,0
18,0,11,4,64,1,0
18,0,11,5,65,1,
18,0,11,6,66,1,
18,0,12,1,67,1,0
18,0,12,2,68,1,40.3581
18,0,12,3,69,1,0
18,0,12,4,70,1,0
18,0,12,5,71,1,
18,0,12,6,72,1,
18,0,13,1,73,1,2.2803
18,0,13,2,74,1,0
18,0,13,3,75,1,0
18,0,13,4,76,1,0
18,0,13,5,77,1,
18,0,13,6,78,1,
18,0,14,1,79,1,0
18,0,14,2,80,1,4.3714
18,0,14,3,81,1,9.9559
18,0,14,4,82,1,4.3403
18,0,14,5,83,1,
18,0,14,6,84,1,
18,0,15,1,85,1,0
18,0,15,2,86,1,0.2781
18,0,15,3,87,1,10.4626
18,0,15,4,88,1,28.647
18,0,15,5,89,1,
18,0,15,6,90,1,
18,0,16,1,91,1,0.6004
18,0,16,2,92,1,1.5848
18,0,16,3,93,1,0.3693
18,0,16,4,94,1,9.5537
18,0,16,5,95,1,
18,0,16,6,96,1,
18,0,17,1,97,1,0
18,0,17,2,98,1,0
18,0,17,3,99,1,0
18,0,17,4,100,1,0
18,0,17,5,101,1,
18,0,17,6,102,1,
18,0,18,1,103,1,3.4138
18,0,18,2,104,1,0
18,0,18,3,105,1,0
18,0,18,4,106,1,0
18,0,18,5,107,1,
18,0,18,6,108,1,
18,0,19,1,109,1,7.1204
18,0,19,2,110,1,0
18,0,19,3,111,1,0
18,0,19,4,112,1,0
18,0,19,5,113,1,
18,0,19,6,114,1,
18,0,20,1,115,1,0
18,0,20,2,116,1,
18,0,20,3,117,1,15.796
18,0,20,4,118,1,0
18,0,20,5,119,1,
18,0,20,6,120,1,
18,0,21,1,121,1,3.9338
18,0,21,2,122,1,0
18,0,21,3,123,1,
18,0,21,4,124,1,2.0872
18,0,21,5,125,1,
18,0,21,6,126,1,
18,0,22,1,127,1,37.8405
18,0,22,2,128,1,41.225
18,0,22,3,129,1,0
18,0,22,4,130,1,6.7939
18,0,22,5,131,1,
18,0,22,6,132,1,
18,0,23,1,133,1,0.3472
18,0,23,2,134,1,12.1317
18,0,23,3,135,1,16.9161
18,0,23,4,136,1,0
18,0,23,5,137,1,
18,0,23,6,138,1,
18,0,24,1,139,1,0
18,0,24,2,140,1,2.0383
18,0,24,3,141,1,
18,0,24,4,142,1,21.0072
18,0,24,5,143,1,
18,0,24,6,144,1,
18,0,25,1,145,1,0
18,0,25,2,146,1,4.545
18,0,25,3,147,1,0.3295
18,0,25,4,148,1,0
18,0,25,5,149,1,
18,0,25,6,150,1,
18,0,26,1,151,1,1.6673
18,0,26,2,152,1,16.4517
18,0,26,3,153,1,2.2362
18,0,26,4,154,1,0
18,0,26,5,155,1,
18,0,26,6,156,1,
18,0,27,1,157,1,1.574
18,0,27,2,158,1,0
18,0,27,3,159,1,8.5429
18,0,27,4,160,1,0
18,0,27,5,161,1,
18,0,27,6,162,1,
18,0,28,1,163,1,0
18,0,28,2,164,1,0
18,0,28,3,165,1,0
18,0,28,4,166,1,0
18,0,28,5,167,1,
18,0,28,6,168,1,
19,0,1,1,1,0,5.6
19,0,1,2,2,0,14.1844
19,0,1,3,3,0,4.7689
19,0,1,4,4,0,17.7533
19,0,1,5,5,0,
19,0,1,6,6,0,
19,0,2,1,7,0,18.9067
19,0,2,2,8,0,22.0911
19,0,2,3,9,0,12.4756
19,0,2,4,10,0,5.06
19,0,2,5,11,0,
19,0,2,6,12,0,
19,0,3,1,13,0,15.4134
19,0,3,2,14,0,10.3978
19,0,3,3,15,0,31.1823
19,0,3,4,16,0,19.1667
19,0,3,5,17,0,
19,0,3,6,18,0,
19,0,4,1,19,0,5.7201
19,0,4,2,20,0,13.7045
19,0,4,3,21,0,36.489
19,0,4,4,22,0,23.2734
19,0,4,5,23,0,
19,0,4,6,24,0,
19,0,5,1,25,0,31.6268
19,0,5,2,26,0,12.8112
19,0,5,3,27,0,17.9957
19,0,5,4,28,0,6.7801
19,0,5,5,29,0,
19,0,5,6,30,0,
19,0,6,1,31,0,2.5335
19,0,6,2,32,0,6.7179
19,0,6,3,33,0,4.1024
19,0,6,4,34,0,2.0868
19,0,6,5,35,0,
19,0,6,6,36,0,
19,0,7,1,37,0,3.4401
19,0,7,2,38,0,14.6246
19,0,7,3,39,0,
19,0,7,4,40,0,8.9935
19,0,7,5,41,0,
19,0,7,6,42,0,
19,0,8,1,43,0,24.1468
19,0,8,2,44,0,22.9313
19,0,8,3,45,0,13.3157
19,0,8,4,46,0,34.3002
19,0,8,5,47,0,
19,0,8,6,48,0,
19,0,9,1,49,1,12.8535
19,0,9,2,50,1,26.438
19,0,9,3,51,1,
19,0,9,4,52,1,16.8069
19,0,9,5,53,1,
19,0,9,6,54,1,
19,0,10,1,55,1,2.7602
19,0,10,2,56,1,13.3447
19,0,10,3,57,1,14.5291
19,0,10,4,58,1,19.5136
19,0,10,5,59,1,
19,0,10,6,60,1,
19,0,11,1,61,1,4.8669
19,0,11,2,62,1,
19,0,11,3,63,1,35.6358
19,0,11,4,64,1,11.6203
19,0,11,5,65,1,
19,0,11,6,66,1,
19,0,12,1,67,1,6.1736
19,0,12,2,68,1,12.5581
19,0,12,3,69,1,20.7425
19,0,12,4,70,1,5.527
19,0,12,5,71,1,
19,0,12,6,72,1,
19,0,13,1,73,1,23.4803
19,0,13,2,74,1,32.0647
19,0,13,3,75,1,33.2492
19,0,13,4,76,1,37.4336
19,0,13,5,77,1,
19,0,13,6,78,1,
19,0,14,1,79,1,14.787
19,0,14,2,80,1,49.7714
19,0,14,3,81,1,27.5559
19,0,14,4,82,1,15.9403
19,0,14,5,83,1,
19,0,14,6,84,1,
19,0,15,1,85,1,18.2937
19,0,15,2,86,1,33.2781
19,0,15,3,87,1,37.0626
19,0,15,4,88,1,34.647
19,0,15,5,89,1,
19,0,15,6,90,1,
19,0,16,1,91,1,35.6004
19,0,16,2,92,1,31.1848
19,0,16,3,93,1,53.5693
19,0,16,4,94,1,15.1537
19,0,16,5,95,1,
19,0,16,6,96,1,
19,0,17,1,97,1,18.7071
19,0,17,2,98,1,21.8915
19,0,17,3,99,1,30.076
19,0,17,4,100,1,31.6604
19,0,17,5,101,1,
19,0,17,6,102,1,
19,0,18,1,103,1,23.8138
19,0,18,2,104,1,42.1982
19,0,18,3,105,1,33.3826
19,0,18,4,106,1,36.1671
19,0,18,5,107,1,
19,0,18,6,108,1,
19,0,19,1,109,1,17.1204
19,0,19,2,110,1,19.3049
19,0,19,3,111,1,
19,0,19,4,112,1,3.0738
19,0,19,5,113,1,
19,0,19,6,114,1,
19,0,20,1,115,1,8.4271
19,0,20,2,116,1,1.2116
19,0,20,3,117,1,21.396
19,0,20,4,118,1,9.1805
19,0,20,5,119,1,
19,0,20,6,120,1,
19,0,21,1,121,1,8.9338
19,0,21,2,122,1,5.9183
19,0,21,3,123,1,25.5027
19,0,21,4,124,1,41.2872
19,0,21,5,125,1,
19,0,21,6,126,1,
19,0,22,1,127,1,15.0405
19,0,22,2,128,1,18.425
19,0,22,3,129,1,29.4094
19,0,22,4,130,1,45.3939
19,0,22,5,131,1,
19,0,22,6,132,1,
19,0,23,1,133,1,25.5472
19,0,23,2,134,1,39.1317
19,0,23,3,135,1,47.1161
19,0,23,4,136,1,28.1006
19,0,23,5,137,1,
19,0,23,6,138,1,
19,0,24,1,139,1,26.4539
19,0,24,2,140,1,23.6383
19,0,24,3,141,1,20.8228
19,0,24,4,142,1,40.2072
19,0,24,5,143,1,
19,0,24,6,144,1,
19,0,25,1,145,1,25.1606
19,0,25,2,146,1,47.745
19,0,25,3,147,1,21.5295
19,0,25,4,148,1,33.3139
19,0,25,5,149,1,
19,0,25,6,150,1,
19,0,26,1,151,1,20.8673
19,0,26,2,152,1,40.0517
19,0,26,3,153,1,37.0362
19,0,26,4,154,1,56.6206
19,0,26,5,155,1,
19,0,26,6,156,1,
19,0,27,1,157,1,14.374
19,0,27,2,158,1,57.1584
19,0,27,3,159,1,41.5429
19,0,27,4,160,1,51.7273
19,0,27,5,161,1,
19,0,27,6,162,1,
19,0,28,1,163,1,29.6807
19,0,28,2,164,1,54.8651
19,0,28,3,165,1,22.2496
19,0,28,4,166,1,33.634
19,0,28,5,167,1,
19,0,28,6,168,1,
20,0,1,1,1,0,40.4
20,0,1,2,2,0,13.5844
20,0,1,3,3,0,19.1689
20,0,1,4,4,0,11.5533
20,0,1,5,5,0,
20,0,1,6,6,0,
20,0,2,1,7,0,7.9067
20,0,2,2,8,0,
20,0,2,3,9,0,10.0756
20,0,2,4,10,0,12.86
20,0,2,5,11,0,
20,0,2,6,12,0,
20,0,3,1,13,0,16.0134
20,0,3,2,14,0,14.9978
20,0,3,3,15,0,14.5823
20,0,3,4,16,0,7.3667
20,0,3,5,17,0,
20,0,3,6,18,0,
20,0,4,1,19,0,13.9201
20,0,4,2,20,0,6.9045
20,0,4,3,21,0,14.889
20,0,4,4,22,0,11.8734
20,0,4,5,23,0,
20,0,4,6,24,0,
20,0,5,1,25,0,11.6268
20,0,5,2,26,0,11.8112
20,0,5,3,27,0,
20,0,5,4,28,0,8.9801
20,0,5,5,29,0,
20,0,5,6,30,0,
20,0,6,1,31,0,10.1335
20,0,6,2,32,0,
20,0,6,3,33,0,11.1024
20,0,6,4,34,0,11.2868
20,0,6,5,35,0,
20,0,6,6,36,0,
20,0,7,1,37,0,11.0401
20,0,7,2,38,0,8.2246
20,0,7,3,39,0,8.609
20,0,7,4,40,0,8.9935
20,0,7,5,41,0,
20,0,7,6,42,0,
20,0,8,1,43,0,9.9468
20,0,8,2,44,0,7.7313
20,0,8,3,45,0,11.1157
20,0,8,4,46,0,
20,0,8,5,47,0,
20,0,8,6,48,0,
20,0,9,1,49,1,16.4535
20,0,9,2,50,1,23.838
20,0,9,3,51,1,8.4224
20,0,9,4,52,1,6.8069
20,0,9,5,53,1,
20,0,9,6,54,1,
20,0,10,1,55,1,10.9602
20,0,10,2,56,1,15.5447
20,0,10,3,57,1,11.3291
20,0,10,4,58,1,19.9136
20,0,10,5,59,1,
20,0,10,6,60,1,
20,0,11,1,61,1,12.2669
20,0,11,2,62,1,11.4514
20,0,11,3,63,1,3.2358
20,0,11,4,64,1,54.6203
20,0,11,5,65,1,
20,0,11,6,66,1,
20,0,12,1,67,1,26.7736
20,0,12,2,68,1,22.1581
20,0,12,3,69,1,16.1425
20,0,12,4,70,1,9.927
20,0,12,5,71,1,
20,0,12,6,72,1,
20,0,13,1,73,1,8.6803
20,0,13,2,74,1,23.0647
20,0,13,3,75,1,21.4492
20,0,13,4,76,1,8.0336
20,0,13,5,77,1,
20,0,13,6,78,1,
20,0,14,1,79,1,11.787
20,0,14,2,80,1,12.9714
20,0,14,3,81,1,11.9559
20,0,14,4,82,1,13.5403
20,0,14,5,83,1,
20,0,14,6,84,1,
20,0,15,1,85,1,6.2937
20,0,15,2,86,1,10.4781
20,0,15,3,87,1,13.8626
20,0,15,4,88,1,9.447
20,0,15,5,89,1,
20,0,15,6,90,1,
20,0,16,1,91,1,13.0004
20,0,16,2,92,1,9.5848
20,0,16,3,93,1,15.5693
20,0,16,4,94,1,9.9537
20,0,16,5,95,1,
20,0,16,6,96,1,
20,0,17,1,97,1,18.7071
20,0,17,2,98,1,25.8915
20,0,17,3,99,1,30.276
20,0,17,4,100,1,
20,0,17,5,101,1,
20,0,17,6,102,1,
20,0,18,1,103,1,31.2138
20,0,18,2,104,1,10.9982
20,0,18,3,105,1,
20,0,18,4,106,1,5.5671
20,0,18,5,107,1,
20,0,18,6,108,1,
20,0,19,1,109,1,26.3204
20,0,19,2,110,1,21.1049
20,0,19,3,111,1,16.0893
20,0,19,4,112,1,12.2738
20,0,19,5,113,1,
20,0,19,6,114,1,
20,0,20,1,115,1,14.4271
20,0,20,2,116,1,
20,0,20,3,117,1,14.596
20,0,20,4,118,1,57.5805
20,0,20,5,119,1,
20,0,20,6,120,1,
20,0,21,1,121,1,17.9338
20,0,21,2,122,1,3.1183
20,0,21,3,123,1,3.7027
20,0,21,4,124,1,
20,0,21,5,125,1,
20,0,21,6,126,1,
20,0,22,1,127,1,23.4405
20,0,22,2,128,1,22.825
20,0,22,3,129,1,11.6094
20,0,22,4,130,1,
20,0,22,5,131,1,
20,0,22,6,132,1,
20,0,23,1,133,1,
20,0,23,2,134,1,
20,0,23,3,135,1,12.3161
20,0,23,4,136,1,
20,0,23,5,137,1,
20,0,23,6,138,1,
20,0,24,1,139,1,19.2539
20,0,24,2,140,1,67.4383
20,0,24,3,141,1,14.8228
20,0,24,4,142,1,22.2072
20,0,24,5,143,1,
20,0,24,6,144,1,
20,0,25,1,145,1,20.9606
20,0,25,2,146,1,
20,0,25,3,147,1,9.7295
20,0,25,4,148,1,11.9139
20,0,25,5,149,1,
20,0,25,6,150,1,
20,0,26,1,151,1,
20,0,26,2,152,1,
20,0,26,3,153,1,
20,0,26,4,154,1,
20,0,26,5,155,1,
20,0,26,6,156,1,
20,0,27,1,157,1,
20,0,27,2,158,1,8.9584
20,0,27,3,159,1,19.5429
20,0,27,4,160,1,74.7273
20,0,27,5,161,1,
20,0,27,6,162,1,
20,0,28,1,163,1,
20,0,28,2,164,1,11.6651
20,0,28,3,165,1,13.2496
20,0,28,4,166,1,15.034
20,0,28,5,167,1,
20,0,28,6,168,1,
21,0,1,1,1,0,10
21,0,1,2,2,0,9.3844
21,0,1,3,3,0,11.9689
21,0,1,4,4,0,4.9533
21,0,1,5,5,0,
21,0,1,6,6,0,
21,0,2,1,7,0,8.7067
21,0,2,2,8,0,12.6911
21,0,2,3,9,0,14.0756
21,0,2,4,10,0,75.86
21,0,2,5,11,0,
21,0,2,6,12,0,
21,0,3,1,13,0,10.4134
21,0,3,2,14,0,12.3978
21,0,3,3,15,0,8.3823
21,0,3,4,16,0,9.9667
21,0,3,5,17,0,
21,0,3,6,18,0,
21,0,4,1,19,0,10.9201
21,0,4,2,20,0,7.3045
21,0,4,3,21,0,2.289
21,0,4,4,22,0,33.0734
21,0,4,5,23,0,
21,0,4,6,24,0,
21,0,5,1,25,0,19.6268
21,0,5,2,26,0,
21,0,5,3,27,0,11.1957
21,0,5,4,28,0,18.9801
21,0,5,5,29,0,
21,0,5,6,30,0,
21,0,6,1,31,0,14.5335
21,0,6,2,32,0,9.1179
21,0,6,3,33,0,17.9024
21,0,6,4,34,0,11.6868
21,0,6,5,35,0,
21,0,6,6,36,0,
21,0,7,1,37,0,11.2401
21,0,7,2,38,0,18.0246
21,0,7,3,39,0,8.609
21,0,7,4,40,0,12.3935
21,0,7,5,41,0,
21,0,7,6,42,0,
21,0,8,1,43,0,17.3468
21,0,8,2,44,0,14.5313
21,0,8,3,45,0,27.1157
21,0,8,4,46,0,16.5002
21,0,8,5,47,0,
21,0,8,6,48,0,
21,0,9,1,49,1,26.2535
21,0,9,2,50,1,
21,0,9,3,51,1,29.4224
21,0,9,4,52,1,13.2069
21,0,9,5,53,1,
21,0,9,6,54,1,
21,0,10,1,55,1,11.5602
21,0,10,2,56,1,11.9447
21,0,10,3,57,1,10.1291
21,0,10,4,58,1,34.5136
21,0,10,5,59,1,
21,0,10,6,60,1,
21,0,11,1,61,1,15.0669
21,0,11,2,62,1,23.2514
21,0,11,3,63,1,4.8358
21,0,11,4,64,1,25.0203
21,0,11,5,65,1,
21,0,11,6,66,1,
21,0,12,1,67,1,20.7736
21,0,12,2,68,1,22.9581
21,0,12,3,69,1,16.1425
21,0,12,4,70,1,13.327
21,0,12,5,71,1,
21,0,12,6,72,1,
21,0,13,1,73,1,26.8803
21,0,13,2,74,1,41.8647
21,0,13,3,75,1,43.2492
21,0,13,4,76,1,23.6336
21,0,13,5,77,1,
21,0,13,6,78,1,
21,0,14,1,79,1,
21,0,14,2,80,1,8.3714
21,0,14,3,81,1,33.5559
21,0,14,4,82,1,
21,0,14,5,83,1,
21,0,14,6,84,1,
21,0,15,1,85,1,22.8937
21,0,15,2,86,1,36.6781
21,0,15,3,87,1,28.8626
21,0,15,4,88,1,27.047
21,0,15,5,89,1,
21,0,15,6,90,1,
21,0,16,1,91,1,
21,0,16,2,92,1,33.9848
21,0,16,3,93,1,23.3693
21,0,16,4,94,1,13.3537
21,0,16,5,95,1,
21,0,16,6,96,1,
21,0,17,1,97,1,13.7071
21,0,17,2,98,1,39.2915
21,0,17,3,99,1,15.676
21,0,17,4,100,1,20.4604
21,0,17,5,101,1,
21,0,17,6,102,1,
21,0,18,1,103,1,15.4138
21,0,18,2,104,1,13.3982
21,0,18,3,105,1,9.7826
21,0,18,4,106,1,11.1671
21,0,18,5,107,1,
21,0,18,6,108,1,
21,0,19,1,109,1,12.5204
21,0,19,2,110,1,21.5049
21,0,19,3,111,1,9.8893
21,0,19,4,112,1,18.2738
21,0,19,5,113,1,
21,0,19,6,114,1,
21,0,20,1,115,1,14.4271
21,0,20,2,116,1,9.6116
21,0,20,3,117,1,17.796
21,0,20,4,118,1,9.1805
21,0,20,5,119,1,
21,0,20,6,120,1,
21,0,21,1,121,1,7.3338
21,0,21,2,122,1,30.1183
21,0,21,3,123,1,6.5027
21,0,21,4,124,1,37.6872
21,0,21,5,125,1,
21,0,21,6,126,1,
21,0,22,1,127,1,71.6405
21,0,22,2,128,1,17.025
21,0,22,3,129,1,6.8094
21,0,22,4,130,1,31.7939
21,0,22,5,131,1,
21,0,22,6,132,1,
21,0,23,1,133,1,17.3472
21,0,23,2,134,1,
21,0,23,3,135,1,17.7161
21,0,23,4,136,1,8.9006
21,0,23,5,137,1,
21,0,23,6,138,1,
21,0,24,1,139,1,13.8539
21,0,24,2,140,1,17.4383
21,0,24,3,141,1,52.4228
21,0,24,4,142,1,54.4072
21,0,24,5,143,1,
21,0,24,6,144,1,
21,0,25,1,145,1,8.5606
21,0,25,2,146,1,24.945
21,0,25,3,147,1,12.5295
21,0,25,4,148,1,16.3139
21,0,25,5,149,1,
21,0,25,6,150,1,
21,0,26,1,151,1,14.6673
21,0,26,2,152,1,15.4517
21,0,26,3,153,1,24.8362
21,0,26,4,154,1,14.2206
21,0,26,5,155,1,
21,0,26,6,156,1,
21,0,27,1,157,1,28.374
21,0,27,2,158,1,
21,0,27,3,159,1,18.3429
21,0,27,4,160,1,32.9273
21,0,27,5,161,1,
21,0,27,6,162,1,
21,0,28,1,163,1,15.8807
21,0,28,2,164,1,21.8651
21,0,28,3,165,1,19.6496
21,0,28,4,166,1,18.834
21,0,28,5,167,1,
21,0,28,6,168,1,
22,0,1,1,1,0,
22,0,1,2,2,0,0
22,0,1,3,3,0,0
22,0,1,4,4,0,0
22,0,1,5,5,0,
22,0,1,6,6,0,
22,0,2,1,7,0,0
22,0,2,2,8,0,0
22,0,2,3,9,0,0
22,0,2,4,10,0,0
22,0,2,5,11,0,
22,0,2,6,12,0,
22,0,3,1,13,0,0
22,0,3,2,14,0,3.7978
22,0,3,3,15,0,0
22,0,3,4,16,0,0
22,0,3,5,17,0,
22,0,3,6,18,0,
22,0,4,1,19,0,0
22,0,4,2,20,0,0
22,0,4,3,21,0,
22,0,4,4,22,0,3.6734
22,0,4,5,23,0,
22,0,4,6,24,0,
22,0,5,1,25,0,3.4268
22,0,5,2,26,0,7.6112
22,0,5,3,27,0,6.3957
22,0,5,4,28,0,0
22,0,5,5,29,0,
22,0,5,6,30,0,
22,0,6,1,31,0,0
22,0,6,2,32,0,5.5179
22,0,6,3,33,0,7.5024
22,0,6,4,34,0,7.2868
22,0,6,5,35,0,
22,0,6,6,36,0,
22,0,7,1,37,0,
22,0,7,2,38,0,0
22,0,7,3,39,0,0
22,0,7,4,40,0,0
22,0,7,5,41,0,
22,0,7,6,42,0,
22,0,8,1,43,0,
22,0,8,2,44,0,0
22,0,8,3,45,0,
22,0,8,4,46,0,0
22,0,8,5,47,0,
22,0,8,6,48,0,
22,0,9,1,49,1,
22,0,9,2,50,1,0
22,0,9,3,51,1,
22,0,9,4,52,1,
22,0,9,5,53,1,
22,0,9,6,54,1,
22,0,10,1,55,1,0
22,0,10,2,56,1,0
22,0,10,3,57,1,0
22,0,10,4,58,1,0
22,0,10,5,59,1,
22,0,10,6,60,1,
22,0,11,1,61,1,0
22,0,11,2,62,1,0
22,0,11,3,63,1,3.0358
22,0,11,4,64,1,2.6203
22,0,11,5,65,1,
22,0,11,6,66,1,
22,0,12,1,67,1,
22,0,12,2,68,1,0
22,0,12,3,69,1,0
22,0,12,4,70,1,0
22,0,12,5,71,1,
22,0,12,6,72,1,
22,0,13,1,73,1,0
22,0,13,2,74,1,0
22,0,13,3,75,1,0
22,0,13,4,76,1,0
22,0,13,5,77,1,
22,0,13,6,78,1,
22,0,14,1,79,1,
22,0,14,2,80,1,0
22,0,14,3,81,1,0
22,0,14,4,82,1,0
22,0,14,5,83,1,
22,0,14,6,84,1,
22,0,15,1,85,1,0
22,0,15,2,86,1,0
22,0,15,3,87,1,0
22,0,15,4,88,1,21.047
22,0,15,5,89,1,
22,0,15,6,90,1,
22,0,16,1,91,1,
22,0,16,2,92,1,0
22,0,16,3,93,1,0
22,0,16,4,94,1,0
22,0,16,5,95,1,
22,0,16,6,96,1,
22,0,17,1,97,1,0
22,0,17,2,98,1,0
22,0,17,3,99,1,0
22,0,17,4,100,1,0
22,0,17,5,101,1,
22,0,17,6,102,1,
22,0,18,1,103,1,0
22,0,18,2,104,1,0
22,0,18,3,105,1,0
22,0,18,4,106,1,0
22,0,18,5,107,1,
22,0,18,6,108,1,
22,0,19,1,109,1,0
22,0,19,2,110,1,9.3049
22,0,19,3,111,1,0
22,0,19,4,112,1,0
22,0,19,5,113,1,
22,0,19,6,114,1,
22,0,20,1,115,1,0
22,0,20,2,116,1,0
22,0,20,3,117,1,0
22,0,20,4,118,1,1.7805
22,0,20,5,119,1,
22,0,20,6,120,1,
22,0,21,1,121,1,
22,0,21,2,122,1,0
22,0,21,3,123,1,0
22,0,21,4,124,1,0
22,0,21,5,125,1,
22,0,21,6,126,1,
22,0,22,1,127,1,0
22,0,22,2,128,1,0
22,0,22,3,129,1,
22,0,22,4,130,1,0
22,0,22,5,131,1,
22,0,22,6,132,1,
22,0,23,1,133,1,0
22,0,23,2,134,1,0
22,0,23,3,135,1,0
22,0,23,4,136,1,0
22,0,23,5,137,1,
22,0,23,6,138,1,
22,0,24,1,139,1,0
22,0,24,2,140,1,0
22,0,24,3,141,1,0
22,0,24,4,142,1,0
22,0,24,5,143,1,
22,0,24,6,144,1,
22,0,25,1,145,1,0
22,0,25,2,146,1,0
22,0,25,3,147,1,0
22,0,25,4,148,1,0
22,0,25,5,149,1,
22,0,25,6,150,1,
22,0,26,1,151,1,0
22,0,26,2,152,1,0
22,0,26,3,153,1,0
22,0,26,4,154,1,0
22,0,26,5,155,1,
22,0,26,6,156,1,
22,0,27,1,157,1,0
22,0,27,2,158,1,0
22,0,27,3,159,1,0
22,0,27,4,160,1,0
22,0,27,5,161,1,
22,0,27,6,162,1,
22,0,28,1,163,1,
22,0,28,2,164,1,0
22,0,28,3,165,1,0
22,0,28,4,166,1,0
22,0,28,5,167,1,
22,0,28,6,168,1,
23,0,1,1,1,0,11.2
23,0,1,2,2,0,10.9844
23,0,1,3,3,0,8.1689
23,0,1,4,4,0,8.3533
23,0,1,5,5,0,
23,0,1,6,6,0,
23,0,2,1,7,0,8.9067
23,0,2,2,8,0,7.2911
23,0,2,3,9,0,5.0756
23,0,2,4,10,0,7.06
23,0,2,5,11,0,
23,0,2,6,12,0,
23,0,3,1,13,0,10.4134
23,0,3,2,14,0,11.3978
23,0,3,3,15,0,11.7823
23,0,3,4,16,0,12.9667
23,0,3,5,17,0,
23,0,3,6,18,0,
23,0,4,1,19,0,17.7201
23,0,4,2,20,0,
23,0,4,3,21,0,12.089
23,0,4,4,22,0,14.8734
23,0,4,5,23,0,
23,0,4,6,24,0,
23,0,5,1,25,0,
23,0,5,2,26,0,15.0112
23,0,5,3,27,0,18.9957
23,0,5,4,28,0,20.7801
23,0,5,5,29,0,
23,0,5,6,30,0,
23,0,6,1,31,0,12.7335
23,0,6,2,32,0,15.7179
23,0,6,3,33,0,16.1024
23,0,6,4,34,0,17.0868
23,0,6,5,35,0,
23,0,6,6,36,0,
23,0,7,1,37,0,
23,0,7,2,38,0,11.2246
23,0,7,3,39,0,14.809
23,0,7,4,40,0,14.3935
23,0,7,5,41,0,
23,0,7,6,42,0,
23,0,8,1,43,0,13.5468
23,0,8,2,44,0,14.9313
23,0,8,3,45,0,14.5157
23,0,8,4,46,0,15.9002
23,0,8,5,47,0,
23,0,8,6,48,0,
23,0,9,1,49,1,12.8535
23,0,9,2,50,1,11.438
23,0,9,3,51,1,13.8224
23,0,9,4,52,1,14.8069
23,0,9,5,53,1,
23,0,9,6,54,1,
23,0,10,1,55,1,15.3602
23,0,10,2,56,1,13.9447
23,0,10,3,57,1,7.9291
23,0,10,4,58,1,16.1136
23,0,10,5,59,1,
23,0,10,6,60,1,
23,0,11,1,61,1,17.2669
23,0,11,2,62,1,17.4514
23,0,11,3,63,1,20.4358
23,0,11,4,64,1,15.6203
23,0,11,5,65,1,
23,0,11,6,66,1,
23,0,12,1,67,1,15.3736
23,0,12,2,68,1,18.9581
23,0,12,3,69,1,14.3425
23,0,12,4,70,1,19.327
23,0,12,5,71,1,
23,0,12,6,72,1,
23,0,13,1,73,1,17.4803
23,0,13,2,74,1,12.6647
23,0,13,3,75,1,12.4492
23,0,13,4,76,1,14.0336
23,0,13,5,77,1,
23,0,13,6,78,1,
23,0,14,1,79,1,17.787
23,0,14,2,80,1,13.9714
23,0,14,3,81,1,12.9559
23,0,14,4,82,1,16.7403
23,0,14,5,83,1,
23,0,14,6,84,1,
23,0,15,1,85,1,19.6937
23,0,15,2,86,1,12.2781
23,0,15,3,87,1,12.6626
23,0,15,4,88,1,13.447
23,0,15,5,89,1,
23,0,15,6,90,1,
23,0,16,1,91,1,12.4004
23,0,16,2,92,1,14.5848
23,0,16,3,93,1,14.9693
23,0,16,4,94,1,15.5537
23,0,16,5,95,1,
23,0,16,6,96,1,
23,0,17,1,97,1,14.3071
23,0,17,2,98,1,
23,0,17,3,99,1,16.476
23,0,17,4,100,1,10.2604
23,0,17,5,101,1,
23,0,17,6,102,1,
23,0,18,1,103,1,10.0138
23,0,18,2,104,1,11.7982
23,0,18,3,105,1,13.5826
23,0,18,4,106,1,28.9671
23,0,18,5,107,1,
23,0,18,6,108,1,
23,0,19,1,109,1,12.5204
23,0,19,2,110,1,10.5049
23,0,19,3,111,1,13.0893
23,0,19,4,112,1,13.0738
23,0,19,5,113,1,
23,0,19,6,114,1,
23,0,20,1,115,1,7.8271
23,0,20,2,116,1,
23,0,20,3,117,1,11.596
23,0,20,4,118,1,10.5805
23,0,20,5,119,1,
23,0,20,6,120,1,
23,0,21,1,121,1,17.1338
23,0,21,2,122,1,10.5183
23,0,21,3,123,1,5.7027
23,0,21,4,124,1,9.0872
23,0,21,5,125,1,
23,0,21,6,126,1,
23,0,22,1,127,1,10.0405
23,0,22,2,128,1,7.825
23,0,22,3,129,1,7.4094
23,0,22,4,130,1,8.9939
23,0,22,5,131,1,
23,0,22,6,132,1,
23,0,23,1,133,1,11.9472
23,0,23,2,134,1,10.5317
23,0,23,3,135,1,
23,0,23,4,136,1,15.3006
23,0,23,5,137,1,
23,0,23,6,138,1,
23,0,24,1,139,1,13.2539
23,0,24,2,140,1,9.6383
23,0,24,3,141,1,
23,0,24,4,142,1,15.4072
23,0,24,5,143,1,
23,0,24,6,144,1,
23,0,25,1,145,1,7.9606
23,0,25,2,146,1,2.945
23,0,25,3,147,1,10.3295
23,0,25,4,148,1,5.3139
23,0,25,5,149,1,
23,0,25,6,150,1,
23,0,26,1,151,1,6.6673
23,0,26,2,152,1,4.2517
23,0,26,3,153,1,0.6362
23,0,26,4,154,1,4.6206
23,0,26,5,155,1,
23,0,26,6,156,1,
23,0,27,1,157,1,5.774
23,0,27,2,158,1,9.1584
23,0,27,3,159,1,3.1429
23,0,27,4,160,1,2.7273
23,0,27,5,161,1,
23,0,27,6,162,1,
23,0,28,1,163,1,8.4807
23,0,28,2,164,1,6.8651
23,0,28,3,165,1,
23,0,28,4,166,1,3.234
23,0,28,5,167,1,
23,0,28,6,168,1,
24,0,1,1,1,0,30.6
24,0,1,2,2,0,2.7844
24,0,1,3,3,0,1.9689
24,0,1,4,4,0,7.3533
24,0,1,5,5,0,
24,0,1,6,6,0,
24,0,2,1,7,0,
24,0,2,2,8,0,6.8911
24,0,2,3,9,0,20.0756
24,0,2,4,10,0,29.06
24,0,2,5,11,0,
24,0,2,6,12,0,
24,0,3,1,13,0,
24,0,3,2,14,0,9.3978
24,0,3,3,15,0,
24,0,3,4,16,0,19.9667
24,0,3,5,17,0,
24,0,3,6,18,0,
24,0,4,1,19,0,
24,0,4,2,20,0,30.5045
24,0,4,3,21,0,15.889
24,0,4,4,22,0,8.6734
24,0,4,5,23,0,
24,0,4,6,24,0,
24,0,5,1,25,0,9.4268
24,0,5,2,26,0,12.6112
24,0,5,3,27,0,
24,0,5,4,28,0,4.7801
24,0,5,5,29,0,
24,0,5,6,30,0,
24,0,6,1,31,0,
24,0,6,2,32,0,4.5179
24,0,6,3,33,0,11.1024
24,0,6,4,34,0,3.8868
24,0,6,5,35,0,
24,0,6,6,36,0,
24,0,7,1,37,0,7.2401
24,0,7,2,38,0,
24,0,7,3,39,0,7.809
24,0,7,4,40,0,
24,0,7,5,41,0,
24,0,7,6,42,0,
24,0,8,1,43,0,
24,0,8,2,44,0,
24,0,8,3,45,0,33.1157
24,0,8,4,46,0,18.5002
24,0,8,5,47,0,
24,0,8,6,48,0,
24,0,9,1,49,1,
24,0,9,2,50,1,26.038
24,0,9,3,51,1,6.4224
24,0,9,4,52,1,
24,0,9,5,53,1,
24,0,9,6,54,1,
24,0,10,1,55,1,34.7602
24,0,10,2,56,1,
24,0,10,3,57,1,
24,0,10,4,58,1,35.1136
24,0,10,5,59,1,
24,0,10,6,60,1,
24,0,11,1,61,1,11.2669
24,0,11,2,62,1,12.0514
24,0,11,3,63,1,9.2358
24,0,11,4,64,1,26.6203
24,0,11,5,65,1,
24,0,11,6,66,1,
24,0,12,1,67,1,10.7736
24,0,12,2,68,1,
24,0,12,3,69,1,2.7425
24,0,12,4,70,1,4.727
24,0,12,5,71,1,
24,0,12,6,72,1,
24,0,13,1,73,1,1.8803
24,0,13,2,74,1,4.2647
24,0,13,3,75,1,2.8492
24,0,13,4,76,1,15.2336
24,0,13,5,77,1,
24,0,13,6,78,1,
24,0,14,1,79,1,11.587
24,0,14,2,80,1,
24,0,14,3,81,1,
24,0,14,4,82,1,1.3403
24,0,14,5,83,1,
24,0,14,6,84,1,
24,0,15,1,85,1,
24,0,15,2,86,1,4.0781
24,0,15,3,87,1,56.4626
24,0,15,4,88,1,6.047
24,0,15,5,89,1,
24,0,15,6,90,1,
24,0,16,1,91,1,4.6004
24,0,16,2,92,1,
24,0,16,3,93,1,2.9693
24,0,16,4,94,1,4.7537
24,0,16,5,95,1,
24,0,16,6,96,1,
24,0,17,1,97,1,4.9071
24,0,17,2,98,1,3.4915
24,0,17,3,99,1,2.876
24,0,17,4,100,1,
24,0,17,5,101,1,
24,0,17,6,102,1,
24,0,18,1,103,1,
24,0,18,2,104,1,4.5982
24,0,18,3,105,1,16.3826
24,0,18,4,106,1,13.5671
24,0,18,5,107,1,
24,0,18,6,108,1,
24,0,19,1,109,1,4.1204
24,0,19,2,110,1,2.3049
24,0,19,3,111,1,5.2893
24,0,19,4,112,1,3.0738
24,0,19,5,113,1,
24,0,19,6,114,1,
24,0,20,1,115,1,9.6271
24,0,20,2,116,1,6.4116
24,0,20,3,117,1,16.996
24,0,20,4,118,1,3.3805
24,0,20,5,119,1,
24,0,20,6,120,1,
24,0,21,1,121,1,7.3338
24,0,21,2,122,1,2.7183
24,0,21,3,123,1,3.3027
24,0,21,4,124,1,
24,0,21,5,125,1,
24,0,21,6,126,1,
24,0,22,1,127,1,
24,0,22,2,128,1,3.025
24,0,22,3,129,1,
24,0,22,4,130,1,5.9939
24,0,22,5,131,1,
24,0,22,6,132,1,
24,0,23,1,133,1,3.3472
24,0,23,2,134,1,5.5317
24,0,23,3,135,1,
24,0,23,4,136,1,3.1006
24,0,23,5,137,1,
24,0,23,6,138,1,
24,0,24,1,139,1,2.8539
24,0,24,2,140,1,3.2383
24,0,24,3,141,1,3.6228
24,0,24,4,142,1,7.8072
24,0,24,5,143,1,
24,0,24,6,144,1,
24,0,25,1,145,1,4.3606
24,0,25,2,146,1,4.745
24,0,25,3,147,1,7.5295
24,0,25,4,148,1,7.3139
24,0,25,5,149,1,
24,0,25,6,150,1,
24,0,26,1,151,1,1.0673
24,0,26,2,152,1,1.0517
24,0,26,3,153,1,1.0362
24,0,26,4,154,1,3.8206
24,0,26,5,155,1,
24,0,26,6,156,1,
24,0,27,1,157,1,
24,0,27,2,158,1,1.5584
24,0,27,3,159,1,
24,0,27,4,160,1,8.5273
24,0,27,5,161,1,
24,0,27,6,162,1,
24,0,28,1,163,1,
24,0,28,2,164,1,4.6651
24,0,28,3,165,1,
24,0,28,4,166,1,17.634
24,0,28,5,167,1,
24,0,28,6,168,1,
25,0,1,1,1,0,15.4
25,0,1,2,2,0,20.7844
25,0,1,3,3,0,19.7689
25,0,1,4,4,0,19.1533
25,0,1,5,5,0,
25,0,1,6,6,0,
25,0,2,1,7,0,16.1067
25,0,2,2,8,0,17.2911
25,0,2,3,9,0,12.8756
25,0,2,4,10,0,17.06
25,0,2,5,11,0,
25,0,2,6,12,0,
25,0,3,1,13,0,
25,0,3,2,14,0,17.3978
25,0,3,3,15,0,18.7823
25,0,3,4,16,0,16.3667
25,0,3,5,17,0,
25,0,3,6,18,0,
25,0,4,1,19,0,14.3201
25,0,4,2,20,0,18.9045
25,0,4,3,21,0,21.289
25,0,4,4,22,0,26.4734
25,0,4,5,23,0,
25,0,4,6,24,0,
25,0,5,1,25,0,13.6268
25,0,5,2,26,0,24.0112
25,0,5,3,27,0,19.1957
25,0,5,4,28,0,
25,0,5,5,29,0,
25,0,5,6,30,0,
25,0,6,1,31,0,15.5335
25,0,6,2,32,0,14.7179
25,0,6,3,33,0,20.9024
25,0,6,4,34,0,12.6868
25,0,6,5,35,0,
25,0,6,6,36,0,
25,0,7,1,37,0,22.8401
25,0,7,2,38,0,23.2246
25,0,7,3,39,0,22.809
25,0,7,4,40,0,19.7935
25,0,7,5,41,0,
25,0,7,6,42,0,
25,0,8,1,43,0,12.9468
25,0,8,2,44,0,12.1313
25,0,8,3,45,0,20.7157
25,0,8,4,46,0,21.3002
25,0,8,5,47,0,
25,0,8,6,48,0,
25,0,9,1,49,1,17.2535
25,0,9,2,50,1,13.038
25,0,9,3,51,1,
25,0,9,4,52,1,19.8069
25,0,9,5,53,1,
25,0,9,6,54,1,
25,0,10,1,55,1,16.1602
25,0,10,2,56,1,21.3447
25,0,10,3,57,1,13.7291
25,0,10,4,58,1,19.1136
25,0,10,5,59,1,
25,0,10,6,60,1,
25,0,11,1,61,1,20.4669
25,0,11,2,62,1,12.4514
25,0,11,3,63,1,15.4358
25,0,11,4,64,1,13.0203
25,0,11,5,65,1,
25,0,11,6,66,1,
25,0,12,1,67,1,17.3736
25,0,12,2,68,1,11.5581
25,0,12,3,69,1,19.3425
25,0,12,4,70,1,28.127
25,0,12,5,71,1,
25,0,12,6,72,1,
25,0,13,1,73,1,12.0803
25,0,13,2,74,1,15.0647
25,0,13,3,75,1,
25,0,13,4,76,1,11.4336
25,0,13,5,77,1,
25,0,13,6,78,1,
25,0,14,1,79,1,12.587
25,0,14,2,80,1,11.1714
25,0,14,3,81,1,19.3559
25,0,14,4,82,1,16.9403
25,0,14,5,83,1,
25,0,14,6,84,1,
25,0,15,1,85,1,
25,0,15,2,86,1,13.0781
25,0,15,3,87,1,12.6626
25,0,15,4,88,1,
25,0,15,5,89,1,
25,0,15,6,90,1,
25,0,16,1,91,1,12.2004
25,0,16,2,92,1,15.3848
25,0,16,3,93,1,20.1693
25,0,16,4,94,1,18.1537
25,0,16,5,95,1,
25,0,16,6,96,1,
25,0,17,1,97,1,
25,0,17,2,98,1,10.6915
25,0,17,3,99,1,14.876
25,0,17,4,100,1,24.8604
25,0,17,5,101,1,
25,0,17,6,102,1,
25,0,18,1,103,1,11.2138
25,0,18,2,104,1,14.3982
25,0,18,3,105,1,29.3826
25,0,18,4,106,1,24.3671
25,0,18,5,107,1,
25,0,18,6,108,1,
25,0,19,1,109,1,11.5204
25,0,19,2,110,1,11.9049
25,0,19,3,111,1,39.0893
25,0,19,4,112,1,16.2738
25,0,19,5,113,1,
25,0,19,6,114,1,
25,0,20,1,115,1,12.4271
25,0,20,2,116,1,17.6116
25,0,20,3,117,1,10.196
25,0,20,4,118,1,20.3805
25,0,20,5,119,1,
25,0,20,6,120,1,
25,0,21,1,121,1,21.1338
25,0,21,2,122,1,18.9183
25,0,21,3,123,1,15.9027
25,0,21,4,124,1,
25,0,21,5,125,1,
25,0,21,6,126,1,
25,0,22,1,127,1,12.2405
25,0,22,2,128,1,39.825
25,0,22,3,129,1,24.4094
25,0,22,4,130,1,10.7939
25,0,22,5,131,1,
25,0,22,6,132,1,
25,0,23,1,133,1,
25,0,23,2,134,1,25.5317
25,0,23,3,135,1,11.1161
25,0,23,4,136,1,15.3006
25,0,23,5,137,1,
25,0,23,6,138,1,
25,0,24,1,139,1,14.2539
25,0,24,2,140,1,10.8383
25,0,24,3,141,1,11.6228
25,0,24,4,142,1,20.6072
25,0,24,5,143,1,
25,0,24,6,144,1,
25,0,25,1,145,1,8.9606
25,0,25,2,146,1,12.545
25,0,25,3,147,1,14.3295
25,0,25,4,148,1,17.1139
25,0,25,5,149,1,
25,0,25,6,150,1,
25,0,26,1,151,1,13.0673
25,0,26,2,152,1,19.4517
25,0,26,3,153,1,17.2362
25,0,26,4,154,1,14.4206
25,0,26,5,155,1,
25,0,26,6,156,1,
25,0,27,1,157,1,10.574
25,0,27,2,158,1,16.9584
25,0,27,3,159,1,11.7429
25,0,27,4,160,1,12.9273
25,0,27,5,161,1,
25,0,27,6,162,1,
25,0,28,1,163,1,10.8807
25,0,28,2,164,1,8.0651
25,0,28,3,165,1,15.6496
25,0,28,4,166,1,11.234
25,0,28,5,167,1,
25,0,28,6,168,1,
26,0,1,1,1,0,49.6
26,0,1,2,2,0,43.3844
26,0,1,3,3,0,27.3689
26,0,1,4,4,0,30.3533
26,0,1,5,5,0,
26,0,1,6,6,0,
26,0,2,1,7,0,29.5067
26,0,2,2,8,0,28.4911
26,0,2,3,9,0,16.0756
26,0,2,4,10,0,
26,0,2,5,11,0,
26,0,2,6,12,0,
26,0,3,1,13,0,77.6134
26,0,3,2,14,0,25.3978
26,0,3,3,15,0,20.5823
26,0,3,4,16,0,61.7667
26,0,3,5,17,0,
26,0,3,6,18,0,
26,0,4,1,19,0,25.5201
26,0,4,2,20,0,25.1045
26,0,4,3,21,0,22.889
26,0,4,4,22,0,36.6734
26,0,4,5,23,0,
26,0,4,6,24,0,
26,0,5,1,25,0,23.8268
26,0,5,2,26,0,26.4112
26,0,5,3,27,0,32.1957
26,0,5,4,28,0,31.5801
26,0,5,5,29,0,
26,0,5,6,30,0,
26,0,6,1,31,0,45.9335
26,0,6,2,32,0,37.7179
26,0,6,3,33,0,36.3024
26,0,6,4,34,0,26.6868
26,0,6,5,35,0,
26,0,6,6,36,0,
26,0,7,1,37,0,29.8401
26,0,7,2,38,0,42.8246
26,0,7,3,39,0,
26,0,7,4,40,0,37.7935
26,0,7,5,41,0,
26,0,7,6,42,0,
26,0,8,1,43,0,32.5468
26,0,8,2,44,0,31.7313
26,0,8,3,45,0,29.3157
26,0,8,4,46,0,34.5002
26,0,8,5,47,0,
26,0,8,6,48,0,
26,0,9,1,49,1,33.0535
26,0,9,2,50,1,30.638
26,0,9,3,51,1,36.0224
26,0,9,4,52,1,36.4069
26,0,9,5,53,1,
26,0,9,6,54,1,
26,0,10,1,55,1,32.1602
26,0,10,2,56,1,27.9447
26,0,10,3,57,1,21.3291
26,0,10,4,58,1,32.3136
26,0,10,5,59,1,
26,0,10,6,60,1,
26,0,11,1,61,1,29.0669
26,0,11,2,62,1,30.4514
26,0,11,3,63,1,28.4358
26,0,11,4,64,1,23.0203
26,0,11,5,65,1,
26,0,11,6,66,1,
26,0,12,1,67,1,29.3736
26,0,12,2,68,1,25.3581
26,0,12,3,69,1,15.9425
26,0,12,4,70,1,29.127
26,0,12,5,71,1,
26,0,12,6,72,1,
26,0,13,1,73,1,25.2803
26,0,13,2,74,1,22.6647
26,0,13,3,75,1,27.2492
26,0,13,4,76,1,28.8336
26,0,13,5,77,1,
26,0,13,6,78,1,
26,0,14,1,79,1,30.187
26,0,14,2,80,1,38.3714
26,0,14,3,81,1,28.7559
26,0,14,4,82,1,28.3403
26,0,14,5,83,1,
26,0,14,6,84,1,
26,0,15,1,85,1,
26,0,15,2,86,1,37.2781
26,0,15,3,87,1,46.0626
26,0,15,4,88,1,35.047
26,0,15,5,89,1,
26,0,15,6,90,1,
26,0,16,1,91,1,25.2004
26,0,16,2,92,1,34.9848
26,0,16,3,93,1,33.5693
26,0,16,4,94,1,48.9537
26,0,16,5,95,1,
26,0,16,6,96,1,
26,0,17,1,97,1,33.3071
26,0,17,2,98,1,30.0915
26,0,17,3,99,1,29.076
26,0,17,4,100,1,36.8604
26,0,17,5,101,1,
26,0,17,6,102,1,
26,0,18,1,103,1,27.6138
26,0,18,2,104,1,35.5982
26,0,18,3,105,1,35.3826
26,0,18,4,106,1,63.3671
26,0,18,5,107,1,
26,0,18,6,108,1,
26,0,19,1,109,1,39.7204
26,0,19,2,110,1,40.7049
26,0,19,3,111,1,65.2893
26,0,19,4,112,1,34.6738
26,0,19,5,113,1,
26,0,19,6,114,1,
26,0,20,1,115,1,46.4271
26,0,20,2,116,1,41.8116
26,0,20,3,117,1,43.996
26,0,20,4,118,1,47.7805
26,0,20,5,119,1,
26,0,20,6,120,1,
26,0,21,1,121,1,45.1338
26,0,21,2,122,1,57.7183
26,0,21,3,123,1,41.7027
26,0,21,4,124,1,97.0872
26,0,21,5,125,1,
26,0,21,6,126,1,
26,0,22,1,127,1,97.0405
26,0,22,2,128,1,50.825
26,0,22,3,129,1,97.0094
26,0,22,4,130,1,54.1939
26,0,22,5,131,1,
26,0,22,6,132,1,
26,0,23,1,133,1,49.9472
26,0,23,2,134,1,46.5317
26,0,23,3,135,1,44.9161
26,0,23,4,136,1,36.7006
26,0,23,5,137,1,
26,0,23,6,138,1,
26,0,24,1,139,1,42.2539
26,0,24,2,140,1,55.0383
26,0,24,3,141,1,57.2228
26,0,24,4,142,1,54.8072
26,0,24,5,143,1,
26,0,24,6,144,1,
26,0,25,1,145,1,30.9606
26,0,25,2,146,1,49.145
26,0,25,3,147,1,44.9295
26,0,25,4,148,1,57.3139
26,0,25,5,149,1,
26,0,25,6,150,1,
26,0,26,1,151,1,46.6673
26,0,26,2,152,1,61.8517
26,0,26,3,153,1,51.6362
26,0,26,4,154,1,56.6206
26,0,26,5,155,1,
26,0,26,6,156,1,
26,0,27,1,157,1,65.774
26,0,27,2,158,1,43.3584
26,0,27,3,159,1,55.3429
26,0,27,4,160,1,57.3273
26,0,27,5,161,1,
26,0,27,6,162,1,
26,0,28,1,163,1,51.4807
26,0,28,2,164,1,43.4651
26,0,28,3,165,1,47.8496
26,0,28,4,166,1,65.834
26,0,28,5,167,1,
26,0,28,6,168,1,
27,0,1,1,1,0,11.2
27,0,1,2,2,0,3.5844
27,0,1,3,3,0,5.5689
27,0,1,4,4,0,10.3533
27,0,1,5,5,0,
27,0,1,6,6,0,
27,0,2,1,7,0,7.1067
27,0,2,2,8,0,19.8911
27,0,2,3,9,0,3.4756
27,0,2,4,10,0,5.26
27,0,2,5,11,0,
27,0,2,6,12,0,
27,0,3,1,13,0,
27,0,3,2,14,0,13.5978
27,0,3,3,15,0,16.5823
27,0,3,4,16,0,8.5667
27,0,3,5,17,0,
27,0,3,6,18,0,
27,0,4,1,19,0,
27,0,4,2,20,0,11.1045
27,0,4,3,21,0,10.489
27,0,4,4,22,0,9.8734
27,0,4,5,23,0,
27,0,4,6,24,0,
27,0,5,1,25,0,10.8268
27,0,5,2,26,0,7.8112
27,0,5,3,27,0,8.7957
27,0,5,4,28,0,9.7801
27,0,5,5,29,0,
27,0,5,6,30,0,
27,0,6,1,31,0,1.9335
27,0,6,2,32,0,2.9179
27,0,6,3,33,0,1.7024
27,0,6,4,34,0,
27,0,6,5,35,0,
27,0,6,6,36,0,
27,0,7,1,37,0,
27,0,7,2,38,0,3.2246
27,0,7,3,39,0,25.409
27,0,7,4,40,0,8.1935
27,0,7,5,41,0,
27,0,7,6,42,0,
27,0,8,1,43,0,13.3468
27,0,8,2,44,0,2.3313
27,0,8,3,45,0,
27,0,8,4,46,0,6.3002
27,0,8,5,47,0,
27,0,8,6,48,0,
27,0,9,1,49,1,8.8535
27,0,9,2,50,1,
27,0,9,3,51,1,6.0224
27,0,9,4,52,1,0.8069
27,0,9,5,53,1,
27,0,9,6,54,1,
27,0,10,1,55,1,
27,0,10,2,56,1,0.3447
27,0,10,3,57,1,0.3291
27,0,10,4,58,1,1.9136
27,0,10,5,59,1,
27,0,10,6,60,1,
27,0,11,1,61,1,3.0669
27,0,11,2,62,1,0.0514
27,0,11,3,63,1,1.8358
27,0,11,4,64,1,21.6203
27,0,11,5,65,1,
27,0,11,6,66,1,
27,0,12,1,67,1,
27,0,12,2,68,1,8.3581
27,0,12,3,69,1,16.5425
27,0,12,4,70,1,5.727
27,0,12,5,71,1,
27,0,12,6,72,1,
27,0,13,1,73,1,1.4803
27,0,13,2,74,1,5.8647
27,0,13,3,75,1,5.0492
27,0,13,4,76,1,6.8336
27,0,13,5,77,1,
27,0,13,6,78,1,
27,0,14,1,79,1,24.387
27,0,14,2,80,1,4.3714
27,0,14,3,81,1,5.7559
27,0,14,4,82,1,2.5403
27,0,14,5,83,1,
27,0,14,6,84,1,
27,0,15,1,85,1,14.4937
27,0,15,2,86,1,2.0781
27,0,15,3,87,1,1.6626
27,0,15,4,88,1,8.847
27,0,15,5,89,1,
27,0,15,6,90,1,
27,0,16,1,91,1,8.0004
27,0,16,2,92,1,8.1848
27,0,16,3,93,1,0
27,0,16,4,94,1,10.1537
27,0,16,5,95,1,
27,0,16,6,96,1,
27,0,17,1,97,1,
27,0,17,2,98,1,7.2915
27,0,17,3,99,1,18.476
27,0,17,4,100,1,3.0604
27,0,17,5,101,1,
27,0,17,6,102,1,
27,0,18,1,103,1,3.0138
27,0,18,2,104,1,10.5982
27,0,18,3,105,1,6.9826
27,0,18,4,106,1,17.5671
27,0,18,5,107,1,
27,0,18,6,108,1,
27,0,19,1,109,1,
27,0,19,2,110,1,1.3049
27,0,19,3,111,1,4.2893
27,0,19,4,112,1,0
27,0,19,5,113,1,
27,0,19,6,114,1,
27,0,20,1,115,1,7.0271
27,0,20,2,116,1,2.2116
27,0,20,3,117,1,6.996
27,0,20,4,118,1,4.1805
27,0,20,5,119,1,
27,0,20,6,120,1,
27,0,21,1,121,1,3.9338
27,0,21,2,122,1,7.1183
27,0,21,3,123,1,5.7027
27,0,21,4,124,1,4.6872
27,0,21,5,125,1,
27,0,21,6,126,1,
27,0,22,1,127,1,5.0405
27,0,22,2,128,1,8.025
27,0,22,3,129,1,13.2094
27,0,22,4,130,1,3.1939
27,0,22,5,131,1,
27,0,22,6,132,1,
27,0,23,1,133,1,12.9472
27,0,23,2,134,1,5.7317
27,0,23,3,135,1,2.1161
27,0,23,4,136,1,4.3006
27,0,23,5,137,1,
27,0,23,6,138,1,
27,0,24,1,139,1,17.6539
27,0,24,2,140,1,13.2383
27,0,24,3,141,1,4.4228
27,0,24,4,142,1,4.8072
27,0,24,5,143,1,
27,0,24,6,144,1,
27,0,25,1,145,1,
27,0,25,2,146,1,7.345
27,0,25,3,147,1,4.3295
27,0,25,4,148,1,4.7139
27,0,25,5,149,1,
27,0,25,6,150,1,
27,0,26,1,151,1,12.4673
27,0,26,2,152,1,8.8517
27,0,26,3,153,1,6.0362
27,0,26,4,154,1,21.8206
27,0,26,5,155,1,
27,0,26,6,156,1,
27,0,27,1,157,1,5.574
27,0,27,2,158,1,6.9584
27,0,27,3,159,1,6.5429
27,0,27,4,160,1,11.7273
27,0,27,5,161,1,
27,0,27,6,162,1,
27,0,28,1,163,1,9.0807
27,0,28,2,164,1,1.6651
27,0,28,3,165,1,6.8496
27,0,28,4,166,1,2.434
27,0,28,5,167,1,
27,0,28,6,168,1,
28,0,1,1,1,0,5.4
28,0,1,2,2,0,15.7844
28,0,1,3,3,0,4.5689
28,0,1,4,4,0,68.5533
28,0,1,5,5,0,
28,0,1,6,6,0,
28,0,2,1,7,0,14.9067
28,0,2,2,8,0,2.8911
28,0,2,3,9,0,2.0756
28,0,2,4,10,0,14.46
28,0,2,5,11,0,
28,0,2,6,12,0,
28,0,3,1,13,0,0.6134
28,0,3,2,14,0,2.1978
28,0,3,3,15,0,17.1823
28,0,3,4,16,0,0
28,0,3,5,17,0,
28,0,3,6,18,0,
28,0,4,1,19,0,23.1201
28,0,4,2,20,0,0
28,0,4,3,21,0,0.289
28,0,4,4,22,0,0.2734
28,0,4,5,23,0,
28,0,4,6,24,0,
28,0,5,1,25,0,
28,0,5,2,26,0,2.8112
28,0,5,3,27,0,0.5957
28,0,5,4,28,0,0
28,0,5,5,29,0,
28,0,5,6,30,0,
28,0,6,1,31,0,0
28,0,6,2,32,0,12.9179
28,0,6,3,33,0,0
28,0,6,4,34,0,0
28,0,6,5,35,0,
28,0,6,6,36,0,
28,0,7,1,37,0,0.6401
28,0,7,2,38,0,0.4246
28,0,7,3,39,0,0
28,0,7,4,40,0,27.3935
28,0,7,5,41,0,
28,0,7,6,42,0,
28,0,8,1,43,0,0.3468
28,0,8,2,44,0,0
28,0,8,3,45,0,0
28,0,8,4,46,0,0.1002
28,0,8,5,47,0,
28,0,8,6,48,0,
28,0,9,1,49,1,0
28,0,9,2,50,1,0
28,0,9,3,51,1,0
28,0,9,4,52,1,0
28,0,9,5,53,1,
28,0,9,6,54,1,
28,0,10,1,55,1,0.3602
28,0,10,2,56,1,0
28,0,10,3,57,1,0
28,0,10,4,58,1,0
28,0,10,5,59,1,
28,0,10,6,60,1,
28,0,11,1,61,1,2.2669
28,0,11,2,62,1,0
28,0,11,3,63,1,0.2358
28,0,11,4,64,1,0
28,0,11,5,65,1,
28,0,11,6,66,1,
28,0,12,1,67,1,
28,0,12,2,68,1,0
28,0,12,3,69,1,0
28,0,12,4,70,1,0
28,0,12,5,71,1,
28,0,12,6,72,1,
28,0,13,1,73,1,0
28,0,13,2,74,1,0
28,0,13,3,75,1,4.8492
28,0,13,4,76,1,0.4336
28,0,13,5,77,1,
28,0,13,6,78,1,
28,0,14,1,79,1,0
28,0,14,2,80,1,0
28,0,14,3,81,1,0
28,0,14,4,82,1,0.3403
28,0,14,5,83,1,
28,0,14,6,84,1,
28,0,15,1,85,1,0
28,0,15,2,86,1,0
28,0,15,3,87,1,0
28,0,15,4,88,1,0
28,0,15,5,89,1,
28,0,15,6,90,1,
28,0,16,1,91,1,0
28,0,16,2,92,1,0
28,0,16,3,93,1,0
28,0,16,4,94,1,0
28,0,16,5,95,1,
28,0,16,6,96,1,
28,0,17,1,97,1,0
28,0,17,2,98,1,0
28,0,17,3,99,1,0
28,0,17,4,100,1,0
28,0,17,5,101,1,
28,0,17,6,102,1,
28,0,18,1,103,1,0
28,0,18,2,104,1,0
28,0,18,3,105,1,0
28,0,18,4,106,1,0
28,0,18,5,107,1,
28,0,18,6,108,1,
28,0,19,1,109,1,
28,0,19,2,110,1,7.3049
28,0,19,3,111,1,2.6893
28,0,19,4,112,1,0
28,0,19,5,113,1,
28,0,19,6,114,1,
28,0,20,1,115,1,4.2271
28,0,20,2,116,1,0
28,0,20,3,117,1,0
28,0,20,4,118,1,0
28,0,20,5,119,1,
28,0,20,6,120,1,
28,0,21,1,121,1,0
28,0,21,2,122,1,2.3183
28,0,21,3,123,1,0
28,0,21,4,124,1,0
28,0,21,5,125,1,
28,0,21,6,126,1,
28,0,22,1,127,1,8.0405
28,0,22,2,128,1,0
28,0,22,3,129,1,0
28,0,22,4,130,1,0
28,0,22,5,131,1,
28,0,22,6,132,1,
28,0,23,1,133,1,
28,0,23,2,134,1,7.9317
28,0,23,3,135,1,4.5161
28,0,23,4,136,1,0
28,0,23,5,137,1,
28,0,23,6,138,1,
28,0,24,1,139,1,0
28,0,24,2,140,1,0
28,0,24,3,141,1,0
28,0,24,4,142,1,0
28,0,24,5,143,1,
28,0,24,6,144,1,
28,0,25,1,145,1,0
28,0,25,2,146,1,0
28,0,25,3,147,1,
28,0,25,4,148,1,0
28,0,25,5,149,1,
28,0,25,6,150,1,
28,0,26,1,151,1,
28,0,26,2,152,1,25.4517
28,0,26,3,153,1,13.4362
28,0,26,4,154,1,6.0206
28,0,26,5,155,1,
28,0,26,6,156,1,
28,0,27,1,157,1,7.774
28,0,27,2,158,1,4.1584
28,0,27,3,159,1,0
28,0,27,4,160,1,0
28,0,27,5,161,1,
28,0,27,6,162,1,
28,0,28,1,163,1,0
28,0,28,2,164,1,0
28,0,28,3,165,1,11.2496
28,0,28,4,166,1,10.834
28,0,28,5,167,1,
28,0,28,6,168,1,
29,0,1,1,1,0,21.8
29,0,1,2,2,0,1.7844
29,0,1,3,3,0,3.3689
29,0,1,4,4,0,
29,0,1,5,5,0,
29,0,1,6,6,0,
29,0,2,1,7,0,12.3067
29,0,2,2,8,0,4.8911
29,0,2,3,9,0,
29,0,2,4,10,0,4.26
29,0,2,5,11,0,
29,0,2,6,12,0,
29,0,3,1,13,0,5.2134
29,0,3,2,14,0,14.7978
29,0,3,3,15,0,7.9823
29,0,3,4,16,0,17.7667
29,0,3,5,17,0,
29,0,3,6,18,0,
29,0,4,1,19,0,7.9201
29,0,4,2,20,0,10.7045
29,0,4,3,21,0,
29,0,4,4,22,0,38.8734
29,0,4,5,23,0,
29,0,4,6,24,0,
29,0,5,1,25,0,42.0268
29,0,5,2,26,0,27.6112
29,0,5,3,27,0,32.1957
29,0,5,4,28,0,24.5801
29,0,5,5,29,0,
29,0,5,6,30,0,
29,0,6,1,31,0,22.5335
29,0,6,2,32,0,25.7179
29,0,6,3,33,0,14.5024
29,0,6,4,34,0,16.4868
29,0,6,5,35,0,
29,0,6,6,36,0,
29,0,7,1,37,0,36.2401
29,0,7,2,38,0,56.2246
29,0,7,3,39,0,27.209
29,0,7,4,40,0,36.5935
29,0,7,5,41,0,
29,0,7,6,42,0,
29,0,8,1,43,0,28.9468
29,0,8,2,44,0,15.5313
29,0,8,3,45,0,21.3157
29,0,8,4,46,0,29.1002
29,0,8,5,47,0,
29,0,8,6,48,0,
29,0,9,1,49,1,10.2535
29,0,9,2,50,1,22.838
29,0,9,3,51,1,28.2224
29,0,9,4,52,1,30.4069
29,0,9,5,53,1,
29,0,9,6,54,1,
29,0,10,1,55,1,22.9602
29,0,10,2,56,1,25.1447
29,0,10,3,57,1,50.7291
29,0,10,4,58,1,55.5136
29,0,10,5,59,1,
29,0,10,6,60,1,
29,0,11,1,61,1,14.2669
29,0,11,2,62,1,11.6514
29,0,11,3,63,1,6.8358
29,0,11,4,64,1,22.8203
29,0,11,5,65,1,
29,0,11,6,66,1,
29,0,12,1,67,1,8.7736
29,0,12,2,68,1,10.5581
29,0,12,3,69,1,16.7425
29,0,12,4,70,1,27.127
29,0,12,5,71,1,
29,0,12,6,72,1,
29,0,13,1,73,1,6.8803
29,0,13,2,74,1,8.2647
29,0,13,3,75,1,13.0492
29,0,13,4,76,1,14.2336
29,0,13,5,77,1,
29,0,13,6,78,1,
29,0,14,1,79,1,7.587
29,0,14,2,80,1,26.1714
29,0,14,3,81,1,11.7559
29,0,14,4,82,1,7.9403
29,0,14,5,83,1,
29,0,14,6,84,1,
29,0,15,1,85,1,3.6937
29,0,15,2,86,1,9.0781
29,0,15,3,87,1,18.0626
29,0,15,4,88,1,5.447
29,0,15,5,89,1,
29,0,15,6,90,1,
29,0,16,1,91,1,5.8004
29,0,16,2,92,1,10.3848
29,0,16,3,93,1,14.1693
29,0,16,4,94,1,6.1537
29,0,16,5,95,1,
29,0,16,6,96,1,
29,0,17,1,97,1,17.7071
29,0,17,2,98,1,8.2915
29,0,17,3,99,1,16.076
29,0,17,4,100,1,14.4604
29,0,17,5,101,1,
29,0,17,6,102,1,
29,0,18,1,103,1,9.2138
29,0,18,2,104,1,11.9982
29,0,18,3,105,1,25.3826
29,0,18,4,106,1,22.7671
29,0,18,5,107,1,
29,0,18,6,108,1,
29,0,19,1,109,1,5.1204
29,0,19,2,110,1,15.7049
29,0,19,3,111,1,13.4893
29,0,19,4,112,1,16.8738
29,0,19,5,113,1,
29,0,19,6,114,1,
29,0,20,1,115,1,
29,0,20,2,116,1,22.8116
29,0,20,3,117,1,24.196
29,0,20,4,118,1,14.3805
29,0,20,5,119,1,
29,0,20,6,120,1,
29,0,21,1,121,1,18.5338
29,0,21,2,122,1,14.3183
29,0,21,3,123,1,13.5027
29,0,21,4,124,1,
29,0,21,5,125,1,
29,0,21,6,126,1,
29,0,22,1,127,1,26.6405
29,0,22,2,128,1,20.025
29,0,22,3,129,1,12.4094
29,0,22,4,130,1,13.3939
29,0,22,5,131,1,
29,0,22,6,132,1,
29,0,23,1,133,1,10.9472
29,0,23,2,134,1,12.7317
29,0,23,3,135,1,11.1161
29,0,23,4,136,1,11.9006
29,0,23,5,137,1,
29,0,23,6,138,1,
29,0,24,1,139,1,14.8539
29,0,24,2,140,1,12.8383
29,0,24,3,141,1,10.4228
29,0,24,4,142,1,21.2072
29,0,24,5,143,1,
29,0,24,6,144,1,
29,0,25,1,145,1,4.9606
29,0,25,2,146,1,9.745
29,0,25,3,147,1,19.1295
29,0,25,4,148,1,17.1139
29,0,25,5,149,1,
29,0,25,6,150,1,
29,0,26,1,151,1,18.2673
29,0,26,2,152,1,15.2517
29,0,26,3,153,1,8.6362
29,0,26,4,154,1,17.6206
29,0,26,5,155,1,
29,0,26,6,156,1,
29,0,27,1,157,1,8.774
29,0,27,2,158,1,17.9584
29,0,27,3,159,1,17.9429
29,0,27,4,160,1,14.1273
29,0,27,5,161,1,
29,0,27,6,162,1,
29,0,28,1,163,1,12.8807
29,0,28,2,164,1,15.6651
29,0,28,3,165,1,18.2496
29,0,28,4,166,1,21.234
29,0,28,5,167,1,
29,0,28,6,168,1,
30,0,1,1,1,0,5.4
30,0,1,2,2,0,17.9844
30,0,1,3,3,0,5.7689
30,0,1,4,4,0,3.1533
30,0,1,5,5,0,
30,0,1,6,6,0,
30,0,2,1,7,0,0
30,0,2,2,8,0,0.8911
30,0,2,3,9,0,4.0756
30,0,2,4,10,0,13.06
30,0,2,5,11,0,
30,0,2,6,12,0,
30,0,3,1,13,0,0
30,0,3,2,14,0,26.5978
30,0,3,3,15,0,40.3823
30,0,3,4,16,0,7.7667
30,0,3,5,17,0,
30,0,3,6,18,0,
30,0,4,1,19,0,18.5201
30,0,4,2,20,0,24.3045
30,0,4,3,21,0,23.489
30,0,4,4,22,0,29.8734
30,0,4,5,23,0,
30,0,4,6,24,0,
30,0,5,1,25,0,0
30,0,5,2,26,0,23.0112
30,0,5,3,27,0,27.1957
30,0,5,4,28,0,28.1801
30,0,5,5,29,0,
30,0,5,6,30,0,
30,0,6,1,31,0,0
30,0,6,2,32,0,0
30,0,6,3,33,0,22.5024
30,0,6,4,34,0,36.0868
30,0,6,5,35,0,
30,0,6,6,36,0,
30,0,7,1,37,0,37.2401
30,0,7,2,38,0,32.0246
30,0,7,3,39,0,29.609
30,0,7,4,40,0,31.9935
30,0,7,5,41,0,
30,0,7,6,42,0,
30,0,8,1,43,0,0
30,0,8,2,44,0,17.5313
30,0,8,3,45,0,27.3157
30,0,8,4,46,0,20.1002
30,0,8,5,47,0,
30,0,8,6,48,0,
30,0,9,1,49,1,0
30,0,9,2,50,1,0
30,0,9,3,51,1,54.8224
30,0,9,4,52,1,20.2069
30,0,9,5,53,1,
30,0,9,6,54,1,
30,0,10,1,55,1,22.3602
30,0,10,2,56,1,48.5447
30,0,10,3,57,1,40.1291
30,0,10,4,58,1,42.7136
30,0,10,5,59,1,
30,0,10,6,60,1,
30,0,11,1,61,1,0
30,0,11,2,62,1,46.8514
30,0,11,3,63,1,32.4358
30,0,11,4,64,1,34.2203
30,0,11,5,65,1,
30,0,11,6,66,1,
30,0,12,1,67,1,30.5736
30,0,12,2,68,1,
30,0,12,3,69,1,44.5425
30,0,12,4,70,1,19.727
30,0,12,5,71,1,
30,0,12,6,72,1,
30,0,13,1,73,1,0
30,0,13,2,74,1,32.0647
30,0,13,3,75,1,43.4492
30,0,13,4,76,1,41.6336
30,0,13,5,77,1,
30,0,13,6,78,1,
30,0,14,1,79,1,43.187
30,0,14,2,80,1,60.1714
30,0,14,3,81,1,50.3559
30,0,14,4,82,1,47.9403
30,0,14,5,83,1,
30,0,14,6,84,1,
30,0,15,1,85,1,0
30,0,15,2,86,1,5.8781
30,0,15,3,87,1,46.4626
30,0,15,4,88,1,23.847
30,0,15,5,89,1,
30,0,15,6,90,1,
30,0,16,1,91,1,0
30,0,16,2,92,1,34.3848
30,0,16,3,93,1,40.9693
30,0,16,4,94,1,50.3537
30,0,16,5,95,1,
30,0,16,6,96,1,
30,0,17,1,97,1,34.7071
30,0,17,2,98,1,26.4915
30,0,17,3,99,1,29.676
30,0,17,4,100,1,31.0604
30,0,17,5,101,1,
30,0,17,6,102,1,
30,0,18,1,103,1,42.4138
30,0,18,2,104,1,35.7982
30,0,18,3,105,1,46.5826
30,0,18,4,106,1,28.9671
30,0,18,5,107,1,
30,0,18,6,108,1,
30,0,19,1,109,1,0
30,0,19,2,110,1,19.1049
30,0,19,3,111,1,35.2893
30,0,19,4,112,1,34.8738
30,0,19,5,113,1,
30,0,19,6,114,1,
30,0,20,1,115,1,0
30,0,20,2,116,1,27.2116
30,0,20,3,117,1,18.796
30,0,20,4,118,1,42.1805
30,0,20,5,119,1,
30,0,20,6,120,1,
30,0,21,1,121,1,24.1338
30,0,21,2,122,1,16.9183
30,0,21,3,123,1,46.3027
30,0,21,4,124,1,39.0872
30,0,21,5,125,1,
30,0,21,6,126,1,
30,0,22,1,127,1,48.6405
30,0,22,2,128,1,31.025
30,0,22,3,129,1,65.0094
30,0,22,4,130,1,24.7939
30,0,22,5,131,1,
30,0,22,6,132,1,
30,0,23,1,133,1,0
30,0,23,2,134,1,31.5317
30,0,23,3,135,1,26.5161
30,0,23,4,136,1,26.1006
30,0,23,5,137,1,
30,0,23,6,138,1,
30,0,24,1,139,1,0
30,0,24,2,140,1,38.6383
30,0,24,3,141,1,21.2228
30,0,24,4,142,1,57.6072
30,0,24,5,143,1,
30,0,24,6,144,1,
30,0,25,1,145,1,0
30,0,25,2,146,1,46.545
30,0,25,3,147,1,54.7295
30,0,25,4,148,1,69.7139
30,0,25,5,149,1,
30,0,25,6,150,1,
30,0,26,1,151,1,37.8673
30,0,26,2,152,1,32.6517
30,0,26,3,153,1,40.6362
30,0,26,4,154,1,32.4206
30,0,26,5,155,1,
30,0,26,6,156,1,
30,0,27,1,157,1,0
30,0,27,2,158,1,55.3584
30,0,27,3,159,1,33.3429
30,0,27,4,160,1,31.9273
30,0,27,5,161,1,
30,0,27,6,162,1,
30,0,28,1,163,1,50.0807
30,0,28,2,164,1,20.2651
30,0,28,3,165,1,37.4496
30,0,28,4,166,1,
30,0,28,5,167,1,
30,0,28,6,168,1,
31,0,1,1,1,0,2.2
31,0,1,2,2,0,0
31,0,1,3,3,0,0
31,0,1,4,4,0,0
31,0,1,5,5,0,
31,0,1,6,6,0,
31,0,2,1,7,0,7.9067
31,0,2,2,8,0,29.4911
31,0,2,3,9,0,0
31,0,2,4,10,0,0
31,0,2,5,11,0,
31,0,2,6,12,0,
31,0,3,1,13,0,5.0134
31,0,3,2,14,0,0
31,0,3,3,15,0,7.3823
31,0,3,4,16,0,0
31,0,3,5,17,0,
31,0,3,6,18,0,
31,0,4,1,19,0,0
31,0,4,2,20,0,0
31,0,4,3,21,0,1.089
31,0,4,4,22,0,4.2734
31,0,4,5,23,0,
31,0,4,6,24,0,
31,0,5,1,25,0,0
31,0,5,2,26,0,0
31,0,5,3,27,0,0
31,0,5,4,28,0,0
31,0,5,5,29,0,
31,0,5,6,30,0,
31,0,6,1,31,0,0
31,0,6,2,32,0,0
31,0,6,3,33,0,0
31,0,6,4,34,0,0
31,0,6,5,35,0,
31,0,6,6,36,0,
31,0,7,1,37,0,0.2401
31,0,7,2,38,0,0
31,0,7,3,39,0,0
31,0,7,4,40,0,0
31,0,7,5,41,0,
31,0,7,6,42,0,
31,0,8,1,43,0,0
31,0,8,2,44,0,0
31,0,8,3,45,0,0
31,0,8,4,46,0,0
31,0,8,5,47,0,
31,0,8,6,48,0,
31,0,9,1,49,1,0
31,0,9,2,50,1,0
31,0,9,3,51,1,0
31,0,9,4,52,1,0
31,0,9,5,53,1,
31,0,9,6,54,1,
31,0,10,1,55,1,0
31,0,10,2,56,1,0
31,0,10,3,57,1,0
31,0,10,4,58,1,0
31,0,10,5,59,1,
31,0,10,6,60,1,
31,0,11,1,61,1,0
31,0,11,2,62,1,0
31,0,11,3,63,1,0
31,0,11,4,64,1,0
31,0,11,5,65,1,
31,0,11,6,66,1,
31,0,12,1,67,1,0
31,0,12,2,68,1,
31,0,12,3,69,1,0
31,0,12,4,70,1,0
31,0,12,5,71,1,
31,0,12,6,72,1,
31,0,13,1,73,1,0
31,0,13,2,74,1,0
31,0,13,3,75,1,0
31,0,13,4,76,1,0
31,0,13,5,77,1,
31,0,13,6,78,1,
31,0,14,1,79,1,0
31,0,14,2,80,1,0
31,0,14,3,81,1,0
31,0,14,4,82,1,0
31,0,14,5,83,1,
31,0,14,6,84,1,
31,0,15,1,85,1,0
31,0,15,2,86,1,0
31,0,15,3,87,1,0
31,0,15,4,88,1,0
31,0,15,5,89,1,
31,0,15,6,90,1,
31,0,16,1,91,1,2.2004
31,0,16,2,92,1,2.3848
31,0,16,3,93,1,0
31,0,16,4,94,1,0
31,0,16,5,95,1,
31,0,16,6,96,1,
31,0,17,1,97,1,0
31,0,17,2,98,1,0
31,0,17,3,99,1,0
31,0,17,4,100,1,0
31,0,17,5,101,1,
31,0,17,6,102,1,
31,0,18,1,103,1,0
31,0,18,2,104,1,2.5982
31,0,18,3,105,1,0
31,0,18,4,106,1,0
31,0,18,5,107,1,
31,0,18,6,108,1,
31,0,19,1,109,1,0
31,0,19,2,110,1,0
31,0,19,3,111,1,0
31,0,19,4,112,1,0
31,0,19,5,113,1,
31,0,19,6,114,1,
31,0,20,1,115,1,
31,0,20,2,116,1,0
31,0,20,3,117,1,0
31,0,20,4,118,1,0
31,0,20,5,119,1,
31,0,20,6,120,1,
31,0,21,1,121,1,0
31,0,21,2,122,1,0
31,0,21,3,123,1,0
31,0,21,4,124,1,0
31,0,21,5,125,1,
31,0,21,6,126,1,
31,0,22,1,127,1,9.4405
31,0,22,2,128,1,0
31,0,22,3,129,1,0
31,0,22,4,130,1,0
31,0,22,5,131,1,
31,0,22,6,132,1,
31,0,23,1,133,1,0
31,0,23,2,134,1,0
31,0,23,3,135,1,0
31,0,23,4,136,1,0
31,0,23,5,137,1,
31,0,23,6,138,1,
31,0,24,1,139,1,0
31,0,24,2,140,1,0
31,0,24,3,141,1,0
31,0,24,4,142,1,0
31,0,24,5,143,1,
31,0,24,6,144,1,
31,0,25,1,145,1,0
31,0,25,2,146,1,0
31,0,25,3,147,1,0
31,0,25,4,148,1,0
31,0,25,5,149,1,
31,0,25,6,150,1,
31,0,26,1,151,1,0
31,0,26,2,152,1,0
31,0,26,3,153,1,0
31,0,26,4,154,1,0
31,0,26,5,155,1,
31,0,26,6,156,1,
31,0,27,1,157,1,
31,0,27,2,158,1,0
31,0,27,3,159,1,0
31,0,27,4,160,1,0
31,0,27,5,161,1,
31,0,27,6,162,1,
31,0,28,1,163,1,4.8807
31,0,28,2,164,1,0
31,0,28,3,165,1,0
31,0,28,4,166,1,
31,0,28,5,167,1,
31,0,28,6,168,1,
32,0,1,1,1,0,2
32,0,1,2,2,0,5.9844
32,0,1,3,3,0,7.3689
32,0,1,4,4,0,11.9533
32,0,1,5,5,0,
32,0,1,6,6,0,
32,0,2,1,7,0,1.9067
32,0,2,2,8,0,5.8911
32,0,2,3,9,0,7.8756
32,0,2,4,10,0,12.86
32,0,2,5,11,0,
32,0,2,6,12,0,
32,0,3,1,13,0,0
32,0,3,2,14,0,0
32,0,3,3,15,0,3.7823
32,0,3,4,16,0,1.7667
32,0,3,5,17,0,
32,0,3,6,18,0,
32,0,4,1,19,0,0.7201
32,0,4,2,20,0,0
32,0,4,3,21,0,0
32,0,4,4,22,0,0
32,0,4,5,23,0,
32,0,4,6,24,0,
32,0,5,1,25,0,0
32,0,5,2,26,0,1.6112
32,0,5,3,27,0,6.5957
32,0,5,4,28,0,1.5801
32,0,5,5,29,0,
32,0,5,6,30,0,
32,0,6,1,31,0,1.5335
32,0,6,2,32,0,0
32,0,6,3,33,0,2.5024
32,0,6,4,34,0,
32,0,6,5,35,0,
32,0,6,6,36,0,
32,0,7,1,37,0,3.4401
32,0,7,2,38,0,0
32,0,7,3,39,0,
32,0,7,4,40,0,3.3935
32,0,7,5,41,0,
32,0,7,6,42,0,
32,0,8,1,43,0,
32,0,8,2,44,0,1.3313
32,0,8,3,45,0,
32,0,8,4,46,0,
32,0,8,5,47,0,
32,0,8,6,48,0,
32,0,9,1,49,1,0
32,0,9,2,50,1,0
32,0,9,3,51,1,0
32,0,9,4,52,1,0
32,0,9,5,53,1,
32,0,9,6,54,1,
32,0,10,1,55,1,
32,0,10,2,56,1,5.1447
32,0,10,3,57,1,18.1291
32,0,10,4,58,1,8.1136
32,0,10,5,59,1,
32,0,10,6,60,1,
32,0,11,1,61,1,1.6669
32,0,11,2,62,1,1.2514
32,0,11,3,63,1,4.0358
32,0,11,4,64,1,6.0203
32,0,11,5,65,1,
32,0,11,6,66,1,
32,0,12,1,67,1,0
32,0,12,2,68,1,
32,0,12,3,69,1,7.9425
32,0,12,4,70,1,5.927
32,0,12,5,71,1,
32,0,12,6,72,1,
32,0,13,1,73,1,0
32,0,13,2,74,1,23.8647
32,0,13,3,75,1,2.4492
32,0,13,4,76,1,
32,0,13,5,77,1,
32,0,13,6,78,1,
32,0,14,1,79,1,0
32,0,14,2,80,1,15.7714
32,0,14,3,81,1,10.7559
32,0,14,4,82,1,2.7403
32,0,14,5,83,1,
32,0,14,6,84,1,
32,0,15,1,85,1,0
32,0,15,2,86,1,0
32,0,15,3,87,1,14.6626
32,0,15,4,88,1,0
32,0,15,5,89,1,
32,0,15,6,90,1,
32,0,16,1,91,1,
32,0,16,2,92,1,0
32,0,16,3,93,1,16.5693
32,0,16,4,94,1,26.5537
32,0,16,5,95,1,
32,0,16,6,96,1,
32,0,17,1,97,1,0
32,0,17,2,98,1,8.4915
32,0,17,3,99,1,1.476
32,0,17,4,100,1,0
32,0,17,5,101,1,
32,0,17,6,102,1,
32,0,18,1,103,1,0
32,0,18,2,104,1,0
32,0,18,3,105,1,0
32,0,18,4,106,1,0
32,0,18,5,107,1,
32,0,18,6,108,1,
32,0,19,1,109,1,0
32,0,19,2,110,1,43.3049
32,0,19,3,111,1,1.2893
32,0,19,4,112,1,0
32,0,19,5,113,1,
32,0,19,6,114,1,
32,0,20,1,115,1,0
32,0,20,2,116,1,0.2116
32,0,20,3,117,1,0
32,0,20,4,118,1,10.1805
32,0,20,5,119,1,
32,0,20,6,120,1,
32,0,21,1,121,1,0
32,0,21,2,122,1,0
32,0,21,3,123,1,0
32,0,21,4,124,1,
32,0,21,5,125,1,
32,0,21,6,126,1,
32,0,22,1,127,1,0
32,0,22,2,128,1,0
32,0,22,3,129,1,5.0094
32,0,22,4,130,1,4.9939
32,0,22,5,131,1,
32,0,22,6,132,1,
32,0,23,1,133,1,0
32,0,23,2,134,1,0
32,0,23,3,135,1,
32,0,23,4,136,1,0
32,0,23,5,137,1,
32,0,23,6,138,1,
32,0,24,1,139,1,0.8539
32,0,24,2,140,1,0
32,0,24,3,141,1,0
32,0,24,4,142,1,0
32,0,24,5,143,1,
32,0,24,6,144,1,
32,0,25,1,145,1,0
32,0,25,2,146,1,0
32,0,25,3,147,1,0
32,0,25,4,148,1,0
32,0,25,5,149,1,
32,0,25,6,150,1,
32,0,26,1,151,1,0
32,0,26,2,152,1,4.6517
32,0,26,3,153,1,0
32,0,26,4,154,1,0
32,0,26,5,155,1,
32,0,26,6,156,1,
32,0,27,1,157,1,0
32,0,27,2,158,1,
32,0,27,3,159,1,1.5429
32,0,27,4,160,1,4.5273
32,0,27,5,161,1,
32,0,27,6,162,1,
32,0,28,1,163,1,2.4807
32,0,28,2,164,1,5.4651
32,0,28,3,165,1,0.4496
32,0,28,4,166,1,1.434
32,0,28,5,167,1,
32,0,28,6,168,1,
33,0,1,1,1,0,18.8
33,0,1,2,2,0,10.3844
33,0,1,3,3,0,11.1689
33,0,1,4,4,0,15.3533
33,0,1,5,5,0,
33,0,1,6,6,0,
33,0,2,1,7,0,30.9067
33,0,2,2,8,0,17.0911
33,0,2,3,9,0,9.8756
33,0,2,4,10,0,14.06
33,0,2,5,11,0,
33,0,2,6,12,0,
33,0,3,1,13,0,17.6134
33,0,3,2,14,0,34.7978
33,0,3,3,15,0,20.7823
33,0,3,4,16,0,31.7667
33,0,3,5,17,0,
33,0,3,6,18,0,
33,0,4,1,19,0,45.7201
33,0,4,2,20,0,51.5045
33,0,4,3,21,0,29.689
33,0,4,4,22,0,54.8734
33,0,4,5,23,0,
33,0,4,6,24,0,
33,0,5,1,25,0,65.6268
33,0,5,2,26,0,25.6112
33,0,5,3,27,0,11.5957
33,0,5,4,28,0,13.5801
33,0,5,5,29,0,
33,0,5,6,30,0,
33,0,6,1,31,0,19.5335
33,0,6,2,32,0,12.9179
33,0,6,3,33,0,2.5024
33,0,6,4,34,0,5.4868
33,0,6,5,35,0,
33,0,6,6,36,0,
33,0,7,1,37,0,1.4401
33,0,7,2,38,0,0.4246
33,0,7,3,39,0,1.409
33,0,7,4,40,0,3.3935
33,0,7,5,41,0,
33,0,7,6,42,0,
33,0,8,1,43,0,11.3468
33,0,8,2,44,0,7.3313
33,0,8,3,45,0,8.3157
33,0,8,4,46,0,5.3002
33,0,8,5,47,0,
33,0,8,6,48,0,
33,0,9,1,49,1,
33,0,9,2,50,1,2.238
33,0,9,3,51,1,8.2224
33,0,9,4,52,1,5.2069
33,0,9,5,53,1,
33,0,9,6,54,1,
33,0,10,1,55,1,1.1602
33,0,10,2,56,1,1.1447
33,0,10,3,57,1,56.1291
33,0,10,4,58,1,0
33,0,10,5,59,1,
33,0,10,6,60,1,
33,0,11,1,61,1,22.0669
33,0,11,2,62,1,12.0514
33,0,11,3,63,1,35.0358
33,0,11,4,64,1,36.0203
33,0,11,5,65,1,
33,0,11,6,66,1,
33,0,12,1,67,1,49.9736
33,0,12,2,68,1,12.9581
33,0,12,3,69,1,9.9425
33,0,12,4,70,1,8.927
33,0,12,5,71,1,
33,0,12,6,72,1,
33,0,13,1,73,1,4.8803
33,0,13,2,74,1,13.8647
33,0,13,3,75,1,
33,0,13,4,76,1,6.8336
33,0,13,5,77,1,
33,0,13,6,78,1,
33,0,14,1,79,1,13.787
33,0,14,2,80,1,11.7714
33,0,14,3,81,1,7.7559
33,0,14,4,82,1,11.7403
33,0,14,5,83,1,
33,0,14,6,84,1,
33,0,15,1,85,1,6.6937
33,0,15,2,86,1,6.6781
33,0,15,3,87,1,17.6626
33,0,15,4,88,1,10.647
33,0,15,5,89,1,
33,0,15,6,90,1,
33,0,16,1,91,1,9.6004
33,0,16,2,92,1,17.5848
33,0,16,3,93,1,8.5693
33,0,16,4,94,1,2.5537
33,0,16,5,95,1,
33,0,16,6,96,1,
33,0,17,1,97,1,15.5071
33,0,17,2,98,1,8.4915
33,0,17,3,99,1,9.476
33,0,17,4,100,1,13.4604
33,0,17,5,101,1,
33,0,17,6,102,1,
33,0,18,1,103,1,7.4138
33,0,18,2,104,1,24.3982
33,0,18,3,105,1,11.3826
33,0,18,4,106,1,6.3671
33,0,18,5,107,1,
33,0,18,6,108,1,
33,0,19,1,109,1,48.3204
33,0,19,2,110,1,20.3049
33,0,19,3,111,1,5.2893
33,0,19,4,112,1,23.2738
33,0,19,5,113,1,
33,0,19,6,114,1,
33,0,20,1,115,1,11.2271
33,0,20,2,116,1,33.2116
33,0,20,3,117,1,20.196
33,0,20,4,118,1,12.1805
33,0,20,5,119,1,
33,0,20,6,120,1,
33,0,21,1,121,1,11.1338
33,0,21,2,122,1,16.1183
33,0,21,3,123,1,16.1027
33,0,21,4,124,1,20.0872
33,0,21,5,125,1,
33,0,21,6,126,1,
33,0,22,1,127,1,24.0405
33,0,22,2,128,1,
33,0,22,3,129,1,19.0094
33,0,22,4,130,1,11.9939
33,0,22,5,131,1,
33,0,22,6,132,1,
33,0,23,1,133,1,8.9472
33,0,23,2,134,1,9.9317
33,0,23,3,135,1,13.9161
33,0,23,4,136,1,6.9006
33,0,23,5,137,1,
33,0,23,6,138,1,
33,0,24,1,139,1,13.8539
33,0,24,2,140,1,6.8383
33,0,24,3,141,1,10.8228
33,0,24,4,142,1,18.8072
33,0,24,5,143,1,
33,0,24,6,144,1,
33,0,25,1,145,1,14.7606
33,0,25,2,146,1,10.745
33,0,25,3,147,1,8.7295
33,0,25,4,148,1,21.7139
33,0,25,5,149,1,
33,0,25,6,150,1,
33,0,26,1,151,1,29.6673
33,0,26,2,152,1,15.6517
33,0,26,3,153,1,13.6362
33,0,26,4,154,1,16.4206
33,0,26,5,155,1,
33,0,26,6,156,1,
33,0,27,1,157,1,24.574
33,0,27,2,158,1,9.5584
33,0,27,3,159,1,28.5429
33,0,27,4,160,1,13.3273
33,0,27,5,161,1,
33,0,27,6,162,1,
33,0,28,1,163,1,26.4807
33,0,28,2,164,1,19.4651
33,0,28,3,165,1,18.4496
33,0,28,4,166,1,18.434
33,0,28,5,167,1,
33,0,28,6,168,1,
34,0,1,1,1,0,
34,0,1,2,2,0,4.9844
34,0,1,3,3,0,19.5689
34,0,1,4,4,0,7.1533
34,0,1,5,5,0,
34,0,1,6,6,0,
34,0,2,1,7,0,12.7067
34,0,2,2,8,0,6.8911
34,0,2,3,9,0,0
34,0,2,4,10,0,11.66
34,0,2,5,11,0,
34,0,2,6,12,0,
34,0,3,1,13,0,17.8134
34,0,3,2,14,0,10.5978
34,0,3,3,15,0,7.7823
34,0,3,4,16,0,12.3667
34,0,3,5,17,0,
34,0,3,6,18,0,
34,0,4,1,19,0,
34,0,4,2,20,0,9.7045
34,0,4,3,21,0,16.689
34,0,4,4,22,0,5.2734
34,0,4,5,23,0,
34,0,4,6,24,0,
34,0,5,1,25,0,16.8268
34,0,5,2,26,0,6.0112
34,0,5,3,27,0,10.7957
34,0,5,4,28,0,3.3801
34,0,5,5,29,0,
34,0,5,6,30,0,
34,0,6,1,31,0,2.1335
34,0,6,2,32,0,10.7179
34,0,6,3,33,0,
34,0,6,4,34,0,0
34,0,6,5,35,0,
34,0,6,6,36,0,
34,0,7,1,37,0,1.6401
34,0,7,2,38,0,5.4246
34,0,7,3,39,0,10.009
34,0,7,4,40,0,12.1935
34,0,7,5,41,0,
34,0,7,6,42,0,
34,0,8,1,43,0,9.3468
34,0,8,2,44,0,9.5313
34,0,8,3,45,0,
34,0,8,4,46,0,4.5002
34,0,8,5,47,0,
34,0,8,6,48,0,
34,0,9,1,49,1,8.4535
34,0,9,2,50,1,3.038
34,0,9,3,51,1,4.8224
34,0,9,4,52,1,2.8069
34,0,9,5,53,1,
34,0,9,6,54,1,
34,0,10,1,55,1,
34,0,10,2,56,1,0.9447
34,0,10,3,57,1,4.1291
34,0,10,4,58,1,0.7136
34,0,10,5,59,1,
34,0,10,6,60,1,
34,0,11,1,61,1,3.2669
34,0,11,2,62,1,1.4514
34,0,11,3,63,1,0.0358
34,0,11,4,64,1,1.0203
34,0,11,5,65,1,
34,0,11,6,66,1,
34,0,12,1,67,1,0.5736
34,0,12,2,68,1,0.9581
34,0,12,3,69,1,3.1425
34,0,12,4,70,1,4.927
34,0,12,5,71,1,
34,0,12,6,72,1,
34,0,13,1,73,1,0.4803
34,0,13,2,74,1,3.2647
34,0,13,3,75,1,2.2492
34,0,13,4,76,1,0
34,0,13,5,77,1,
34,0,13,6,78,1,
34,0,14,1,79,1,0.987
34,0,14,2,80,1,10.1714
34,0,14,3,81,1,0
34,0,14,4,82,1,3.5403
34,0,14,5,83,1,
34,0,14,6,84,1,
34,0,15,1,85,1,4.8937
34,0,15,2,86,1,0
34,0,15,3,87,1,11.6626
34,0,15,4,88,1,6.847
34,0,15,5,89,1,
34,0,15,6,90,1,
34,0,16,1,91,1,3.0004
34,0,16,2,92,1,2.1848
34,0,16,3,93,1,1.5693
34,0,16,4,94,1,0
34,0,16,5,95,1,
34,0,16,6,96,1,
34,0,17,1,97,1,1.9071
34,0,17,2,98,1,0
34,0,17,3,99,1,2.476
34,0,17,4,100,1,2.6604
34,0,17,5,101,1,
34,0,17,6,102,1,
34,0,18,1,103,1,0
34,0,18,2,104,1,0
34,0,18,3,105,1,5.9826
34,0,18,4,106,1,3.7671
34,0,18,5,107,1,
34,0,18,6,108,1,
34,0,19,1,109,1,0
34,0,19,2,110,1,0
34,0,19,3,111,1,6.6893
34,0,19,4,112,1,7.0738
34,0,19,5,113,1,
34,0,19,6,114,1,
34,0,20,1,115,1,
34,0,20,2,116,1,10.2116
34,0,20,3,117,1,0
34,0,20,4,118,1,0
34,0,20,5,119,1,
34,0,20,6,120,1,
34,0,21,1,121,1,4.9338
34,0,21,2,122,1,5.5183
34,0,21,3,123,1,3.7027
34,0,21,4,124,1,14.4872
34,0,21,5,125,1,
34,0,21,6,126,1,
34,0,22,1,127,1,0
34,0,22,2,128,1,0.025
34,0,22,3,129,1,0
34,0,22,4,130,1,25.3939
34,0,22,5,131,1,
34,0,22,6,132,1,
34,0,23,1,133,1,2.5472
34,0,23,2,134,1,6.1317
34,0,23,3,135,1,4.7161
34,0,23,4,136,1,3.3006
34,0,23,5,137,1,
34,0,23,6,138,1,
34,0,24,1,139,1,4.0539
34,0,24,2,140,1,15.0383
34,0,24,3,141,1,5.8228
34,0,24,4,142,1,14.6072
34,0,24,5,143,1,
34,0,24,6,144,1,
34,0,25,1,145,1,9.3606
34,0,25,2,146,1,14.945
34,0,25,3,147,1,18.5295
34,0,25,4,148,1,8.7139
34,0,25,5,149,1,
34,0,25,6,150,1,
34,0,26,1,151,1,3.0673
34,0,26,2,152,1,6.2517
34,0,26,3,153,1,10.4362
34,0,26,4,154,1,0.2206
34,0,26,5,155,1,
34,0,26,6,156,1,
34,0,27,1,157,1,18.974
34,0,27,2,158,1,7.5584
34,0,27,3,159,1,10.3429
34,0,27,4,160,1,3.5273
34,0,27,5,161,1,
34,0,27,6,162,1,
34,0,28,1,163,1,0
34,0,28,2,164,1,22.4651
34,0,28,3,165,1,0.8496
34,0,28,4,166,1,25.634
34,0,28,5,167,1,
34,0,28,6,168,1,
35,0,1,1,1,0,0
35,0,1,2,2,0,5.7844
35,0,1,3,3,0,0
35,0,1,4,4,0,0
35,0,1,5,5,0,
35,0,1,6,6,0,
35,0,2,1,7,0,0
35,0,2,2,8,0,0
35,0,2,3,9,0,0
35,0,2,4,10,0,0
35,0,2,5,11,0,
35,0,2,6,12,0,
35,0,3,1,13,0,0
35,0,3,2,14,0,0
35,0,3,3,15,0,0
35,0,3,4,16,0,0
35,0,3,5,17,0,
35,0,3,6,18,0,
35,0,4,1,19,0,0
35,0,4,2,20,0,0
35,0,4,3,21,0,0
35,0,4,4,22,0,0
35,0,4,5,23,0,
35,0,4,6,24,0,
35,0,5,1,25,0,0
35,0,5,2,26,0,0
35,0,5,3,27,0,0
35,0,5,4,28,0,0
35,0,5,5,29,0,
35,0,5,6,30,0,
35,0,6,1,31,0,0
35,0,6,2,32,0,0
35,0,6,3,33,0,0
35,0,6,4,34,0,0
35,0,6,5,35,0,
35,0,6,6,36,0,
35,0,7,1,37,0,0
35,0,7,2,38,0,0
35,0,7,3,39,0,0
35,0,7,4,40,0,0
35,0,7,5,41,0,
35,0,7,6,42,0,
35,0,8,1,43,0,
35,0,8,2,44,0,0
35,0,8,3,45,0,0
35,0,8,4,46,0,0
35,0,8,5,47,0,
35,0,8,6,48,0,
35,0,9,1,49,1,
35,0,9,2,50,1,0
35,0,9,3,51,1,0
35,0,9,4,52,1,0
35,0,9,5,53,1,
35,0,9,6,54,1,
35,0,10,1,55,1,0
35,0,10,2,56,1,0
35,0,10,3,57,1,0
35,0,10,4,58,1,0
35,0,10,5,59,1,
35,0,10,6,60,1,
35,0,11,1,61,1,0
35,0,11,2,62,1,0
35,0,11,3,63,1,0
35,0,11,4,64,1,0
35,0,11,5,65,1,
35,0,11,6,66,1,
35,0,12,1,67,1,0
35,0,12,2,68,1,0
35,0,12,3,69,1,0
35,0,12,4,70,1,0
35,0,12,5,71,1,
35,0,12,6,72,1,
35,0,13,1,73,1,0
35,0,13,2,74,1,0
35,0,13,3,75,1,0
35,0,13,4,76,1,0
35,0,13,5,77,1,
35,0,13,6,78,1,
35,0,14,1,79,1,0
35,0,14,2,80,1,0
35,0,14,3,81,1,0
35,0,14,4,82,1,0
35,0,14,5,83,1,
35,0,14,6,84,1,
35,0,15,1,85,1,
35,0,15,2,86,1,0
35,0,15,3,87,1,0
35,0,15,4,88,1,0
35,0,15,5,89,1,
35,0,15,6,90,1,
35,0,16,1,91,1,0
35,0,16,2,92,1,0
35,0,16,3,93,1,0
35,0,16,4,94,1,0
35,0,16,5,95,1,
35,0,16,6,96,1,
35,0,17,1,97,1,0
35,0,17,2,98,1,0
35,0,17,3,99,1,0
35,0,17,4,100,1,0
35,0,17,5,101,1,
35,0,17,6,102,1,
35,0,18,1,103,1,0
35,0,18,2,104,1,0
35,0,18,3,105,1,0
35,0,18,4,106,1,0
35,0,18,5,107,1,
35,0,18,6,108,1,
35,0,19,1,109,1,0
35,0,19,2,110,1,0
35,0,19,3,111,1,0
35,0,19,4,112,1,0
35,0,19,5,113,1,
35,0,19,6,114,1,
35,0,20,1,115,1,0
35,0,20,2,116,1,0
35,0,20,3,117,1,0
35,0,20,4,118,1,0
35,0,20,5,119,1,
35,0,20,6,120,1,
35,0,21,1,121,1,0
35,0,21,2,122,1,0
35,0,21,3,123,1,1.1027
35,0,21,4,124,1,0
35,0,21,5,125,1,
35,0,21,6,126,1,
35,0,22,1,127,1,
35,0,22,2,128,1,9.625
35,0,22,3,129,1,0
35,0,22,4,130,1,0
35,0,22,5,131,1,
35,0,22,6,132,1,
35,0,23,1,133,1,0
35,0,23,2,134,1,0
35,0,23,3,135,1,0
35,0,23,4,136,1,0
35,0,23,5,137,1,
35,0,23,6,138,1,
35,0,24,1,139,1,0
35,0,24,2,140,1,0
35,0,24,3,141,1,0
35,0,24,4,142,1,0
35,0,24,5,143,1,
35,0,24,6,144,1,
35,0,25,1,145,1,0
35,0,25,2,146,1,0
35,0,25,3,147,1,0
35,0,25,4,148,1,0
35,0,25,5,149,1,
35,0,25,6,150,1,
35,0,26,1,151,1,0
35,0,26,2,152,1,0
35,0,26,3,153,1,0
35,0,26,4,154,1,0
35,0,26,5,155,1,
35,0,26,6,156,1,
35,0,27,1,157,1,0
35,0,27,2,158,1,0
35,0,27,3,159,1,0
35,0,27,4,160,1,0
35,0,27,5,161,1,
35,0,27,6,162,1,
35,0,28,1,163,1,0
35,0,28,2,164,1,0
35,0,28,3,165,1,0
35,0,28,4,166,1,0
35,0,28,5,167,1,
35,0,28,6,168,1,
36,0,1,1,1,0,
36,0,1,2,2,0,4.5844
36,0,1,3,3,0,8.3689
36,0,1,4,4,0,24.1533
36,0,1,5,5,0,
36,0,1,6,6,0,
36,0,2,1,7,0,
36,0,2,2,8,0,19.0911
36,0,2,3,9,0,27.2756
36,0,2,4,10,0,27.46
36,0,2,5,11,0,
36,0,2,6,12,0,
36,0,3,1,13,0,
36,0,3,2,14,0,22.3978
36,0,3,3,15,0,22.7823
36,0,3,4,16,0,31.3667
36,0,3,5,17,0,
36,0,3,6,18,0,
36,0,4,1,19,0,
36,0,4,2,20,0,40.9045
36,0,4,3,21,0,37.089
36,0,4,4,22,0,47.0734
36,0,4,5,23,0,
36,0,4,6,24,0,
36,0,5,1,25,0,27.4268
36,0,5,2,26,0,
36,0,5,3,27,0,
36,0,5,4,28,0,31.9801
36,0,5,5,29,0,
36,0,5,6,30,0,
36,0,6,1,31,0,27.3335
36,0,6,2,32,0,31.3179
36,0,6,3,33,0,32.1024
36,0,6,4,34,0,32.8868
36,0,6,5,35,0,
36,0,6,6,36,0,
36,0,7,1,37,0,58.6401
36,0,7,2,38,0,30.4246
36,0,7,3,39,0,74.409
36,0,7,4,40,0,35.1935
36,0,7,5,41,0,
36,0,7,6,42,0,
36,0,8,1,43,0,43.9468
36,0,8,2,44,0,43.9313
36,0,8,3,45,0,28.3157
36,0,8,4,46,0,39.5002
36,0,8,5,47,0,
36,0,8,6,48,0,
36,0,9,1,49,1,
36,0,9,2,50,1,38.438
36,0,9,3,51,1,49.4224
36,0,9,4,52,1,29.4069
36,0,9,5,53,1,
36,0,9,6,54,1,
36,0,10,1,55,1,
36,0,10,2,56,1,44.7447
36,0,10,3,57,1,34.7291
36,0,10,4,58,1,15.7136
36,0,10,5,59,1,
36,0,10,6,60,1,
36,0,11,1,61,1,
36,0,11,2,62,1,44.8514
36,0,11,3,63,1,39.8358
36,0,11,4,64,1,42.6203
36,0,11,5,65,1,
36,0,11,6,66,1,
36,0,12,1,67,1,39.1736
36,0,12,2,68,1,37.9581
36,0,12,3,69,1,
36,0,12,4,70,1,66.727
36,0,12,5,71,1,
36,0,12,6,72,1,
36,0,13,1,73,1,48.8803
36,0,13,2,74,1,23.8647
36,0,13,3,75,1,30.2492
36,0,13,4,76,1,41.6336
36,0,13,5,77,1,
36,0,13,6,78,1,
36,0,14,1,79,1,55.387
36,0,14,2,80,1,45.3714
36,0,14,3,81,1,9.3559
36,0,14,4,82,1,33.7403
36,0,14,5,83,1,
36,0,14,6,84,1,
36,0,15,1,85,1,
36,0,15,2,86,1,28.0781
36,0,15,3,87,1,62.6626
36,0,15,4,88,1,25.047
36,0,15,5,89,1,
36,0,15,6,90,1,
36,0,16,1,91,1,30.6004
36,0,16,2,92,1,33.7848
36,0,16,3,93,1,6.1693
36,0,16,4,94,1,18.9537
36,0,16,5,95,1,
36,0,16,6,96,1,
36,0,17,1,97,1,47.3071
36,0,17,2,98,1,32.0915
36,0,17,3,99,1,41.676
36,0,17,4,100,1,20.8604
36,0,17,5,101,1,
36,0,17,6,102,1,
36,0,18,1,103,1,32.2138
36,0,18,2,104,1,25.5982
36,0,18,3,105,1,36.9826
36,0,18,4,106,1,17.3671
36,0,18,5,107,1,
36,0,18,6,108,1,
36,0,19,1,109,1,41.3204
36,0,19,2,110,1,32.7049
36,0,19,3,111,1,26.6893
36,0,19,4,112,1,30.2738
36,0,19,5,113,1,
36,0,19,6,114,1,
36,0,20,1,115,1,37.0271
36,0,20,2,116,1,35.4116
36,0,20,3,117,1,49.596
36,0,20,4,118,1,63.3805
36,0,20,5,119,1,
36,0,20,6,120,1,
36,0,21,1,121,1,39.3338
36,0,21,2,122,1,55.5183
36,0,21,3,123,1,33.1027
36,0,21,4,124,1,62.4872
36,0,21,5,125,1,
36,0,21,6,126,1,
36,0,22,1,127,1,69.6405
36,0,22,2,128,1,48.025
36,0,22,3,129,1,16.0094
36,0,22,4,130,1,24.3939
36,0,22,5,131,1,
36,0,22,6,132,1,
36,0,23,1,133,1,33.1472
36,0,23,2,134,1,19.3317
36,0,23,3,135,1,9.3161
36,0,23,4,136,1,28.3006
36,0,23,5,137,1,
36,0,23,6,138,1,
36,0,24,1,139,1,50.8539
36,0,24,2,140,1,17.6383
36,0,24,3,141,1,15.4228
36,0,24,4,142,1,17.0072
36,0,24,5,143,1,
36,0,24,6,144,1,
36,0,25,1,145,1,24.1606
36,0,25,2,146,1,19.745
36,0,25,3,147,1,15.9295
36,0,25,4,148,1,12.5139
36,0,25,5,149,1,
36,0,25,6,150,1,
36,0,26,1,151,1,22.4673
36,0,26,2,152,1,21.4517
36,0,26,3,153,1,11.6362
36,0,26,4,154,1,7.2206
36,0,26,5,155,1,
36,0,26,6,156,1,
36,0,27,1,157,1,26.774
36,0,27,2,158,1,19.3584
36,0,27,3,159,1,27.5429
36,0,27,4,160,1,15.9273
36,0,27,5,161,1,
36,0,27,6,162,1,
36,0,28,1,163,1,15.0807
36,0,28,2,164,1,27.8651
36,0,28,3,165,1,22.6496
36,0,28,4,166,1,33.634
36,0,28,5,167,1,
36,0,28,6,168,1,
37,1,1,1,1,0,12.4
37,1,1,2,2,0,17.1844
37,1,1,3,3,0,7.3689
37,1,1,4,4,0,13.3533
37,1,1,5,5,0,
37,1,1,6,6,0,
37,1,2,1,7,0,15.7067
37,1,2,2,8,0,31.0911
37,1,2,3,9,0,0
37,1,2,4,10,0,0.86
37,1,2,5,11,0,
37,1,2,6,12,0,
37,1,3,1,13,0,0
37,1,3,2,14,0,
37,1,3,3,15,0,23.7823
37,1,3,4,16,0,35.7667
37,1,3,5,17,0,
37,1,3,6,18,0,
37,1,4,1,19,0,19.7201
37,1,4,2,20,0,11.5045
37,1,4,3,21,0,19.689
37,1,4,4,22,0,1.6734
37,1,4,5,23,0,
37,1,4,6,24,0,
37,1,5,1,25,0,0
37,1,5,2,26,0,
37,1,5,3,27,0,1.5957
37,1,5,4,28,0,0
37,1,5,5,29,0,
37,1,5,6,30,0,
37,1,6,1,31,0,
37,1,6,2,32,0,0
37,1,6,3,33,0,0
37,1,6,4,34,0,0
37,1,6,5,35,0,
37,1,6,6,36,0,
37,1,7,1,37,0,
37,1,7,2,38,0,0
37,1,7,3,39,0,13.409
37,1,7,4,40,0,19.3935
37,1,7,5,41,0,
37,1,7,6,42,0,
37,1,8,1,43,0,11.3468
37,1,8,2,44,0,5.3313
37,1,8,3,45,0,3.3157
37,1,8,4,46,0,13.3002
37,1,8,5,47,0,
37,1,8,6,48,0,
37,1,9,1,49,1,7.2535
37,1,9,2,50,1,0
37,1,9,3,51,1,0
37,1,9,4,52,1,0
37,1,9,5,53,1,
37,1,9,6,54,1,
37,1,10,1,55,1,
37,1,10,2,56,1,0
37,1,10,3,57,1,7.1291
37,1,10,4,58,1,0
37,1,10,5,59,1,
37,1,10,6,60,1,
37,1,11,1,61,1,0
37,1,11,2,62,1,7.0514
37,1,11,3,63,1,0
37,1,11,4,64,1,0
37,1,11,5,65,1,
37,1,11,6,66,1,
37,1,12,1,67,1,0
37,1,12,2,68,1,8.9581
37,1,12,3,69,1,0.9425
37,1,12,4,70,1,0
37,1,12,5,71,1,
37,1,12,6,72,1,
37,1,13,1,73,1,0
37,1,13,2,74,1,0
37,1,13,3,75,1,0
37,1,13,4,76,1,0
37,1,13,5,77,1,
37,1,13,6,78,1,
37,1,14,1,79,1,0
37,1,14,2,80,1,0
37,1,14,3,81,1,0
37,1,14,4,82,1,6.7403
37,1,14,5,83,1,
37,1,14,6,84,1,
37,1,15,1,85,1,0
37,1,15,2,86,1,0
37,1,15,3,87,1,0
37,1,15,4,88,1,0
37,1,15,5,89,1,
37,1,15,6,90,1,
37,1,16,1,91,1,
37,1,16,2,92,1,0.5848
37,1,16,3,93,1,0.5693
37,1,16,4,94,1,0
37,1,16,5,95,1,
37,1,16,6,96,1,
37,1,17,1,97,1,0
37,1,17,2,98,1,8.4915
37,1,17,3,99,1,6.476
37,1,17,4,100,1,0.4604
37,1,17,5,101,1,
37,1,17,6,102,1,
37,1,18,1,103,1,0
37,1,18,2,104,1,0
37,1,18,3,105,1,0
37,1,18,4,106,1,8.3671
37,1,18,5,107,1,
37,1,18,6,108,1,
37,1,19,1,109,1,0
37,1,19,2,110,1,0
37,1,19,3,111,1,0
37,1,19,4,112,1,0
37,1,19,5,113,1,
37,1,19,6,114,1,
37,1,20,1,115,1,0
37,1,20,2,116,1,8.2116
37,1,20,3,117,1,4.196
37,1,20,4,118,1,0.1805
37,1,20,5,119,1,
37,1,20,6,120,1,
37,1,21,1,121,1,0
37,1,21,2,122,1,0
37,1,21,3,123,1,0
37,1,21,4,124,1,2.0872
37,1,21,5,125,1,
37,1,21,6,126,1,
37,1,22,1,127,1,0
37,1,22,2,128,1,0.025
37,1,22,3,129,1,0
37,1,22,4,130,1,0
37,1,22,5,131,1,
37,1,22,6,132,1,
37,1,23,1,133,1,0
37,1,23,2,134,1,0
37,1,23,3,135,1,0
37,1,23,4,136,1,0
37,1,23,5,137,1,
37,1,23,6,138,1,
37,1,24,1,139,1,0
37,1,24,2,140,1,0
37,1,24,3,141,1,1.8228
37,1,24,4,142,1,3.8072
37,1,24,5,143,1,
37,1,24,6,144,1,
37,1,25,1,145,1,0
37,1,25,2,146,1,1.745
37,1,25,3,147,1,0
37,1,25,4,148,1,0
37,1,25,5,149,1,
37,1,25,6,150,1,
37,1,26,1,151,1,0
37,1,26,2,152,1,0
37,1,26,3,153,1,0
37,1,26,4,154,1,0
37,1,26,5,155,1,
37,1,26,6,156,1,
37,1,27,1,157,1,0
37,1,27,2,158,1,0
37,1,27,3,159,1,0
37,1,27,4,160,1,0
37,1,27,5,161,1,
37,1,27,6,162,1,
37,1,28,1,163,1,0
37,1,28,2,164,1,0
37,1,28,3,165,1,0
37,1,28,4,166,1,0
37,1,28,5,167,1,
37,1,28,6,168,1,
38,1,1,1,1,0,5
38,1,1,2,2,0,3.3844
38,1,1,3,3,0,7.1689
38,1,1,4,4,0,16.5533
38,1,1,5,5,0,
38,1,1,6,6,0,
38,1,2,1,7,0,11.3067
38,1,2,2,8,0,12.2911
38,1,2,3,9,0,11.0756
38,1,2,4,10,0,10.46
38,1,2,5,11,0,
38,1,2,6,12,0,
38,1,3,1,13,0,12.2134
38,1,3,2,14,0,7.7978
38,1,3,3,15,0,4.7823
38,1,3,4,16,0,
38,1,3,5,17,0,
38,1,3,6,18,0,
38,1,4,1,19,0,7.7201
38,1,4,2,20,0,7.5045
38,1,4,3,21,0,14.689
38,1,4,4,22,0,9.0734
38,1,4,5,23,0,
38,1,4,6,24,0,
38,1,5,1,25,0,6.8268
38,1,5,2,26,0,
38,1,5,3,27,0,12.3957
38,1,5,4,28,0,7.7801
38,1,5,5,29,0,
38,1,5,6,30,0,
38,1,6,1,31,0,7.3335
38,1,6,2,32,0,8.7179
38,1,6,3,33,0,8.5024
38,1,6,4,34,0,12.2868
38,1,6,5,35,0,
38,1,6,6,36,0,
38,1,7,1,37,0,6.2401
38,1,7,2,38,0,6.0246
38,1,7,3,39,0,10.209
38,1,7,4,40,0,15.9935
38,1,7,5,41,0,
38,1,7,6,42,0,
38,1,8,1,43,0,
38,1,8,2,44,0,10.7313
38,1,8,3,45,0,9.1157
38,1,8,4,46,0,7.9002
38,1,8,5,47,0,
38,1,8,6,48,0,
38,1,9,1,49,1,3.4535
38,1,9,2,50,1,5.438
38,1,9,3,51,1,3.8224
38,1,9,4,52,1,3.6069
38,1,9,5,53,1,
38,1,9,6,54,1,
38,1,10,1,55,1,3.3602
38,1,10,2,56,1,3.9447
38,1,10,3,57,1,4.3291
38,1,10,4,58,1,19.7136
38,1,10,5,59,1,
38,1,10,6,60,1,
38,1,11,1,61,1,2.2669
38,1,11,2,62,1,5.0514
38,1,11,3,63,1,7.0358
38,1,11,4,64,1,8.2203
38,1,11,5,65,1,
38,1,11,6,66,1,
38,1,12,1,67,1,1.1736
38,1,12,2,68,1,4.1581
38,1,12,3,69,1,6.9425
38,1,12,4,70,1,4.327
38,1,12,5,71,1,
38,1,12,6,72,1,
38,1,13,1,73,1,5.8803
38,1,13,2,74,1,5.6647
38,1,13,3,75,1,7.4492
38,1,13,4,76,1,9.6336
38,1,13,5,77,1,
38,1,13,6,78,1,
38,1,14,1,79,1,4.787
38,1,14,2,80,1,5.9714
38,1,14,3,81,1,13.1559
38,1,14,4,82,1,8.9403
38,1,14,5,83,1,
38,1,14,6,84,1,
38,1,15,1,85,1,3.2937
38,1,15,2,86,1,5.6781
38,1,15,3,87,1,9.0626
38,1,15,4,88,1,9.647
38,1,15,5,89,1,
38,1,15,6,90,1,
38,1,16,1,91,1,3.8004
38,1,16,2,92,1,12.9848
38,1,16,3,93,1,3.7693
38,1,16,4,94,1,1.7537
38,1,16,5,95,1,
38,1,16,6,96,1,
38,1,17,1,97,1,3.3071
38,1,17,2,98,1,6.0915
38,1,17,3,99,1,7.876
38,1,17,4,100,1,5.2604
38,1,17,5,101,1,
38,1,17,6,102,1,
38,1,18,1,103,1,5.2138
38,1,18,2,104,1,0
38,1,18,3,105,1,2.9826
38,1,18,4,106,1,10.5671
38,1,18,5,107,1,
38,1,18,6,108,1,
38,1,19,1,109,1,5.5204
38,1,19,2,110,1,6.1049
38,1,19,3,111,1,7.6893
38,1,19,4,112,1,5.4738
38,1,19,5,113,1,
38,1,19,6,114,1,
38,1,20,1,115,1,7.6271
38,1,20,2,116,1,16.4116
38,1,20,3,117,1,9.196
38,1,20,4,118,1,5.3805
38,1,20,5,119,1,
38,1,20,6,120,1,
38,1,21,1,121,1,0.9338
38,1,21,2,122,1,3.9183
38,1,21,3,123,1,6.7027
38,1,21,4,124,1,4.4872
38,1,21,5,125,1,
38,1,21,6,126,1,
38,1,22,1,127,1,3.2405
38,1,22,2,128,1,5.625
38,1,22,3,129,1,4.2094
38,1,22,4,130,1,1.5939
38,1,22,5,131,1,
38,1,22,6,132,1,
38,1,23,1,133,1,1.5472
38,1,23,2,134,1,6.9317
38,1,23,3,135,1,4.3161
38,1,23,4,136,1,1.9006
38,1,23,5,137,1,
38,1,23,6,138,1,
38,1,24,1,139,1,6.8539
38,1,24,2,140,1,12.4383
38,1,24,3,141,1,11.0228
38,1,24,4,142,1,21.4072
38,1,24,5,143,1,
38,1,24,6,144,1,
38,1,25,1,145,1,15.1606
38,1,25,2,146,1,6.545
38,1,25,3,147,1,9.3295
38,1,25,4,148,1,6.1139
38,1,25,5,149,1,
38,1,25,6,150,1,
38,1,26,1,151,1,14.6673
38,1,26,2,152,1,9.2517
38,1,26,3,153,1,5.0362
38,1,26,4,154,1,5.6206
38,1,26,5,155,1,
38,1,26,6,156,1,
38,1,27,1,157,1,4.974
38,1,27,2,158,1,9.5584
38,1,27,3,159,1,11.9429
38,1,27,4,160,1,9.3273
38,1,27,5,161,1,
38,1,27,6,162,1,
38,1,28,1,163,1,4.0807
38,1,28,2,164,1,3.6651
38,1,28,3,165,1,4.2496
38,1,28,4,166,1,8.834
38,1,28,5,167,1,
38,1,28,6,168,1,
39,1,1,1,1,0,13.6
39,1,1,2,2,0,11.9844
39,1,1,3,3,0,11.9689
39,1,1,4,4,0,11.7533
39,1,1,5,5,0,
39,1,1,6,6,0,
39,1,2,1,7,0,13.7067
39,1,2,2,8,0,24.4911
39,1,2,3,9,0,28.0756
39,1,2,4,10,0,24.26
39,1,2,5,11,0,
39,1,2,6,12,0,
39,1,3,1,13,0,14.4134
39,1,3,2,14,0,16.7978
39,1,3,3,15,0,14.3823
39,1,3,4,16,0,13.9667
39,1,3,5,17,0,
39,1,3,6,18,0,
39,1,4,1,19,0,14.9201
39,1,4,2,20,0,13.3045
39,1,4,3,21,0,11.089
39,1,4,4,22,0,13.2734
39,1,4,5,23,0,
39,1,4,6,24,0,
39,1,5,1,25,0,15.2268
39,1,5,2,26,0,17.8112
39,1,5,3,27,0,28.1957
39,1,5,4,28,0,27.3801
39,1,5,5,29,0,
39,1,5,6,30,0,
39,1,6,1,31,0,24.9335
39,1,6,2,32,0,15.1179
39,1,6,3,33,0,15.9024
39,1,6,4,34,0,16.0868
39,1,6,5,35,0,
39,1,6,6,36,0,
39,1,7,1,37,0,11.8401
39,1,7,2,38,0,12.8246
39,1,7,3,39,0,15.009
39,1,7,4,40,0,17.5935
39,1,7,5,41,0,
39,1,7,6,42,0,
39,1,8,1,43,0,14.1468
39,1,8,2,44,0,15.5313
39,1,8,3,45,0,17.7157
39,1,8,4,46,0,16.9002
39,1,8,5,47,0,
39,1,8,6,48,0,
39,1,9,1,49,1,10.4535
39,1,9,2,50,1,24.838
39,1,9,3,51,1,9.4224
39,1,9,4,52,1,9.0069
39,1,9,5,53,1,
39,1,9,6,54,1,
39,1,10,1,55,1,6.9602
39,1,10,2,56,1,15.3447
39,1,10,3,57,1,8.1291
39,1,10,4,58,1,14.3136
39,1,10,5,59,1,
39,1,10,6,60,1,
39,1,11,1,61,1,
39,1,11,2,62,1,12.2514
39,1,11,3,63,1,16.0358
39,1,11,4,64,1,14.4203
39,1,11,5,65,1,
39,1,11,6,66,1,
39,1,12,1,67,1,8.1736
39,1,12,2,68,1,
39,1,12,3,69,1,25.5425
39,1,12,4,70,1,11.127
39,1,12,5,71,1,
39,1,12,6,72,1,
39,1,13,1,73,1,16.2803
39,1,13,2,74,1,21.4647
39,1,13,3,75,1,24.8492
39,1,13,4,76,1,20.6336
39,1,13,5,77,1,
39,1,13,6,78,1,
39,1,14,1,79,1,13.987
39,1,14,2,80,1,19.1714
39,1,14,3,81,1,19.9559
39,1,14,4,82,1,16.7403
39,1,14,5,83,1,
39,1,14,6,84,1,
39,1,15,1,85,1,8.8937
39,1,15,2,86,1,15.0781
39,1,15,3,87,1,12.8626
39,1,15,4,88,1,15.447
39,1,15,5,89,1,
39,1,15,6,90,1,
39,1,16,1,91,1,13.8004
39,1,16,2,92,1,12.7848
39,1,16,3,93,1,13.7693
39,1,16,4,94,1,27.3537
39,1,16,5,95,1,
39,1,16,6,96,1,
39,1,17,1,97,1,14.7071
39,1,17,2,98,1,11.0915
39,1,17,3,99,1,10.076
39,1,17,4,100,1,10.2604
39,1,17,5,101,1,
39,1,17,6,102,1,
39,1,18,1,103,1,13.2138
39,1,18,2,104,1,11.7982
39,1,18,3,105,1,14.1826
39,1,18,4,106,1,11.5671
39,1,18,5,107,1,
39,1,18,6,108,1,
39,1,19,1,109,1,9.1204
39,1,19,2,110,1,10.5049
39,1,19,3,111,1,6.8893
39,1,19,4,112,1,7.4738
39,1,19,5,113,1,
39,1,19,6,114,1,
39,1,20,1,115,1,7.4271
39,1,20,2,116,1,11.0116
39,1,20,3,117,1,9.396
39,1,20,4,118,1,9.1805
39,1,20,5,119,1,
39,1,20,6,120,1,
39,1,21,1,121,1,6.5338
39,1,21,2,122,1,5.5183
39,1,21,3,123,1,7.7027
39,1,21,4,124,1,7.2872
39,1,21,5,125,1,
39,1,21,6,126,1,
39,1,22,1,127,1,10.8405
39,1,22,2,128,1,8.625
39,1,22,3,129,1,10.6094
39,1,22,4,130,1,7.5939
39,1,22,5,131,1,
39,1,22,6,132,1,
39,1,23,1,133,1,
39,1,23,2,134,1,7.1317
39,1,23,3,135,1,7.7161
39,1,23,4,136,1,6.7006
39,1,23,5,137,1,
39,1,23,6,138,1,
39,1,24,1,139,1,9.4539
39,1,24,2,140,1,10.0383
39,1,24,3,141,1,8.4228
39,1,24,4,142,1,8.4072
39,1,24,5,143,1,
39,1,24,6,144,1,
39,1,25,1,145,1,6.1606
39,1,25,2,146,1,6.945
39,1,25,3,147,1,10.7295
39,1,25,4,148,1,22.3139
39,1,25,5,149,1,
39,1,25,6,150,1,
39,1,26,1,151,1,8.8673
39,1,26,2,152,1,10.2517
39,1,26,3,153,1,9.4362
39,1,26,4,154,1,12.0206
39,1,26,5,155,1,
39,1,26,6,156,1,
39,1,27,1,157,1,6.774
39,1,27,2,158,1,11.9584
39,1,27,3,159,1,10.7429
39,1,27,4,160,1,
39,1,27,5,161,1,
39,1,27,6,162,1,
39,1,28,1,163,1,12.0807
39,1,28,2,164,1,10.8651
39,1,28,3,165,1,12.0496
39,1,28,4,166,1,14.034
39,1,28,5,167,1,
39,1,28,6,168,1,
40,1,1,1,1,0,0
40,1,1,2,2,0,1.5844
40,1,1,3,3,0,0
40,1,1,4,4,0,6.9533
40,1,1,5,5,0,
40,1,1,6,6,0,
40,1,2,1,7,0,0
40,1,2,2,8,0,0
40,1,2,3,9,0,0.8756
40,1,2,4,10,0,0
40,1,2,5,11,0,
40,1,2,6,12,0,
40,1,3,1,13,0,5.4134
40,1,3,2,14,0,8.7978
40,1,3,3,15,0,12.9823
40,1,3,4,16,0,23.5667
40,1,3,5,17,0,
40,1,3,6,18,0,
40,1,4,1,19,0,3.1201
40,1,4,2,20,0,3.3045
40,1,4,3,21,0,0
40,1,4,4,22,0,2.4734
40,1,4,5,23,0,
40,1,4,6,24,0,
40,1,5,1,25,0,0
40,1,5,2,26,0,7.2112
40,1,5,3,27,0,1.9957
40,1,5,4,28,0,1.9801
40,1,5,5,29,0,
40,1,5,6,30,0,
40,1,6,1,31,0,0
40,1,6,2,32,0,8.1179
40,1,6,3,33,0,2.3024
40,1,6,4,34,0,5.0868
40,1,6,5,35,0,
40,1,6,6,36,0,
40,1,7,1,37,0,0
40,1,7,2,38,0,0
40,1,7,3,39,0,0
40,1,7,4,40,0,0.7935
40,1,7,5,41,0,
40,1,7,6,42,0,
40,1,8,1,43,0,0
40,1,8,2,44,0,6.1313
40,1,8,3,45,0,5.3157
40,1,8,4,46,0,10.7002
40,1,8,5,47,0,
40,1,8,6,48,0,
40,1,9,1,49,1,0.8535
40,1,9,2,50,1,0
40,1,9,3,51,1,1.6224
40,1,9,4,52,1,0
40,1,9,5,53,1,
40,1,9,6,54,1,
40,1,10,1,55,1,4.3602
40,1,10,2,56,1,0
40,1,10,3,57,1,0
40,1,10,4,58,1,0
40,1,10,5,59,1,
40,1,10,6,60,1,
40,1,11,1,61,1,0
40,1,11,2,62,1,0.2514
40,1,11,3,63,1,0
40,1,11,4,64,1,0.2203
40,1,11,5,65,1,
40,1,11,6,66,1,
40,1,12,1,67,1,0
40,1,12,2,68,1,0
40,1,12,3,69,1,0
40,1,12,4,70,1,0
40,1,12,5,71,1,
40,1,12,6,72,1,
40,1,13,1,73,1,0
40,1,13,2,74,1,0
40,1,13,3,75,1,0
40,1,13,4,76,1,0.0336
40,1,13,5,77,1,
40,1,13,6,78,1,
40,1,14,1,79,1,0
40,1,14,2,80,1,0
40,1,14,3,81,1,0
40,1,14,4,82,1,0
40,1,14,5,83,1,
40,1,14,6,84,1,
40,1,15,1,85,1,0.8937
40,1,15,2,86,1,1.4781
40,1,15,3,87,1,11.6626
40,1,15,4,88,1,9.847
40,1,15,5,89,1,
40,1,15,6,90,1,
40,1,16,1,91,1,0
40,1,16,2,92,1,0
40,1,16,3,93,1,0
40,1,16,4,94,1,2.9537
40,1,16,5,95,1,
40,1,16,6,96,1,
40,1,17,1,97,1,8.7071
40,1,17,2,98,1,0.0915
40,1,17,3,99,1,11.476
40,1,17,4,100,1,1.8604
40,1,17,5,101,1,
40,1,17,6,102,1,
40,1,18,1,103,1,1.4138
40,1,18,2,104,1,16.5982
40,1,18,3,105,1,
40,1,18,4,106,1,
40,1,18,5,107,1,
40,1,18,6,108,1,
40,1,19,1,109,1,0
40,1,19,2,110,1,0
40,1,19,3,111,1,0
40,1,19,4,112,1,2.0738
40,1,19,5,113,1,
40,1,19,6,114,1,
40,1,20,1,115,1,0
40,1,20,2,116,1,1.0116
40,1,20,3,117,1,0.396
40,1,20,4,118,1,
40,1,20,5,119,1,
40,1,20,6,120,1,
40,1,21,1,121,1,2.5338
40,1,21,2,122,1,2.1183
40,1,21,3,123,1,0
40,1,21,4,124,1,1.6872
40,1,21,5,125,1,
40,1,21,6,126,1,
40,1,22,1,127,1,2.6405
40,1,22,2,128,1,2.425
40,1,22,3,129,1,53.8094
40,1,22,4,130,1,14.7939
40,1,22,5,131,1,
40,1,22,6,132,1,
40,1,23,1,133,1,0
40,1,23,2,134,1,0
40,1,23,3,135,1,0
40,1,23,4,136,1,0
40,1,23,5,137,1,
40,1,23,6,138,1,
40,1,24,1,139,1,4.6539
40,1,24,2,140,1,
40,1,24,3,141,1,
40,1,24,4,142,1,0
40,1,24,5,143,1,
40,1,24,6,144,1,
40,1,25,1,145,1,1.1606
40,1,25,2,146,1,0
40,1,25,3,147,1,0
40,1,25,4,148,1,
40,1,25,5,149,1,
40,1,25,6,150,1,
40,1,26,1,151,1,0
40,1,26,2,152,1,0
40,1,26,3,153,1,0
40,1,26,4,154,1,0
40,1,26,5,155,1,
40,1,26,6,156,1,
40,1,27,1,157,1,0
40,1,27,2,158,1,0
40,1,27,3,159,1,0
40,1,27,4,160,1,0
40,1,27,5,161,1,
40,1,27,6,162,1,
40,1,28,1,163,1,
40,1,28,2,164,1,0
40,1,28,3,165,1,0
40,1,28,4,166,1,0
40,1,28,5,167,1,
40,1,28,6,168,1,
41,1,1,1,1,0,9.4
41,1,1,2,2,0,7.9844
41,1,1,3,3,0,20.9689
41,1,1,4,4,0,22.5533
41,1,1,5,5,0,
41,1,1,6,6,0,
41,1,2,1,7,0,12.5067
41,1,2,2,8,0,22.8911
41,1,2,3,9,0,22.8756
41,1,2,4,10,0,21.86
41,1,2,5,11,0,
41,1,2,6,12,0,
41,1,3,1,13,0,17.4134
41,1,3,2,14,0,16.3978
41,1,3,3,15,0,31.1823
41,1,3,4,16,0,27.7667
41,1,3,5,17,0,
41,1,3,6,18,0,
41,1,4,1,19,0,9.1201
41,1,4,2,20,0,10.7045
41,1,4,3,21,0,18.089
41,1,4,4,22,0,20.6734
41,1,4,5,23,0,
41,1,4,6,24,0,
41,1,5,1,25,0,5.6268
41,1,5,2,26,0,14.2112
41,1,5,3,27,0,14.3957
41,1,5,4,28,0,15.1801
41,1,5,5,29,0,
41,1,5,6,30,0,
41,1,6,1,31,0,6.3335
41,1,6,2,32,0,11.7179
41,1,6,3,33,0,10.1024
41,1,6,4,34,0,16.4868
41,1,6,5,35,0,
41,1,6,6,36,0,
41,1,7,1,37,0,11.2401
41,1,7,2,38,0,13.0246
41,1,7,3,39,0,7.209
41,1,7,4,40,0,18.3935
41,1,7,5,41,0,
41,1,7,6,42,0,
41,1,8,1,43,0,7.1468
41,1,8,2,44,0,15.1313
41,1,8,3,45,0,10.1157
41,1,8,4,46,0,8.3002
41,1,8,5,47,0,
41,1,8,6,48,0,
41,1,9,1,49,1,7.8535
41,1,9,2,50,1,7.838
41,1,9,3,51,1,4.8224
41,1,9,4,52,1,3.6069
41,1,9,5,53,1,
41,1,9,6,54,1,
41,1,10,1,55,1,4.9602
41,1,10,2,56,1,7.1447
41,1,10,3,57,1,9.5291
41,1,10,4,58,1,11.3136
41,1,10,5,59,1,
41,1,10,6,60,1,
41,1,11,1,61,1,6.4669
41,1,11,2,62,1,14.2514
41,1,11,3,63,1,8.6358
41,1,11,4,64,1,10.8203
41,1,11,5,65,1,
41,1,11,6,66,1,
41,1,12,1,67,1,6.9736
41,1,12,2,68,1,13.9581
41,1,12,3,69,1,7.9425
41,1,12,4,70,1,10.127
41,1,12,5,71,1,
41,1,12,6,72,1,
41,1,13,1,73,1,7.8803
41,1,13,2,74,1,10.0647
41,1,13,3,75,1,13.4492
41,1,13,4,76,1,12.0336
41,1,13,5,77,1,
41,1,13,6,78,1,
41,1,14,1,79,1,7.187
41,1,14,2,80,1,9.7714
41,1,14,3,81,1,12.3559
41,1,14,4,82,1,8.7403
41,1,14,5,83,1,
41,1,14,6,84,1,
41,1,15,1,85,1,5.6937
41,1,15,2,86,1,10.6781
41,1,15,3,87,1,2.6626
41,1,15,4,88,1,7.447
41,1,15,5,89,1,
41,1,15,6,90,1,
41,1,16,1,91,1,6.6004
41,1,16,2,92,1,11.7848
41,1,16,3,93,1,5.3693
41,1,16,4,94,1,6.3537
41,1,16,5,95,1,
41,1,16,6,96,1,
41,1,17,1,97,1,5.7071
41,1,17,2,98,1,6.6915
41,1,17,3,99,1,8.276
41,1,17,4,100,1,9.8604
41,1,17,5,101,1,
41,1,17,6,102,1,
41,1,18,1,103,1,6.4138
41,1,18,2,104,1,7.3982
41,1,18,3,105,1,8.1826
41,1,18,4,106,1,3.1671
41,1,18,5,107,1,
41,1,18,6,108,1,
41,1,19,1,109,1,3.1204
41,1,19,2,110,1,4.9049
41,1,19,3,111,1,8.2893
41,1,19,4,112,1,8.8738
41,1,19,5,113,1,
41,1,19,6,114,1,
41,1,20,1,115,1,6.4271
41,1,20,2,116,1,9.6116
41,1,20,3,117,1,10.196
41,1,20,4,118,1,9.5805
41,1,20,5,119,1,
41,1,20,6,120,1,
41,1,21,1,121,1,7.7338
41,1,21,2,122,1,8.1183
41,1,21,3,123,1,6.3027
41,1,21,4,124,1,7.4872
41,1,21,5,125,1,
41,1,21,6,126,1,
41,1,22,1,127,1,12.6405
41,1,22,2,128,1,14.025
41,1,22,3,129,1,18.4094
41,1,22,4,130,1,10.3939
41,1,22,5,131,1,
41,1,22,6,132,1,
41,1,23,1,133,1,13.1472
41,1,23,2,134,1,8.1317
41,1,23,3,135,1,13.1161
41,1,23,4,136,1,22.3006
41,1,23,5,137,1,
41,1,23,6,138,1,
41,1,24,1,139,1,
41,1,24,2,140,1,16.6383
41,1,24,3,141,1,13.4228
41,1,24,4,142,1,15.0072
41,1,24,5,143,1,
41,1,24,6,144,1,
41,1,25,1,145,1,11.9606
41,1,25,2,146,1,16.345
41,1,25,3,147,1,18.1295
41,1,25,4,148,1,12.9139
41,1,25,5,149,1,
41,1,25,6,150,1,
41,1,26,1,151,1,23.4673
41,1,26,2,152,1,9.8517
41,1,26,3,153,1,11.4362
41,1,26,4,154,1,16.2206
41,1,26,5,155,1,
41,1,26,6,156,1,
41,1,27,1,157,1,13.774
41,1,27,2,158,1,23.7584
41,1,27,3,159,1,16.7429
41,1,27,4,160,1,13.3273
41,1,27,5,161,1,
41,1,27,6,162,1,
41,1,28,1,163,1,
41,1,28,2,164,1,25.2651
41,1,28,3,165,1,15.0496
41,1,28,4,166,1,25.234
41,1,28,5,167,1,
41,1,28,6,168,1,
42,1,1,1,1,0,0
42,1,1,2,2,0,0
42,1,1,3,3,0,0
42,1,1,4,4,0,0
42,1,1,5,5,0,
42,1,1,6,6,0,
42,1,2,1,7,0,0
42,1,2,2,8,0,0
42,1,2,3,9,0,0
42,1,2,4,10,0,9.86
42,1,2,5,11,0,
42,1,2,6,12,0,
42,1,3,1,13,0,0
42,1,3,2,14,0,0.9978
42,1,3,3,15,0,3.5823
42,1,3,4,16,0,3.7667
42,1,3,5,17,0,
42,1,3,6,18,0,
42,1,4,1,19,0,0
42,1,4,2,20,0,11.7045
42,1,4,3,21,0,6.889
42,1,4,4,22,0,4.2734
42,1,4,5,23,0,
42,1,4,6,24,0,
42,1,5,1,25,0,0
42,1,5,2,26,0,0
42,1,5,3,27,0,0
42,1,5,4,28,0,0
42,1,5,5,29,0,
42,1,5,6,30,0,
42,1,6,1,31,0,34.7335
42,1,6,2,32,0,2.3179
42,1,6,3,33,0,0
42,1,6,4,34,0,0
42,1,6,5,35,0,
42,1,6,6,36,0,
42,1,7,1,37,0,0
42,1,7,2,38,0,0
42,1,7,3,39,0,0
42,1,7,4,40,0,0.9935
42,1,7,5,41,0,
42,1,7,6,42,0,
42,1,8,1,43,0,0
42,1,8,2,44,0,0
42,1,8,3,45,0,0
42,1,8,4,46,0,0
42,1,8,5,47,0,
42,1,8,6,48,0,
42,1,9,1,49,1,0
42,1,9,2,50,1,0
42,1,9,3,51,1,0
42,1,9,4,52,1,0
42,1,9,5,53,1,
42,1,9,6,54,1,
42,1,10,1,55,1,0
42,1,10,2,56,1,4.1447
42,1,10,3,57,1,0.5291
42,1,10,4,58,1,0
42,1,10,5,59,1,
42,1,10,6,60,1,
42,1,11,1,61,1,0
42,1,11,2,62,1,0
42,1,11,3,63,1,0
42,1,11,4,64,1,2.0203
42,1,11,5,65,1,
42,1,11,6,66,1,
42,1,12,1,67,1,0
42,1,12,2,68,1,0
42,1,12,3,69,1,6.3425
42,1,12,4,70,1,0
42,1,12,5,71,1,
42,1,12,6,72,1,
42,1,13,1,73,1,0
42,1,13,2,74,1,0
42,1,13,3,75,1,0.2492
42,1,13,4,76,1,0
42,1,13,5,77,1,
42,1,13,6,78,1,
42,1,14,1,79,1,0
42,1,14,2,80,1,0
42,1,14,3,81,1,0
42,1,14,4,82,1,0
42,1,14,5,83,1,
42,1,14,6,84,1,
42,1,15,1,85,1,12.2937
42,1,15,2,86,1,
42,1,15,3,87,1,0
42,1,15,4,88,1,3.847
42,1,15,5,89,1,
42,1,15,6,90,1,
42,1,16,1,91,1,0
42,1,16,2,92,1,1.3848
42,1,16,3,93,1,0
42,1,16,4,94,1,0
42,1,16,5,95,1,
42,1,16,6,96,1,
42,1,17,1,97,1,0
42,1,17,2,98,1,0
42,1,17,3,99,1,0
42,1,17,4,100,1,0
42,1,17,5,101,1,
42,1,17,6,102,1,
42,1,18,1,103,1,0
42,1,18,2,104,1,0
42,1,18,3,105,1,
42,1,18,4,106,1,0
42,1,18,5,107,1,
42,1,18,6,108,1,
42,1,19,1,109,1,0
42,1,19,2,110,1,0
42,1,19,3,111,1,0
42,1,19,4,112,1,0
42,1,19,5,113,1,
42,1,19,6,114,1,
42,1,20,1,115,1,15.4271
42,1,20,2,116,1,0.8116
42,1,20,3,117,1,0.796
42,1,20,4,118,1,2.3805
42,1,20,5,119,1,
42,1,20,6,120,1,
42,1,21,1,121,1,0
42,1,21,2,122,1,0
42,1,21,3,123,1,1.1027
42,1,21,4,124,1,0.6872
42,1,21,5,125,1,
42,1,21,6,126,1,
42,1,22,1,127,1,1.0405
42,1,22,2,128,1,0
42,1,22,3,129,1,0
42,1,22,4,130,1,0
42,1,22,5,131,1,
42,1,22,6,132,1,
42,1,23,1,133,1,0
42,1,23,2,134,1,0
42,1,23,3,135,1,0
42,1,23,4,136,1,0.5006
42,1,23,5,137,1,
42,1,23,6,138,1,
42,1,24,1,139,1,0
42,1,24,2,140,1,0
42,1,24,3,141,1,0.4228
42,1,24,4,142,1,0
42,1,24,5,143,1,
42,1,24,6,144,1,
42,1,25,1,145,1,0
42,1,25,2,146,1,0.145
42,1,25,3,147,1,0
42,1,25,4,148,1,0
42,1,25,5,149,1,
42,1,25,6,150,1,
42,1,26,1,151,1,4.2673
42,1,26,2,152,1,0
42,1,26,3,153,1,0.0362
42,1,26,4,154,1,1.8206
42,1,26,5,155,1,
42,1,26,6,156,1,
42,1,27,1,157,1,0
42,1,27,2,158,1,0
42,1,27,3,159,1,2.3429
42,1,27,4,160,1,0
42,1,27,5,161,1,
42,1,27,6,162,1,
42,1,28,1,163,1,0
42,1,28,2,164,1,0
42,1,28,3,165,1,0
42,1,28,4,166,1,0
42,1,28,5,167,1,
42,1,28,6,168,1,
43,1,1,1,1,0,27
43,1,1,2,2,0,21.7844
43,1,1,3,3,0,32.5689
43,1,1,4,4,0,26.5533
43,1,1,5,5,0,
43,1,1,6,6,0,
43,1,2,1,7,0,15.3067
43,1,2,2,8,0,20.0911
43,1,2,3,9,0,15.4756
43,1,2,4,10,0,20.86
43,1,2,5,11,0,
43,1,2,6,12,0,
43,1,3,1,13,0,11.0134
43,1,3,2,14,0,25.7978
43,1,3,3,15,0,19.5823
43,1,3,4,16,0,15.5667
43,1,3,5,17,0,
43,1,3,6,18,0,
43,1,4,1,19,0,29.9201
43,1,4,2,20,0,9.7045
43,1,4,3,21,0,12.089
43,1,4,4,22,0,24.4734
43,1,4,5,23,0,
43,1,4,6,24,0,
43,1,5,1,25,0,23.4268
43,1,5,2,26,0,25.0112
43,1,5,3,27,0,35.1957
43,1,5,4,28,0,35.5801
43,1,5,5,29,0,
43,1,5,6,30,0,
43,1,6,1,31,0,15.7335
43,1,6,2,32,0,31.5179
43,1,6,3,33,0,34.9024
43,1,6,4,34,0,18.2868
43,1,6,5,35,0,
43,1,6,6,36,0,
43,1,7,1,37,0,14.2401
43,1,7,2,38,0,10.6246
43,1,7,3,39,0,15.809
43,1,7,4,40,0,13.3935
43,1,7,5,41,0,
43,1,7,6,42,0,
43,1,8,1,43,0,23.7468
43,1,8,2,44,0,12.1313
43,1,8,3,45,0,13.5157
43,1,8,4,46,0,14.7002
43,1,8,5,47,0,
43,1,8,6,48,0,
43,1,9,1,49,1,8.6535
43,1,9,2,50,1,11.238
43,1,9,3,51,1,10.0224
43,1,9,4,52,1,18.6069
43,1,9,5,53,1,
43,1,9,6,54,1,
43,1,10,1,55,1,14.5602
43,1,10,2,56,1,37.5447
43,1,10,3,57,1,48.1291
43,1,10,4,58,1,39.9136
43,1,10,5,59,1,
43,1,10,6,60,1,
43,1,11,1,61,1,35.8669
43,1,11,2,62,1,54.6514
43,1,11,3,63,1,27.6358
43,1,11,4,64,1,
43,1,11,5,65,1,
43,1,11,6,66,1,
43,1,12,1,67,1,38.1736
43,1,12,2,68,1,31.3581
43,1,12,3,69,1,
43,1,12,4,70,1,23.727
43,1,12,5,71,1,
43,1,12,6,72,1,
43,1,13,1,73,1,26.6803
43,1,13,2,74,1,34.4647
43,1,13,3,75,1,22.6492
43,1,13,4,76,1,17.4336
43,1,13,5,77,1,
43,1,13,6,78,1,
43,1,14,1,79,1,32.187
43,1,14,2,80,1,19.5714
43,1,14,3,81,1,24.1559
43,1,14,4,82,1,17.3403
43,1,14,5,83,1,
43,1,14,6,84,1,
43,1,15,1,85,1,23.2937
43,1,15,2,86,1,21.4781
43,1,15,3,87,1,
43,1,15,4,88,1,24.047
43,1,15,5,89,1,
43,1,15,6,90,1,
43,1,16,1,91,1,37.4004
43,1,16,2,92,1,32.9848
43,1,16,3,93,1,18.5693
43,1,16,4,94,1,30.9537
43,1,16,5,95,1,
43,1,16,6,96,1,
43,1,17,1,97,1,12.9071
43,1,17,2,98,1,20.4915
43,1,17,3,99,1,17.076
43,1,17,4,100,1,28.6604
43,1,17,5,101,1,
43,1,17,6,102,1,
43,1,18,1,103,1,31.2138
43,1,18,2,104,1,10.9982
43,1,18,3,105,1,51.5826
43,1,18,4,106,1,32.5671
43,1,18,5,107,1,
43,1,18,6,108,1,
43,1,19,1,109,1,47.7204
43,1,19,2,110,1,59.3049
43,1,19,3,111,1,19.2893
43,1,19,4,112,1,18.0738
43,1,19,5,113,1,
43,1,19,6,114,1,
43,1,20,1,115,1,18.0271
43,1,20,2,116,1,32.2116
43,1,20,3,117,1,64.396
43,1,20,4,118,1,45.5805
43,1,20,5,119,1,
43,1,20,6,120,1,
43,1,21,1,121,1,38.9338
43,1,21,2,122,1,6.1183
43,1,21,3,123,1,28.7027
43,1,21,4,124,1,35.0872
43,1,21,5,125,1,
43,1,21,6,126,1,
43,1,22,1,127,1,27.4405
43,1,22,2,128,1,
43,1,22,3,129,1,32.6094
43,1,22,4,130,1,26.5939
43,1,22,5,131,1,
43,1,22,6,132,1,
43,1,23,1,133,1,40.1472
43,1,23,2,134,1,21.3317
43,1,23,3,135,1,39.3161
43,1,23,4,136,1,33.7006
43,1,23,5,137,1,
43,1,23,6,138,1,
43,1,24,1,139,1,32.2539
43,1,24,2,140,1,28.8383
43,1,24,3,141,1,27.6228
43,1,24,4,142,1,27.8072
43,1,24,5,143,1,
43,1,24,6,144,1,
43,1,25,1,145,1,
43,1,25,2,146,1,40.345
43,1,25,3,147,1,18.7295
43,1,25,4,148,1,23.3139
43,1,25,5,149,1,
43,1,25,6,150,1,
43,1,26,1,151,1,34.0673
43,1,26,2,152,1,42.0517
43,1,26,3,153,1,19.2362
43,1,26,4,154,1,23.0206
43,1,26,5,155,1,
43,1,26,6,156,1,
43,1,27,1,157,1,29.974
43,1,27,2,158,1,34.3584
43,1,27,3,159,1,16.9429
43,1,27,4,160,1,20.1273
43,1,27,5,161,1,
43,1,27,6,162,1,
43,1,28,1,163,1,33.4807
43,1,28,2,164,1,39.6651
43,1,28,3,165,1,17.0496
43,1,28,4,166,1,14.434
43,1,28,5,167,1,
43,1,28,6,168,1,
44,1,1,1,1,0,16.2
44,1,1,2,2,0,15.9844
44,1,1,3,3,0,29.9689
44,1,1,4,4,0,8.3533
44,1,1,5,5,0,
44,1,1,6,6,0,
44,1,2,1,7,0,11.9067
44,1,2,2,8,0,9.8911
44,1,2,3,9,0,10.8756
44,1,2,4,10,0,9.86
44,1,2,5,11,0,
44,1,2,6,12,0,
44,1,3,1,13,0,9.8134
44,1,3,2,14,0,9.7978
44,1,3,3,15,0,9.7823
44,1,3,4,16,0,9.7667
44,1,3,5,17,0,
44,1,3,6,18,0,
44,1,4,1,19,0,15.7201
44,1,4,2,20,0,13.7045
44,1,4,3,21,0,9.689
44,1,4,4,22,0,7.6734
44,1,4,5,23,0,
44,1,4,6,24,0,
44,1,5,1,25,0,7.8268
44,1,5,2,26,0,24.6112
44,1,5,3,27,0,9.5957
44,1,5,4,28,0,
44,1,5,5,29,0,
44,1,5,6,30,0,
44,1,6,1,31,0,9.5335
44,1,6,2,32,0,9.5179
44,1,6,3,33,0,9.5024
44,1,6,4,34,0,9.4868
44,1,6,5,35,0,
44,1,6,6,36,0,
44,1,7,1,37,0,15.0401
44,1,7,2,38,0,9.4246
44,1,7,3,39,0,9.409
44,1,7,4,40,0,9.3935
44,1,7,5,41,0,
44,1,7,6,42,0,
44,1,8,1,43,0,9.3468
44,1,8,2,44,0,15.3313
44,1,8,3,45,0,5.5157
44,1,8,4,46,0,9.3002
44,1,8,5,47,0,
44,1,8,6,48,0,
44,1,9,1,49,1,0.6535
44,1,9,2,50,1,5.238
44,1,9,3,51,1,7.2224
44,1,9,4,52,1,9.0069
44,1,9,5,53,1,
44,1,9,6,54,1,
44,1,10,1,55,1,17.1602
44,1,10,2,56,1,7.7447
44,1,10,3,57,1,22.1291
44,1,10,4,58,1,17.1136
44,1,10,5,59,1,
44,1,10,6,60,1,
44,1,11,1,61,1,13.0669
44,1,11,2,62,1,7.0514
44,1,11,3,63,1,4.4358
44,1,11,4,64,1,7.0203
44,1,11,5,65,1,
44,1,11,6,66,1,
44,1,12,1,67,1,6.9736
44,1,12,2,68,1,6.9581
44,1,12,3,69,1,20.9425
44,1,12,4,70,1,6.927
44,1,12,5,71,1,
44,1,12,6,72,1,
44,1,13,1,73,1,6.8803
44,1,13,2,74,1,8.8647
44,1,13,3,75,1,12.8492
44,1,13,4,76,1,6.8336
44,1,13,5,77,1,
44,1,13,6,78,1,
44,1,14,1,79,1,6.787
44,1,14,2,80,1,6.7714
44,1,14,3,81,1,6.7559
44,1,14,4,82,1,6.7403
44,1,14,5,83,1,
44,1,14,6,84,1,
44,1,15,1,85,1,21.6937
44,1,15,2,86,1,6.6781
44,1,15,3,87,1,6.6626
44,1,15,4,88,1,6.647
44,1,15,5,89,1,
44,1,15,6,90,1,
44,1,16,1,91,1,6.6004
44,1,16,2,92,1,6.5848
44,1,16,3,93,1,4.5693
44,1,16,4,94,1,6.5537
44,1,16,5,95,1,
44,1,16,6,96,1,
44,1,17,1,97,1,6.5071
44,1,17,2,98,1,12.4915
44,1,17,3,99,1,6.476
44,1,17,4,100,1,6.4604
44,1,17,5,101,1,
44,1,17,6,102,1,
44,1,18,1,103,1,6.4138
44,1,18,2,104,1,6.3982
44,1,18,3,105,1,6.3826
44,1,18,4,106,1,6.3671
44,1,18,5,107,1,
44,1,18,6,108,1,
44,1,19,1,109,1,6.3204
44,1,19,2,110,1,6.3049
44,1,19,3,111,1,6.2893
44,1,19,4,112,1,6.2738
44,1,19,5,113,1,
44,1,19,6,114,1,
44,1,20,1,115,1,3.4271
44,1,20,2,116,1,6.2116
44,1,20,3,117,1,6.196
44,1,20,4,118,1,6.1805
44,1,20,5,119,1,
44,1,20,6,120,1,
44,1,21,1,121,1,4.1338
44,1,21,2,122,1,3.3183
44,1,21,3,123,1,5.7027
44,1,21,4,124,1,6.0872
44,1,21,5,125,1,
44,1,21,6,126,1,
44,1,22,1,127,1,5.6405
44,1,22,2,128,1,3.225
44,1,22,3,129,1,6.0094
44,1,22,4,130,1,1.9939
44,1,22,5,131,1,
44,1,22,6,132,1,
44,1,23,1,133,1,5.9472
44,1,23,2,134,1,4.3317
44,1,23,3,135,1,3.9161
44,1,23,4,136,1,5.9006
44,1,23,5,137,1,
44,1,23,6,138,1,
44,1,24,1,139,1,5.8539
44,1,24,2,140,1,5.8383
44,1,24,3,141,1,5.8228
44,1,24,4,142,1,5.8072
44,1,24,5,143,1,
44,1,24,6,144,1,
44,1,25,1,145,1,17.3606
44,1,25,2,146,1,4.545
44,1,25,3,147,1,21.3295
44,1,25,4,148,1,5.7139
44,1,25,5,149,1,
44,1,25,6,150,1,
44,1,26,1,151,1,5.6673
44,1,26,2,152,1,5.6517
44,1,26,3,153,1,5.6362
44,1,26,4,154,1,5.6206
44,1,26,5,155,1,
44,1,26,6,156,1,
44,1,27,1,157,1,5.574
44,1,27,2,158,1,5.5584
44,1,27,3,159,1,5.5429
44,1,27,4,160,1,5.5273
44,1,27,5,161,1,
44,1,27,6,162,1,
44,1,28,1,163,1,5.4807
44,1,28,2,164,1,5.4651
44,1,28,3,165,1,5.4496
44,1,28,4,166,1,5.434
44,1,28,5,167,1,
44,1,28,6,168,1,
45,1,1,1,1,0,2.4
45,1,1,2,2,0,0.9844
45,1,1,3,3,0,0.3689
45,1,1,4,4,0,0
45,1,1,5,5,0,
45,1,1,6,6,0,
45,1,2,1,7,0,0
45,1,2,2,8,0,0
45,1,2,3,9,0,0
45,1,2,4,10,0,0
45,1,2,5,11,0,
45,1,2,6,12,0,
45,1,3,1,13,0,0
45,1,3,2,14,0,0
45,1,3,3,15,0,0
45,1,3,4,16,0,0
45,1,3,5,17,0,
45,1,3,6,18,0,
45,1,4,1,19,0,0
45,1,4,2,20,0,0
45,1,4,3,21,0,0
45,1,4,4,22,0,0
45,1,4,5,23,0,
45,1,4,6,24,0,
45,1,5,1,25,0,0
45,1,5,2,26,0,5.2112
45,1,5,3,27,0,7.9957
45,1,5,4,28,0,10.7801
45,1,5,5,29,0,
45,1,5,6,30,0,
45,1,6,1,31,0,10.9335
45,1,6,2,32,0,11.7179
45,1,6,3,33,0,10.3024
45,1,6,4,34,0,8.8868
45,1,6,5,35,0,
45,1,6,6,36,0,
45,1,7,1,37,0,10.6401
45,1,7,2,38,0,7.6246
45,1,7,3,39,0,8.409
45,1,7,4,40,0,4.7935
45,1,7,5,41,0,
45,1,7,6,42,0,
45,1,8,1,43,0,8.9468
45,1,8,2,44,0,5.9313
45,1,8,3,45,0,7.7157
45,1,8,4,46,0,8.3002
45,1,8,5,47,0,
45,1,8,6,48,0,
45,1,9,1,49,1,7.2535
45,1,9,2,50,1,5.638
45,1,9,3,51,1,5.8224
45,1,9,4,52,1,7.2069
45,1,9,5,53,1,
45,1,9,6,54,1,
45,1,10,1,55,1,7.9602
45,1,10,2,56,1,8.1447
45,1,10,3,57,1,10.9291
45,1,10,4,58,1,7.5136
45,1,10,5,59,1,
45,1,10,6,60,1,
45,1,11,1,61,1,7.4669
45,1,11,2,62,1,8.2514
45,1,11,3,63,1,6.6358
45,1,11,4,64,1,7.0203
45,1,11,5,65,1,
45,1,11,6,66,1,
45,1,12,1,67,1,6.5736
45,1,12,2,68,1,20.3581
45,1,12,3,69,1,5.7425
45,1,12,4,70,1,6.527
45,1,12,5,71,1,
45,1,12,6,72,1,
45,1,13,1,73,1,10.4803
45,1,13,2,74,1,6.6647
45,1,13,3,75,1,7.0492
45,1,13,4,76,1,6.6336
45,1,13,5,77,1,
45,1,13,6,78,1,
45,1,14,1,79,1,7.587
45,1,14,2,80,1,6.9714
45,1,14,3,81,1,6.9559
45,1,14,4,82,1,5.7403
45,1,14,5,83,1,
45,1,14,6,84,1,
45,1,15,1,85,1,3.2937
45,1,15,2,86,1,6.6781
45,1,15,3,87,1,4.6626
45,1,15,4,88,1,4.047
45,1,15,5,89,1,
45,1,15,6,90,1,
45,1,16,1,91,1,4.6004
45,1,16,2,92,1,5.1848
45,1,16,3,93,1,5.7693
45,1,16,4,94,1,
45,1,16,5,95,1,
45,1,16,6,96,1,
45,1,17,1,97,1,4.1071
45,1,17,2,98,1,2.4915
45,1,17,3,99,1,3.076
45,1,17,4,100,1,4.0604
45,1,17,5,101,1,
45,1,17,6,102,1,
45,1,18,1,103,1,5.4138
45,1,18,2,104,1,2.5982
45,1,18,3,105,1,5.7826
45,1,18,4,106,1,3.7671
45,1,18,5,107,1,
45,1,18,6,108,1,
45,1,19,1,109,1,2.9204
45,1,19,2,110,1,2.3049
45,1,19,3,111,1,3.8893
45,1,19,4,112,1,3.6738
45,1,19,5,113,1,
45,1,19,6,114,1,
45,1,20,1,115,1,3.4271
45,1,20,2,116,1,4.4116
45,1,20,3,117,1,2.796
45,1,20,4,118,1,3.5805
45,1,20,5,119,1,
45,1,20,6,120,1,
45,1,21,1,121,1,3.7338
45,1,21,2,122,1,1.7183
45,1,21,3,123,1,4.5027
45,1,21,4,124,1,3.8872
45,1,21,5,125,1,
45,1,21,6,126,1,
45,1,22,1,127,1,3.0405
45,1,22,2,128,1,2.025
45,1,22,3,129,1,1.8094
45,1,22,4,130,1,3.9939
45,1,22,5,131,1,
45,1,22,6,132,1,
45,1,23,1,133,1,2.9472
45,1,23,2,134,1,1.7317
45,1,23,3,135,1,5.3161
45,1,23,4,136,1,4.7006
45,1,23,5,137,1,
45,1,23,6,138,1,
45,1,24,1,139,1,4.2539
45,1,24,2,140,1,0.8383
45,1,24,3,141,1,2.4228
45,1,24,4,142,1,3.8072
45,1,24,5,143,1,
45,1,24,6,144,1,
45,1,25,1,145,1,0
45,1,25,2,146,1,0.745
45,1,25,3,147,1,3.9295
45,1,25,4,148,1,1.5139
45,1,25,5,149,1,
45,1,25,6,150,1,
45,1,26,1,151,1,4.2673
45,1,26,2,152,1,2.4517
45,1,26,3,153,1,2.6362
45,1,26,4,154,1,4.0206
45,1,26,5,155,1,
45,1,26,6,156,1,
45,1,27,1,157,1,1.374
45,1,27,2,158,1,0
45,1,27,3,159,1,2.9429
45,1,27,4,160,1,19.5273
45,1,27,5,161,1,
45,1,27,6,162,1,
45,1,28,1,163,1,1.0807
45,1,28,2,164,1,0
45,1,28,3,165,1,1.4496
45,1,28,4,166,1,1.234
45,1,28,5,167,1,
45,1,28,6,168,1,
46,1,1,1,1,0,0
46,1,1,2,2,0,15.9844
46,1,1,3,3,0,55.9689
46,1,1,4,4,0,24.5533
46,1,1,5,5,0,
46,1,1,6,6,0,
46,1,2,1,7,0,3.9067
46,1,2,2,8,0,0
46,1,2,3,9,0,0
46,1,2,4,10,0,0
46,1,2,5,11,0,
46,1,2,6,12,0,
46,1,3,1,13,0,0
46,1,3,2,14,0,0
46,1,3,3,15,0,0
46,1,3,4,16,0,49.3667
46,1,3,5,17,0,
46,1,3,6,18,0,
46,1,4,1,19,0,59.3201
46,1,4,2,20,0,0
46,1,4,3,21,0,5.089
46,1,4,4,22,0,0
46,1,4,5,23,0,
46,1,4,6,24,0,
46,1,5,1,25,0,0
46,1,5,2,26,0,0
46,1,5,3,27,0,0
46,1,5,4,28,0,0
46,1,5,5,29,0,
46,1,5,6,30,0,
46,1,6,1,31,0,0
46,1,6,2,32,0,0
46,1,6,3,33,0,0
46,1,6,4,34,0,0
46,1,6,5,35,0,
46,1,6,6,36,0,
46,1,7,1,37,0,0
46,1,7,2,38,0,0
46,1,7,3,39,0,39.809
46,1,7,4,40,0,0
46,1,7,5,41,0,
46,1,7,6,42,0,
46,1,8,1,43,0,0
46,1,8,2,44,0,0
46,1,8,3,45,0,0
46,1,8,4,46,0,0
46,1,8,5,47,0,
46,1,8,6,48,0,
46,1,9,1,49,1,17.2535
46,1,9,2,50,1,0
46,1,9,3,51,1,0
46,1,9,4,52,1,0
46,1,9,5,53,1,
46,1,9,6,54,1,
46,1,10,1,55,1,0
46,1,10,2,56,1,0
46,1,10,3,57,1,17.1291
46,1,10,4,58,1,0
46,1,10,5,59,1,
46,1,10,6,60,1,
46,1,11,1,61,1,0
46,1,11,2,62,1,0
46,1,11,3,63,1,49.0358
46,1,11,4,64,1,0
46,1,11,5,65,1,
46,1,11,6,66,1,
46,1,12,1,67,1,0
46,1,12,2,68,1,0
46,1,12,3,69,1,5.3425
46,1,12,4,70,1,22.927
46,1,12,5,71,1,
46,1,12,6,72,1,
46,1,13,1,73,1,0
46,1,13,2,74,1,0
46,1,13,3,75,1,0
46,1,13,4,76,1,0
46,1,13,5,77,1,
46,1,13,6,78,1,
46,1,14,1,79,1,0
46,1,14,2,80,1,0
46,1,14,3,81,1,0
46,1,14,4,82,1,0
46,1,14,5,83,1,
46,1,14,6,84,1,
46,1,15,1,85,1,0
46,1,15,2,86,1,0
46,1,15,3,87,1,0
46,1,15,4,88,1,0
46,1,15,5,89,1,
46,1,15,6,90,1,
46,1,16,1,91,1,0
46,1,16,2,92,1,0
46,1,16,3,93,1,0
46,1,16,4,94,1,0
46,1,16,5,95,1,
46,1,16,6,96,1,
46,1,17,1,97,1,0
46,1,17,2,98,1,0
46,1,17,3,99,1,0
46,1,17,4,100,1,0
46,1,17,5,101,1,
46,1,17,6,102,1,
46,1,18,1,103,1,0
46,1,18,2,104,1,0
46,1,18,3,105,1,0
46,1,18,4,106,1,0
46,1,18,5,107,1,
46,1,18,6,108,1,
46,1,19,1,109,1,0
46,1,19,2,110,1,0
46,1,19,3,111,1,0
46,1,19,4,112,1,0
46,1,19,5,113,1,
46,1,19,6,114,1,
46,1,20,1,115,1,0
46,1,20,2,116,1,0
46,1,20,3,117,1,0
46,1,20,4,118,1,0
46,1,20,5,119,1,
46,1,20,6,120,1,
46,1,21,1,121,1,0
46,1,21,2,122,1,0
46,1,21,3,123,1,0
46,1,21,4,124,1,0
46,1,21,5,125,1,
46,1,21,6,126,1,
46,1,22,1,127,1,0
46,1,22,2,128,1,0
46,1,22,3,129,1,0
46,1,22,4,130,1,0
46,1,22,5,131,1,
46,1,22,6,132,1,
46,1,23,1,133,1,0
46,1,23,2,134,1,0
46,1,23,3,135,1,0
46,1,23,4,136,1,0
46,1,23,5,137,1,
46,1,23,6,138,1,
46,1,24,1,139,1,0
46,1,24,2,140,1,0
46,1,24,3,141,1,0
46,1,24,4,142,1,0
46,1,24,5,143,1,
46,1,24,6,144,1,
46,1,25,1,145,1,0
46,1,25,2,146,1,0
46,1,25,3,147,1,0
46,1,25,4,148,1,0
46,1,25,5,149,1,
46,1,25,6,150,1,
46,1,26,1,151,1,0
46,1,26,2,152,1,0
46,1,26,3,153,1,0
46,1,26,4,154,1,0
46,1,26,5,155,1,
46,1,26,6,156,1,
46,1,27,1,157,1,0
46,1,27,2,158,1,0
46,1,27,3,159,1,0
46,1,27,4,160,1,0
46,1,27,5,161,1,
46,1,27,6,162,1,
46,1,28,1,163,1,0
46,1,28,2,164,1,0
46,1,28,3,165,1,0
46,1,28,4,166,1,0
46,1,28,5,167,1,
46,1,28,6,168,1,
47,1,1,1,1,0,
47,1,1,2,2,0,6.1844
47,1,1,3,3,0,5.3689
47,1,1,4,4,0,9.3533
47,1,1,5,5,0,
47,1,1,6,6,0,
47,1,2,1,7,0,7.5067
47,1,2,2,8,0,26.8911
47,1,2,3,9,0,24.6756
47,1,2,4,10,0,3.26
47,1,2,5,11,0,
47,1,2,6,12,0,
47,1,3,1,13,0,2.8134
47,1,3,2,14,0,
47,1,3,3,15,0,8.3823
47,1,3,4,16,0,4.1667
47,1,3,5,17,0,
47,1,3,6,18,0,
47,1,4,1,19,0,8.1201
47,1,4,2,20,0,4.3045
47,1,4,3,21,0,6.689
47,1,4,4,22,0,4.2734
47,1,4,5,23,0,
47,1,4,6,24,0,
47,1,5,1,25,0,14.4268
47,1,5,2,26,0,4.0112
47,1,5,3,27,0,19.3957
47,1,5,4,28,0,8.7801
47,1,5,5,29,0,
47,1,5,6,30,0,
47,1,6,1,31,0,
47,1,6,2,32,0,16.5179
47,1,6,3,33,0,6.3024
47,1,6,4,34,0,6.0868
47,1,6,5,35,0,
47,1,6,6,36,0,
47,1,7,1,37,0,
47,1,7,2,38,0,8.8246
47,1,7,3,39,0,4.009
47,1,7,4,40,0,4.9935
47,1,7,5,41,0,
47,1,7,6,42,0,
47,1,8,1,43,0,9.5468
47,1,8,2,44,0,9.3313
47,1,8,3,45,0,13.5157
47,1,8,4,46,0,4.9002
47,1,8,5,47,0,
47,1,8,6,48,0,
47,1,9,1,49,1,1.6535
47,1,9,2,50,1,3.038
47,1,9,3,51,1,1.2224
47,1,9,4,52,1,0
47,1,9,5,53,1,
47,1,9,6,54,1,
47,1,10,1,55,1,0.5602
47,1,10,2,56,1,2.5447
47,1,10,3,57,1,0.3291
47,1,10,4,58,1,2.3136
47,1,10,5,59,1,
47,1,10,6,60,1,
47,1,11,1,61,1,
47,1,11,2,62,1,2.2514
47,1,11,3,63,1,0.6358
47,1,11,4,64,1,2.2203
47,1,11,5,65,1,
47,1,11,6,66,1,
47,1,12,1,67,1,10.3736
47,1,12,2,68,1,6.3581
47,1,12,3,69,1,0.3425
47,1,12,4,70,1,11.327
47,1,12,5,71,1,
47,1,12,6,72,1,
47,1,13,1,73,1,12.6803
47,1,13,2,74,1,31.0647
47,1,13,3,75,1,16.8492
47,1,13,4,76,1,4.8336
47,1,13,5,77,1,
47,1,13,6,78,1,
47,1,14,1,79,1,5.187
47,1,14,2,80,1,0.9714
47,1,14,3,81,1,2.7559
47,1,14,4,82,1,
47,1,14,5,83,1,
47,1,14,6,84,1,
47,1,15,1,85,1,
47,1,15,2,86,1,0.0781
47,1,15,3,87,1,7.6626
47,1,15,4,88,1,7.247
47,1,15,5,89,1,
47,1,15,6,90,1,
47,1,16,1,91,1,
47,1,16,2,92,1,0
47,1,16,3,93,1,16.5693
47,1,16,4,94,1,4.3537
47,1,16,5,95,1,
47,1,16,6,96,1,
47,1,17,1,97,1,4.5071
47,1,17,2,98,1,0.2915
47,1,17,3,99,1,7.676
47,1,17,4,100,1,
47,1,17,5,101,1,
47,1,17,6,102,1,
47,1,18,1,103,1,1.4138
47,1,18,2,104,1,19.1982
47,1,18,3,105,1,3.7826
47,1,18,4,106,1,1.7671
47,1,18,5,107,1,
47,1,18,6,108,1,
47,1,19,1,109,1,2.1204
47,1,19,2,110,1,1.3049
47,1,19,3,111,1,0
47,1,19,4,112,1,0
47,1,19,5,113,1,
47,1,19,6,114,1,
47,1,20,1,115,1,
47,1,20,2,116,1,1.2116
47,1,20,3,117,1,3.196
47,1,20,4,118,1,0
47,1,20,5,119,1,
47,1,20,6,120,1,
47,1,21,1,121,1,1.3338
47,1,21,2,122,1,0.9183
47,1,21,3,123,1,0
47,1,21,4,124,1,0
47,1,21,5,125,1,
47,1,21,6,126,1,
47,1,22,1,127,1,0
47,1,22,2,128,1,0
47,1,22,3,129,1,0
47,1,22,4,130,1,1.7939
47,1,22,5,131,1,
47,1,22,6,132,1,
47,1,23,1,133,1,0
47,1,23,2,134,1,0
47,1,23,3,135,1,9.5161
47,1,23,4,136,1,0
47,1,23,5,137,1,
47,1,23,6,138,1,
47,1,24,1,139,1,5.8539
47,1,24,2,140,1,0
47,1,24,3,141,1,0
47,1,24,4,142,1,0
47,1,24,5,143,1,
47,1,24,6,144,1,
47,1,25,1,145,1,0
47,1,25,2,146,1,0
47,1,25,3,147,1,0
47,1,25,4,148,1,0
47,1,25,5,149,1,
47,1,25,6,150,1,
47,1,26,1,151,1,0
47,1,26,2,152,1,0
47,1,26,3,153,1,0
47,1,26,4,154,1,0
47,1,26,5,155,1,
47,1,26,6,156,1,
47,1,27,1,157,1,0
47,1,27,2,158,1,0
47,1,27,3,159,1,0
47,1,27,4,160,1,0
47,1,27,5,161,1,
47,1,27,6,162,1,
47,1,28,1,163,1,0
47,1,28,2,164,1,0
47,1,28,3,165,1,0
47,1,28,4,166,1,0.234
47,1,28,5,167,1,
47,1,28,6,168,1,
48,1,1,1,1,0,2
48,1,1,2,2,0,0
48,1,1,3,3,0,4.9689
48,1,1,4,4,0,2.9533
48,1,1,5,5,0,
48,1,1,6,6,0,
48,1,2,1,7,0,2.1067
48,1,2,2,8,0,1.6911
48,1,2,3,9,0,0
48,1,2,4,10,0,2.66
48,1,2,5,11,0,
48,1,2,6,12,0,
48,1,3,1,13,0,15.2134
48,1,3,2,14,0,2.1978
48,1,3,3,15,0,19.3823
48,1,3,4,16,0,19.5667
48,1,3,5,17,0,
48,1,3,6,18,0,
48,1,4,1,19,0,0
48,1,4,2,20,0,14.3045
48,1,4,3,21,0,2.689
48,1,4,4,22,0,15.8734
48,1,4,5,23,0,
48,1,4,6,24,0,
48,1,5,1,25,0,3.0268
48,1,5,2,26,0,9.2112
48,1,5,3,27,0,5.1957
48,1,5,4,28,0,1.7801
48,1,5,5,29,0,
48,1,5,6,30,0,
48,1,6,1,31,0,2.5335
48,1,6,2,32,0,0
48,1,6,3,33,0,0.7024
48,1,6,4,34,0,1.2868
48,1,6,5,35,0,
48,1,6,6,36,0,
48,1,7,1,37,0,
48,1,7,2,38,0,2.4246
48,1,7,3,39,0,0
48,1,7,4,40,0,0
48,1,7,5,41,0,
48,1,7,6,42,0,
48,1,8,1,43,0,2.1468
48,1,8,2,44,0,0
48,1,8,3,45,0,0
48,1,8,4,46,0,0
48,1,8,5,47,0,
48,1,8,6,48,0,
48,1,9,1,49,1,0
48,1,9,2,50,1,1.238
48,1,9,3,51,1,23.2224
48,1,9,4,52,1,0
48,1,9,5,53,1,
48,1,9,6,54,1,
48,1,10,1,55,1,0.7602
48,1,10,2,56,1,0
48,1,10,3,57,1,0
48,1,10,4,58,1,1.1136
48,1,10,5,59,1,
48,1,10,6,60,1,
48,1,11,1,61,1,0
48,1,11,2,62,1,0
48,1,11,3,63,1,4.2358
48,1,11,4,64,1,0
48,1,11,5,65,1,
48,1,11,6,66,1,
48,1,12,1,67,1,0
48,1,12,2,68,1,0
48,1,12,3,69,1,0
48,1,12,4,70,1,4.727
48,1,12,5,71,1,
48,1,12,6,72,1,
48,1,13,1,73,1,0
48,1,13,2,74,1,0.4647
48,1,13,3,75,1,0
48,1,13,4,76,1,2.8336
48,1,13,5,77,1,
48,1,13,6,78,1,
48,1,14,1,79,1,6.187
48,1,14,2,80,1,0
48,1,14,3,81,1,0
48,1,14,4,82,1,2.1403
48,1,14,5,83,1,
48,1,14,6,84,1,
48,1,15,1,85,1,0
48,1,15,2,86,1,0.6781
48,1,15,3,87,1,0
48,1,15,4,88,1,0
48,1,15,5,89,1,
48,1,15,6,90,1,
48,1,16,1,91,1,
48,1,16,2,92,1,0
48,1,16,3,93,1,0
48,1,16,4,94,1,
48,1,16,5,95,1,
48,1,16,6,96,1,
48,1,17,1,97,1,0
48,1,17,2,98,1,0
48,1,17,3,99,1,4.076
48,1,17,4,100,1,0
48,1,17,5,101,1,
48,1,17,6,102,1,
48,1,18,1,103,1,3.8138
48,1,18,2,104,1,0
48,1,18,3,105,1,0
48,1,18,4,106,1,0.3671
48,1,18,5,107,1,
48,1,18,6,108,1,
48,1,19,1,109,1,0
48,1,19,2,110,1,0.3049
48,1,19,3,111,1,0
48,1,19,4,112,1,2.8738
48,1,19,5,113,1,
48,1,19,6,114,1,
48,1,20,1,115,1,10.0271
48,1,20,2,116,1,0
48,1,20,3,117,1,0.196
48,1,20,4,118,1,0
48,1,20,5,119,1,
48,1,20,6,120,1,
48,1,21,1,121,1,2.7338
48,1,21,2,122,1,3.5183
48,1,21,3,123,1,0
48,1,21,4,124,1,2.0872
48,1,21,5,125,1,
48,1,21,6,126,1,
48,1,22,1,127,1,0
48,1,22,2,128,1,0
48,1,22,3,129,1,0
48,1,22,4,130,1,
48,1,22,5,131,1,
48,1,22,6,132,1,
48,1,23,1,133,1,0
48,1,23,2,134,1,0
48,1,23,3,135,1,0.9161
48,1,23,4,136,1,1.9006
48,1,23,5,137,1,
48,1,23,6,138,1,
48,1,24,1,139,1,
48,1,24,2,140,1,0
48,1,24,3,141,1,0
48,1,24,4,142,1,0
48,1,24,5,143,1,
48,1,24,6,144,1,
48,1,25,1,145,1,0
48,1,25,2,146,1,5.345
48,1,25,3,147,1,0
48,1,25,4,148,1,0
48,1,25,5,149,1,
48,1,25,6,150,1,
48,1,26,1,151,1,0
48,1,26,2,152,1,2.8517
48,1,26,3,153,1,0
48,1,26,4,154,1,1.8206
48,1,26,5,155,1,
48,1,26,6,156,1,
48,1,27,1,157,1,0
48,1,27,2,158,1,0.3584
48,1,27,3,159,1,0
48,1,27,4,160,1,0
48,1,27,5,161,1,
48,1,27,6,162,1,
48,1,28,1,163,1,0.4807
48,1,28,2,164,1,1.8651
48,1,28,3,165,1,0
48,1,28,4,166,1,0
48,1,28,5,167,1,
48,1,28,6,168,1,
49,1,1,1,1,0,
49,1,1,2,2,0,9.1844
49,1,1,3,3,0,7.1689
49,1,1,4,4,0,4.5533
49,1,1,5,5,0,
49,1,1,6,6,0,
49,1,2,1,7,0,30.7067
49,1,2,2,8,0,18.2911
49,1,2,3,9,0,5.6756
49,1,2,4,10,0,33.86
49,1,2,5,11,0,
49,1,2,6,12,0,
49,1,3,1,13,0,23.4134
49,1,3,2,14,0,0
49,1,3,3,15,0,0
49,1,3,4,16,0,23.1667
49,1,3,5,17,0,
49,1,3,6,18,0,
49,1,4,1,19,0,7.7201
49,1,4,2,20,0,0
49,1,4,3,21,0,0.889
49,1,4,4,22,0,28.2734
49,1,4,5,23,0,
49,1,4,6,24,0,
49,1,5,1,25,0,0
49,1,5,2,26,0,0
49,1,5,3,27,0,0
49,1,5,4,28,0,0
49,1,5,5,29,0,
49,1,5,6,30,0,
49,1,6,1,31,0,0
49,1,6,2,32,0,
49,1,6,3,33,0,0
49,1,6,4,34,0,0
49,1,6,5,35,0,
49,1,6,6,36,0,
49,1,7,1,37,0,0
49,1,7,2,38,0,0
49,1,7,3,39,0,0
49,1,7,4,40,0,0
49,1,7,5,41,0,
49,1,7,6,42,0,
49,1,8,1,43,0,
49,1,8,2,44,0,0
49,1,8,3,45,0,26.1157
49,1,8,4,46,0,16.5002
49,1,8,5,47,0,
49,1,8,6,48,0,
49,1,9,1,49,1,
49,1,9,2,50,1,4.638
49,1,9,3,51,1,0.0224
49,1,9,4,52,1,0.0069
49,1,9,5,53,1,
49,1,9,6,54,1,
49,1,10,1,55,1,0
49,1,10,2,56,1,16.9447
49,1,10,3,57,1,18.1291
49,1,10,4,58,1,15.1136
49,1,10,5,59,1,
49,1,10,6,60,1,
49,1,11,1,61,1,0
49,1,11,2,62,1,24.0514
49,1,11,3,63,1,4.8358
49,1,11,4,64,1,11.0203
49,1,11,5,65,1,
49,1,11,6,66,1,
49,1,12,1,67,1,17.7736
49,1,12,2,68,1,0
49,1,12,3,69,1,0.7425
49,1,12,4,70,1,6.127
49,1,12,5,71,1,
49,1,12,6,72,1,
49,1,13,1,73,1,8.8803
49,1,13,2,74,1,6.6647
49,1,13,3,75,1,2.2492
49,1,13,4,76,1,9.0336
49,1,13,5,77,1,
49,1,13,6,78,1,
49,1,14,1,79,1,4.987
49,1,14,2,80,1,2.3714
49,1,14,3,81,1,0
49,1,14,4,82,1,4.7403
49,1,14,5,83,1,
49,1,14,6,84,1,
49,1,15,1,85,1,3.2937
49,1,15,2,86,1,5.4781
49,1,15,3,87,1,1.0626
49,1,15,4,88,1,7.647
49,1,15,5,89,1,
49,1,15,6,90,1,
49,1,16,1,91,1,5.8004
49,1,16,2,92,1,
49,1,16,3,93,1,18.1693
49,1,16,4,94,1,16.1537
49,1,16,5,95,1,
49,1,16,6,96,1,
49,1,17,1,97,1,2.9071
49,1,17,2,98,1,7.4915
49,1,17,3,99,1,7.476
49,1,17,4,100,1,12.4604
49,1,17,5,101,1,
49,1,17,6,102,1,
49,1,18,1,103,1,3.2138
49,1,18,2,104,1,3.9982
49,1,18,3,105,1,2.5826
49,1,18,4,106,1,35.1671
49,1,18,5,107,1,
49,1,18,6,108,1,
49,1,19,1,109,1,16.5204
49,1,19,2,110,1,2.3049
49,1,19,3,111,1,0
49,1,19,4,112,1,0
49,1,19,5,113,1,
49,1,19,6,114,1,
49,1,20,1,115,1,1.2271
49,1,20,2,116,1,0.8116
49,1,20,3,117,1,8.196
49,1,20,4,118,1,3.1805
49,1,20,5,119,1,
49,1,20,6,120,1,
49,1,21,1,121,1,0
49,1,21,2,122,1,5.5183
49,1,21,3,123,1,0
49,1,21,4,124,1,4.6872
49,1,21,5,125,1,
49,1,21,6,126,1,
49,1,22,1,127,1,3.0405
49,1,22,2,128,1,9.625
49,1,22,3,129,1,2.2094
49,1,22,4,130,1,0
49,1,22,5,131,1,
49,1,22,6,132,1,
49,1,23,1,133,1,4.7472
49,1,23,2,134,1,15.1317
49,1,23,3,135,1,0
49,1,23,4,136,1,4.3006
49,1,23,5,137,1,
49,1,23,6,138,1,
49,1,24,1,139,1,
49,1,24,2,140,1,28.8383
49,1,24,3,141,1,0.6228
49,1,24,4,142,1,5.6072
49,1,24,5,143,1,
49,1,24,6,144,1,
49,1,25,1,145,1,13.9606
49,1,25,2,146,1,7.945
49,1,25,3,147,1,3.3295
49,1,25,4,148,1,0
49,1,25,5,149,1,
49,1,25,6,150,1,
49,1,26,1,151,1,10.4673
49,1,26,2,152,1,0
49,1,26,3,153,1,14.8362
49,1,26,4,154,1,1.2206
49,1,26,5,155,1,
49,1,26,6,156,1,
49,1,27,1,157,1,2.774
49,1,27,2,158,1,6.9584
49,1,27,3,159,1,0
49,1,27,4,160,1,0
49,1,27,5,161,1,
49,1,27,6,162,1,
49,1,28,1,163,1,3.6807
49,1,28,2,164,1,2.2651
49,1,28,3,165,1,2.6496
49,1,28,4,166,1,2.034
49,1,28,5,167,1,
49,1,28,6,168,1,
50,1,1,1,1,0,22
50,1,1,2,2,0,21.7844
50,1,1,3,3,0,4.7689
50,1,1,4,4,0,5.5533
50,1,1,5,5,0,
50,1,1,6,6,0,
50,1,2,1,7,0,3.9067
50,1,2,2,8,0,3.2911
50,1,2,3,9,0,6.4756
50,1,2,4,10,0,2.86
50,1,2,5,11,0,
50,1,2,6,12,0,
50,1,3,1,13,0,2.8134
50,1,3,2,14,0,15.5978
50,1,3,3,15,0,3.5823
50,1,3,4,16,0,13.7667
50,1,3,5,17,0,
50,1,3,6,18,0,
50,1,4,1,19,0,8.1201
50,1,4,2,20,0,2.3045
50,1,4,3,21,0,1.889
50,1,4,4,22,0,1.8734
50,1,4,5,23,0,
50,1,4,6,24,0,
50,1,5,1,25,0,2.8268
50,1,5,2,26,0,5.6112
50,1,5,3,27,0,2.9957
50,1,5,4,28,0,9.5801
50,1,5,5,29,0,
50,1,5,6,30,0,
50,1,6,1,31,0,4.1335
50,1,6,2,32,0,2.1179
50,1,6,3,33,0,2.9024
50,1,6,4,34,0,3.8868
50,1,6,5,35,0,
50,1,6,6,36,0,
50,1,7,1,37,0,2.8401
50,1,7,2,38,0,3.2246
50,1,7,3,39,0,10.609
50,1,7,4,40,0,4.5935
50,1,7,5,41,0,
50,1,7,6,42,0,
50,1,8,1,43,0,
50,1,8,2,44,0,6.7313
50,1,8,3,45,0,3.1157
50,1,8,4,46,0,4.5002
50,1,8,5,47,0,
50,1,8,6,48,0,
50,1,9,1,49,1,2.6535
50,1,9,2,50,1,6.038
50,1,9,3,51,1,6.8224
50,1,9,4,52,1,17.6069
50,1,9,5,53,1,
50,1,9,6,54,1,
50,1,10,1,55,1,1.5602
50,1,10,2,56,1,6.5447
50,1,10,3,57,1,7.3291
50,1,10,4,58,1,3.5136
50,1,10,5,59,1,
50,1,10,6,60,1,
50,1,11,1,61,1,2.0669
50,1,11,2,62,1,2.6514
50,1,11,3,63,1,4.0358
50,1,11,4,64,1,5.0203
50,1,11,5,65,1,
50,1,11,6,66,1,
50,1,12,1,67,1,0.3736
50,1,12,2,68,1,1.9581
50,1,12,3,69,1,6.7425
50,1,12,4,70,1,5.327
50,1,12,5,71,1,
50,1,12,6,72,1,
50,1,13,1,73,1,4.0803
50,1,13,2,74,1,3.6647
50,1,13,3,75,1,2.2492
50,1,13,4,76,1,1.0336
50,1,13,5,77,1,
50,1,13,6,78,1,
50,1,14,1,79,1,1.387
50,1,14,2,80,1,1.3714
50,1,14,3,81,1,3.3559
50,1,14,4,82,1,21.5403
50,1,14,5,83,1,
50,1,14,6,84,1,
50,1,15,1,85,1,3.6937
50,1,15,2,86,1,0
50,1,15,3,87,1,4.2626
50,1,15,4,88,1,3.847
50,1,15,5,89,1,
50,1,15,6,90,1,
50,1,16,1,91,1,2.2004
50,1,16,2,92,1,0.7848
50,1,16,3,93,1,2.5693
50,1,16,4,94,1,2.3537
50,1,16,5,95,1,
50,1,16,6,96,1,
50,1,17,1,97,1,1.1071
50,1,17,2,98,1,3.8915
50,1,17,3,99,1,3.676
50,1,17,4,100,1,10.2604
50,1,17,5,101,1,
50,1,17,6,102,1,
50,1,18,1,103,1,6.0138
50,1,18,2,104,1,2.7982
50,1,18,3,105,1,6.7826
50,1,18,4,106,1,13.7671
50,1,18,5,107,1,
50,1,18,6,108,1,
50,1,19,1,109,1,23.1204
50,1,19,2,110,1,1.3049
50,1,19,3,111,1,13.4893
50,1,19,4,112,1,4.8738
50,1,19,5,113,1,
50,1,19,6,114,1,
50,1,20,1,115,1,6.8271
50,1,20,2,116,1,2.8116
50,1,20,3,117,1,3.196
50,1,20,4,118,1,4.3805
50,1,20,5,119,1,
50,1,20,6,120,1,
50,1,21,1,121,1,2.5338
50,1,21,2,122,1,2.3183
50,1,21,3,123,1,4.7027
50,1,21,4,124,1,8.4872
50,1,21,5,125,1,
50,1,21,6,126,1,
50,1,22,1,127,1,18.0405
50,1,22,2,128,1,4.625
50,1,22,3,129,1,1.8094
50,1,22,4,130,1,5.9939
50,1,22,5,131,1,
50,1,22,6,132,1,
50,1,23,1,133,1,7.7472
50,1,23,2,134,1,4.1317
50,1,23,3,135,1,5.5161
50,1,23,4,136,1,11.1006
50,1,23,5,137,1,
50,1,23,6,138,1,
50,1,24,1,139,1,12.2539
50,1,24,2,140,1,5.0383
50,1,24,3,141,1,9.2228
50,1,24,4,142,1,5.4072
50,1,24,5,143,1,
50,1,24,6,144,1,
50,1,25,1,145,1,4.7606
50,1,25,2,146,1,6.145
50,1,25,3,147,1,15.5295
50,1,25,4,148,1,14.7139
50,1,25,5,149,1,
50,1,25,6,150,1,
50,1,26,1,151,1,8.0673
50,1,26,2,152,1,4.4517
50,1,26,3,153,1,7.6362
50,1,26,4,154,1,4.8206
50,1,26,5,155,1,
50,1,26,6,156,1,
50,1,27,1,157,1,3.574
50,1,27,2,158,1,7.9584
50,1,27,3,159,1,3.5429
50,1,27,4,160,1,6.5273
50,1,27,5,161,1,
50,1,27,6,162,1,
50,1,28,1,163,1,4.2807
50,1,28,2,164,1,7.6651
50,1,28,3,165,1,10.6496
50,1,28,4,166,1,9.634
50,1,28,5,167,1,
50,1,28,6,168,1,
51,1,1,1,1,0,3.4
51,1,1,2,2,0,0
51,1,1,3,3,0,0
51,1,1,4,4,0,0
51,1,1,5,5,0,
51,1,1,6,6,0,
51,1,2,1,7,0,0
51,1,2,2,8,0,0
51,1,2,3,9,0,
51,1,2,4,10,0,0
51,1,2,5,11,0,
51,1,2,6,12,0,
51,1,3,1,13,0,
51,1,3,2,14,0,0
51,1,3,3,15,0,0
51,1,3,4,16,0,18.3667
51,1,3,5,17,0,
51,1,3,6,18,0,
51,1,4,1,19,0,3.1201
51,1,4,2,20,0,5.5045
51,1,4,3,21,0,0
51,1,4,4,22,0,0
51,1,4,5,23,0,
51,1,4,6,24,0,
51,1,5,1,25,0,1.0268
51,1,5,2,26,0,5.2112
51,1,5,3,27,0,8.7957
51,1,5,4,28,0,0
51,1,5,5,29,0,
51,1,5,6,30,0,
51,1,6,1,31,0,
51,1,6,2,32,0,0
51,1,6,3,33,0,0.5024
51,1,6,4,34,0,15.6868
51,1,6,5,35,0,
51,1,6,6,36,0,
51,1,7,1,37,0,0
51,1,7,2,38,0,5.4246
51,1,7,3,39,0,0
51,1,7,4,40,0,7.1935
51,1,7,5,41,0,
51,1,7,6,42,0,
51,1,8,1,43,0,2.7468
51,1,8,2,44,0,0
51,1,8,3,45,0,0
51,1,8,4,46,0,0
51,1,8,5,47,0,
51,1,8,6,48,0,
51,1,9,1,49,1,0
51,1,9,2,50,1,0
51,1,9,3,51,1,0
51,1,9,4,52,1,0
51,1,9,5,53,1,
51,1,9,6,54,1,
51,1,10,1,55,1,0
51,1,10,2,56,1,0
51,1,10,3,57,1,0
51,1,10,4,58,1,6.5136
51,1,10,5,59,1,
51,1,10,6,60,1,
51,1,11,1,61,1,2.0669
51,1,11,2,62,1,0
51,1,11,3,63,1,0
51,1,11,4,64,1,0.0203
51,1,11,5,65,1,
51,1,11,6,66,1,
51,1,12,1,67,1,0
51,1,12,2,68,1,0
51,1,12,3,69,1,6.5425
51,1,12,4,70,1,0
51,1,12,5,71,1,
51,1,12,6,72,1,
51,1,13,1,73,1,
51,1,13,2,74,1,0
51,1,13,3,75,1,2.4492
51,1,13,4,76,1,0
51,1,13,5,77,1,
51,1,13,6,78,1,
51,1,14,1,79,1,0.187
51,1,14,2,80,1,0
51,1,14,3,81,1,9.5559
51,1,14,4,82,1,0
51,1,14,5,83,1,
51,1,14,6,84,1,
51,1,15,1,85,1,0
51,1,15,2,86,1,0.8781
51,1,15,3,87,1,6.4626
51,1,15,4,88,1,0
51,1,15,5,89,1,
51,1,15,6,90,1,
51,1,16,1,91,1,5.2004
51,1,16,2,92,1,0
51,1,16,3,93,1,0
51,1,16,4,94,1,0
51,1,16,5,95,1,
51,1,16,6,96,1,
51,1,17,1,97,1,9.1071
51,1,17,2,98,1,0
51,1,17,3,99,1,0
51,1,17,4,100,1,0
51,1,17,5,101,1,
51,1,17,6,102,1,
51,1,18,1,103,1,2.6138
51,1,18,2,104,1,0
51,1,18,3,105,1,0
51,1,18,4,106,1,0
51,1,18,5,107,1,
51,1,18,6,108,1,
51,1,19,1,109,1,3.5204
51,1,19,2,110,1,0
51,1,19,3,111,1,0
51,1,19,4,112,1,0
51,1,19,5,113,1,
51,1,19,6,114,1,
51,1,20,1,115,1,0
51,1,20,2,116,1,0
51,1,20,3,117,1,0
51,1,20,4,118,1,0
51,1,20,5,119,1,
51,1,20,6,120,1,
51,1,21,1,121,1,3.7338
51,1,21,2,122,1,0
51,1,21,3,123,1,0
51,1,21,4,124,1,0
51,1,21,5,125,1,
51,1,21,6,126,1,
51,1,22,1,127,1,0
51,1,22,2,128,1,0
51,1,22,3,129,1,0
51,1,22,4,130,1,0
51,1,22,5,131,1,
51,1,22,6,132,1,
51,1,23,1,133,1,0
51,1,23,2,134,1,0
51,1,23,3,135,1,0
51,1,23,4,136,1,0
51,1,23,5,137,1,
51,1,23,6,138,1,
51,1,24,1,139,1,
51,1,24,2,140,1,8.0383
51,1,24,3,141,1,0
51,1,24,4,142,1,0
51,1,24,5,143,1,
51,1,24,6,144,1,
51,1,25,1,145,1,0
51,1,25,2,146,1,0
51,1,25,3,147,1,0
51,1,25,4,148,1,0
51,1,25,5,149,1,
51,1,25,6,150,1,
51,1,26,1,151,1,0
51,1,26,2,152,1,0
51,1,26,3,153,1,0
51,1,26,4,154,1,0
51,1,26,5,155,1,
51,1,26,6,156,1,
51,1,27,1,157,1,0
51,1,27,2,158,1,0
51,1,27,3,159,1,0
51,1,27,4,160,1,0
51,1,27,5,161,1,
51,1,27,6,162,1,
51,1,28,1,163,1,0
51,1,28,2,164,1,2.4651
51,1,28,3,165,1,0
51,1,28,4,166,1,0
51,1,28,5,167,1,
51,1,28,6,168,1,
52,1,1,1,1,0,2
52,1,1,2,2,0,0
52,1,1,3,3,0,0
52,1,1,4,4,0,0
52,1,1,5,5,0,
52,1,1,6,6,0,
52,1,2,1,7,0,0
52,1,2,2,8,0,4.4911
52,1,2,3,9,0,0
52,1,2,4,10,0,0
52,1,2,5,11,0,
52,1,2,6,12,0,
52,1,3,1,13,0,0
52,1,3,2,14,0,0
52,1,3,3,15,0,10.3823
52,1,3,4,16,0,0
52,1,3,5,17,0,
52,1,3,6,18,0,
52,1,4,1,19,0,0
52,1,4,2,20,0,0
52,1,4,3,21,0,0
52,1,4,4,22,0,0
52,1,4,5,23,0,
52,1,4,6,24,0,
52,1,5,1,25,0,0
52,1,5,2,26,0,0
52,1,5,3,27,0,0
52,1,5,4,28,0,7.3801
52,1,5,5,29,0,
52,1,5,6,30,0,
52,1,6,1,31,0,0
52,1,6,2,32,0,0
52,1,6,3,33,0,0
52,1,6,4,34,0,0
52,1,6,5,35,0,
52,1,6,6,36,0,
52,1,7,1,37,0,0
52,1,7,2,38,0,0
52,1,7,3,39,0,0
52,1,7,4,40,0,0
52,1,7,5,41,0,
52,1,7,6,42,0,
52,1,8,1,43,0,0
52,1,8,2,44,0,0
52,1,8,3,45,0,0
52,1,8,4,46,0,0
52,1,8,5,47,0,
52,1,8,6,48,0,
52,1,9,1,49,1,0
52,1,9,2,50,1,0
52,1,9,3,51,1,0
52,1,9,4,52,1,0
52,1,9,5,53,1,
52,1,9,6,54,1,
52,1,10,1,55,1,0
52,1,10,2,56,1,0
52,1,10,3,57,1,0
52,1,10,4,58,1,0
52,1,10,5,59,1,
52,1,10,6,60,1,
52,1,11,1,61,1,0
52,1,11,2,62,1,0
52,1,11,3,63,1,0
52,1,11,4,64,1,0
52,1,11,5,65,1,
52,1,11,6,66,1,
52,1,12,1,67,1,0
52,1,12,2,68,1,0
52,1,12,3,69,1,0
52,1,12,4,70,1,0
52,1,12,5,71,1,
52,1,12,6,72,1,
52,1,13,1,73,1,0
52,1,13,2,74,1,0
52,1,13,3,75,1,0
52,1,13,4,76,1,0
52,1,13,5,77,1,
52,1,13,6,78,1,
52,1,14,1,79,1,0
52,1,14,2,80,1,0
52,1,14,3,81,1,0
52,1,14,4,82,1,0
52,1,14,5,83,1,
52,1,14,6,84,1,
52,1,15,1,85,1,0
52,1,15,2,86,1,0
52,1,15,3,87,1,0
52,1,15,4,88,1,0
52,1,15,5,89,1,
52,1,15,6,90,1,
52,1,16,1,91,1,0
52,1,16,2,92,1,0
52,1,16,3,93,1,0
52,1,16,4,94,1,0
52,1,16,5,95,1,
52,1,16,6,96,1,
52,1,17,1,97,1,0
52,1,17,2,98,1,0
52,1,17,3,99,1,0
52,1,17,4,100,1,0
52,1,17,5,101,1,
52,1,17,6,102,1,
52,1,18,1,103,1,0
52,1,18,2,104,1,0
52,1,18,3,105,1,0
52,1,18,4,106,1,0
52,1,18,5,107,1,
52,1,18,6,108,1,
52,1,19,1,109,1,0
52,1,19,2,110,1,0
52,1,19,3,111,1,0
52,1,19,4,112,1,0
52,1,19,5,113,1,
52,1,19,6,114,1,
52,1,20,1,115,1,0
52,1,20,2,116,1,0
52,1,20,3,117,1,0
52,1,20,4,118,1,0
52,1,20,5,119,1,
52,1,20,6,120,1,
52,1,21,1,121,1,0
52,1,21,2,122,1,0
52,1,21,3,123,1,
52,1,21,4,124,1,4.0872
52,1,21,5,125,1,
52,1,21,6,126,1,
52,1,22,1,127,1,0
52,1,22,2,128,1,
52,1,22,3,129,1,0
52,1,22,4,130,1,0
52,1,22,5,131,1,
52,1,22,6,132,1,
52,1,23,1,133,1,0
52,1,23,2,134,1,0
52,1,23,3,135,1,0
52,1,23,4,136,1,0
52,1,23,5,137,1,
52,1,23,6,138,1,
52,1,24,1,139,1,1.8539
52,1,24,2,140,1,0
52,1,24,3,141,1,0
52,1,24,4,142,1,0
52,1,24,5,143,1,
52,1,24,6,144,1,
52,1,25,1,145,1,0
52,1,25,2,146,1,0
52,1,25,3,147,1,0
52,1,25,4,148,1,0
52,1,25,5,149,1,
52,1,25,6,150,1,
52,1,26,1,151,1,0
52,1,26,2,152,1,0
52,1,26,3,153,1,0
52,1,26,4,154,1,0
52,1,26,5,155,1,
52,1,26,6,156,1,
52,1,27,1,157,1,0
52,1,27,2,158,1,0
52,1,27,3,159,1,3.1429
52,1,27,4,160,1,0
52,1,27,5,161,1,
52,1,27,6,162,1,
52,1,28,1,163,1,0
52,1,28,2,164,1,0
52,1,28,3,165,1,0
52,1,28,4,166,1,0
52,1,28,5,167,1,
52,1,28,6,168,1,
53,1,1,1,1,0,45.8
53,1,1,2,2,0,17.7844
53,1,1,3,3,0,46.3689
53,1,1,4,4,0,37.1533
53,1,1,5,5,0,
53,1,1,6,6,0,
53,1,2,1,7,0,28.5067
53,1,2,2,8,0,5.6911
53,1,2,3,9,0,18.2756
53,1,2,4,10,0,15.06
53,1,2,5,11,0,
53,1,2,6,12,0,
53,1,3,1,13,0,21.4134
53,1,3,2,14,0,11.7978
53,1,3,3,15,0,14.5823
53,1,3,4,16,0,18.7667
53,1,3,5,17,0,
53,1,3,6,18,0,
53,1,4,1,19,0,8.9201
53,1,4,2,20,0,6.5045
53,1,4,3,21,0,24.089
53,1,4,4,22,0,5.8734
53,1,4,5,23,0,
53,1,4,6,24,0,
53,1,5,1,25,0,7.2268
53,1,5,2,26,0,5.6112
53,1,5,3,27,0,5.1957
53,1,5,4,28,0,18.7801
53,1,5,5,29,0,
53,1,5,6,30,0,
53,1,6,1,31,0,17.5335
53,1,6,2,32,0,
53,1,6,3,33,0,7.7024
53,1,6,4,34,0,
53,1,6,5,35,0,
53,1,6,6,36,0,
53,1,7,1,37,0,7.6401
53,1,7,2,38,0,23.6246
53,1,7,3,39,0,61.609
53,1,7,4,40,0,70.7935
53,1,7,5,41,0,
53,1,7,6,42,0,
53,1,8,1,43,0,31.5468
53,1,8,2,44,0,10.7313
53,1,8,3,45,0,23.3157
53,1,8,4,46,0,19.1002
53,1,8,5,47,0,
53,1,8,6,48,0,
53,1,9,1,49,1,18.2535
53,1,9,2,50,1,6.638
53,1,9,3,51,1,19.6224
53,1,9,4,52,1,14.6069
53,1,9,5,53,1,
53,1,9,6,54,1,
53,1,10,1,55,1,12.1602
53,1,10,2,56,1,15.3447
53,1,10,3,57,1,8.3291
53,1,10,4,58,1,26.5136
53,1,10,5,59,1,
53,1,10,6,60,1,
53,1,11,1,61,1,50.8669
53,1,11,2,62,1,28.4514
53,1,11,3,63,1,8.2358
53,1,11,4,64,1,16.6203
53,1,11,5,65,1,
53,1,11,6,66,1,
53,1,12,1,67,1,15.3736
53,1,12,2,68,1,31.1581
53,1,12,3,69,1,26.1425
53,1,12,4,70,1,30.727
53,1,12,5,71,1,
53,1,12,6,72,1,
53,1,13,1,73,1,24.0803
53,1,13,2,74,1,35.8647
53,1,13,3,75,1,25.0492
53,1,13,4,76,1,48.0336
53,1,13,5,77,1,
53,1,13,6,78,1,
53,1,14,1,79,1,
53,1,14,2,80,1,22.9714
53,1,14,3,81,1,33.5559
53,1,14,4,82,1,32.5403
53,1,14,5,83,1,
53,1,14,6,84,1,
53,1,15,1,85,1,21.2937
53,1,15,2,86,1,13.6781
53,1,15,3,87,1,14.4626
53,1,15,4,88,1,37.447
53,1,15,5,89,1,
53,1,15,6,90,1,
53,1,16,1,91,1,35.6004
53,1,16,2,92,1,23.5848
53,1,16,3,93,1,32.3693
53,1,16,4,94,1,23.3537
53,1,16,5,95,1,
53,1,16,6,96,1,
53,1,17,1,97,1,35.7071
53,1,17,2,98,1,60.8915
53,1,17,3,99,1,48.476
53,1,17,4,100,1,26.8604
53,1,17,5,101,1,
53,1,17,6,102,1,
53,1,18,1,103,1,54.4138
53,1,18,2,104,1,30.1982
53,1,18,3,105,1,41.7826
53,1,18,4,106,1,55.9671
53,1,18,5,107,1,
53,1,18,6,108,1,
53,1,19,1,109,1,59.1204
53,1,19,2,110,1,37.1049
53,1,19,3,111,1,30.4893
53,1,19,4,112,1,72.4738
53,1,19,5,113,1,
53,1,19,6,114,1,
53,1,20,1,115,1,41.6271
53,1,20,2,116,1,49.0116
53,1,20,3,117,1,62.596
53,1,20,4,118,1,23.1805
53,1,20,5,119,1,
53,1,20,6,120,1,
53,1,21,1,121,1,44.7338
53,1,21,2,122,1,36.3183
53,1,21,3,123,1,48.7027
53,1,21,4,124,1,49.4872
53,1,21,5,125,1,
53,1,21,6,126,1,
53,1,22,1,127,1,34.6405
53,1,22,2,128,1,37.425
53,1,22,3,129,1,35.0094
53,1,22,4,130,1,38.1939
53,1,22,5,131,1,
53,1,22,6,132,1,
53,1,23,1,133,1,58.5472
53,1,23,2,134,1,36.5317
53,1,23,3,135,1,45.3161
53,1,23,4,136,1,41.1006
53,1,23,5,137,1,
53,1,23,6,138,1,
53,1,24,1,139,1,39.2539
53,1,24,2,140,1,36.6383
53,1,24,3,141,1,38.8228
53,1,24,4,142,1,42.2072
53,1,24,5,143,1,
53,1,24,6,144,1,
53,1,25,1,145,1,66.9606
53,1,25,2,146,1,46.945
53,1,25,3,147,1,55.7295
53,1,25,4,148,1,41.7139
53,1,25,5,149,1,
53,1,25,6,150,1,
53,1,26,1,151,1,47.8673
53,1,26,2,152,1,43.4517
53,1,26,3,153,1,43.2362
53,1,26,4,154,1,36.2206
53,1,26,5,155,1,
53,1,26,6,156,1,
53,1,27,1,157,1,41.974
53,1,27,2,158,1,32.3584
53,1,27,3,159,1,49.1429
53,1,27,4,160,1,39.9273
53,1,27,5,161,1,
53,1,27,6,162,1,
53,1,28,1,163,1,41.2807
53,1,28,2,164,1,49.2651
53,1,28,3,165,1,49.4496
53,1,28,4,166,1,41.834
53,1,28,5,167,1,
53,1,28,6,168,1,
54,1,1,1,1,0,4.2
54,1,1,2,2,0,11.1844
54,1,1,3,3,0,11.7689
54,1,1,4,4,0,4.5533
54,1,1,5,5,0,
54,1,1,6,6,0,
54,1,2,1,7,0,61.5067
54,1,2,2,8,0,9.6911
54,1,2,3,9,0,6.8756
54,1,2,4,10,0,49.26
54,1,2,5,11,0,
54,1,2,6,12,0,
54,1,3,1,13,0,41.8134
54,1,3,2,14,0,8.7978
54,1,3,3,15,0,27.5823
54,1,3,4,16,0,26.7667
54,1,3,5,17,0,
54,1,3,6,18,0,
54,1,4,1,19,0,22.5201
54,1,4,2,20,0,20.1045
54,1,4,3,21,0,28.089
54,1,4,4,22,0,38.6734
54,1,4,5,23,0,
54,1,4,6,24,0,
54,1,5,1,25,0,15.8268
54,1,5,2,26,0,23.2112
54,1,5,3,27,0,16.1957
54,1,5,4,28,0,15.3801
54,1,5,5,29,0,
54,1,5,6,30,0,
54,1,6,1,31,0,16.9335
54,1,6,2,32,0,16.7179
54,1,6,3,33,0,15.1024
54,1,6,4,34,0,9.4868
54,1,6,5,35,0,
54,1,6,6,36,0,
54,1,7,1,37,0,10.4401
54,1,7,2,38,0,24.4246
54,1,7,3,39,0,17.209
54,1,7,4,40,0,12.3935
54,1,7,5,41,0,
54,1,7,6,42,0,
54,1,8,1,43,0,42.1468
54,1,8,2,44,0,21.1313
54,1,8,3,45,0,23.5157
54,1,8,4,46,0,17.9002
54,1,8,5,47,0,
54,1,8,6,48,0,
54,1,9,1,49,1,18.4535
54,1,9,2,50,1,10.038
54,1,9,3,51,1,48.2224
54,1,9,4,52,1,17.6069
54,1,9,5,53,1,
54,1,9,6,54,1,
54,1,10,1,55,1,17.5602
54,1,10,2,56,1,18.1447
54,1,10,3,57,1,5.9291
54,1,10,4,58,1,
54,1,10,5,59,1,
54,1,10,6,60,1,
54,1,11,1,61,1,61.2669
54,1,11,2,62,1,32.2514
54,1,11,3,63,1,56.4358
54,1,11,4,64,1,16.6203
54,1,11,5,65,1,
54,1,11,6,66,1,
54,1,12,1,67,1,23.5736
54,1,12,2,68,1,
54,1,12,3,69,1,17.9425
54,1,12,4,70,1,7.727
54,1,12,5,71,1,
54,1,12,6,72,1,
54,1,13,1,73,1,13.8803
54,1,13,2,74,1,12.6647
54,1,13,3,75,1,22.4492
54,1,13,4,76,1,7.8336
54,1,13,5,77,1,
54,1,13,6,78,1,
54,1,14,1,79,1,7.387
54,1,14,2,80,1,18.9714
54,1,14,3,81,1,5.5559
54,1,14,4,82,1,9.3403
54,1,14,5,83,1,
54,1,14,6,84,1,
54,1,15,1,85,1,27.0937
54,1,15,2,86,1,16.0781
54,1,15,3,87,1,5.4626
54,1,15,4,88,1,64.847
54,1,15,5,89,1,
54,1,15,6,90,1,
54,1,16,1,91,1,
54,1,16,2,92,1,41.7848
54,1,16,3,93,1,30.3693
54,1,16,4,94,1,22.9537
54,1,16,5,95,1,
54,1,16,6,96,1,
54,1,17,1,97,1,34.1071
54,1,17,2,98,1,27.0915
54,1,17,3,99,1,51.676
54,1,17,4,100,1,38.0604
54,1,17,5,101,1,
54,1,17,6,102,1,
54,1,18,1,103,1,29.6138
54,1,18,2,104,1,15.1982
54,1,18,3,105,1,18.5826
54,1,18,4,106,1,18.9671
54,1,18,5,107,1,
54,1,18,6,108,1,
54,1,19,1,109,1,24.5204
54,1,19,2,110,1,21.1049
54,1,19,3,111,1,13.2893
54,1,19,4,112,1,9.6738
54,1,19,5,113,1,
54,1,19,6,114,1,
54,1,20,1,115,1,47.4271
54,1,20,2,116,1,11.2116
54,1,20,3,117,1,3.596
54,1,20,4,118,1,42.9805
54,1,20,5,119,1,
54,1,20,6,120,1,
54,1,21,1,121,1,27.3338
54,1,21,2,122,1,21.7183
54,1,21,3,123,1,9.5027
54,1,21,4,124,1,22.6872
54,1,21,5,125,1,
54,1,21,6,126,1,
54,1,22,1,127,1,42.8405
54,1,22,2,128,1,6.225
54,1,22,3,129,1,25.8094
54,1,22,4,130,1,
54,1,22,5,131,1,
54,1,22,6,132,1,
54,1,23,1,133,1,14.3472
54,1,23,2,134,1,10.7317
54,1,23,3,135,1,14.5161
54,1,23,4,136,1,40.1006
54,1,23,5,137,1,
54,1,23,6,138,1,
54,1,24,1,139,1,23.0539
54,1,24,2,140,1,5.8383
54,1,24,3,141,1,3.6228
54,1,24,4,142,1,18.0072
54,1,24,5,143,1,
54,1,24,6,144,1,
54,1,25,1,145,1,6.5606
54,1,25,2,146,1,1.545
54,1,25,3,147,1,1.1295
54,1,25,4,148,1,6.5139
54,1,25,5,149,1,
54,1,25,6,150,1,
54,1,26,1,151,1,27.4673
54,1,26,2,152,1,9.4517
54,1,26,3,153,1,5.4362
54,1,26,4,154,1,10.0206
54,1,26,5,155,1,
54,1,26,6,156,1,
54,1,27,1,157,1,25.974
54,1,27,2,158,1,8.9584
54,1,27,3,159,1,3.1429
54,1,27,4,160,1,13.1273
54,1,27,5,161,1,
54,1,27,6,162,1,
54,1,28,1,163,1,14.4807
54,1,28,2,164,1,13.4651
54,1,28,3,165,1,10.2496
54,1,28,4,166,1,0
54,1,28,5,167,1,
54,1,28,6,168,1,
55,1,1,1,1,0,13.6
55,1,1,2,2,0,0
55,1,1,3,3,0,0
55,1,1,4,4,0,17.5533
55,1,1,5,5,0,
55,1,1,6,6,0,
55,1,2,1,7,0,0
55,1,2,2,8,0,1.8911
55,1,2,3,9,0,0
55,1,2,4,10,0,0
55,1,2,5,11,0,
55,1,2,6,12,0,
55,1,3,1,13,0,0
55,1,3,2,14,0,1.3978
55,1,3,3,15,0,0
55,1,3,4,16,0,8.5667
55,1,3,5,17,0,
55,1,3,6,18,0,
55,1,4,1,19,0,0
55,1,4,2,20,0,0
55,1,4,3,21,0,0
55,1,4,4,22,0,0
55,1,4,5,23,0,
55,1,4,6,24,0,
55,1,5,1,25,0,5.4268
55,1,5,2,26,0,2.2112
55,1,5,3,27,0,0
55,1,5,4,28,0,6.5801
55,1,5,5,29,0,
55,1,5,6,30,0,
55,1,6,1,31,0,1.7335
55,1,6,2,32,0,0
55,1,6,3,33,0,0
55,1,6,4,34,0,0
55,1,6,5,35,0,
55,1,6,6,36,0,
55,1,7,1,37,0,
55,1,7,2,38,0,1.8246
55,1,7,3,39,0,1.609
55,1,7,4,40,0,2.7935
55,1,7,5,41,0,
55,1,7,6,42,0,
55,1,8,1,43,0,2.3468
55,1,8,2,44,0,6.1313
55,1,8,3,45,0,4.7157
55,1,8,4,46,0,8.5002
55,1,8,5,47,0,
55,1,8,6,48,0,
55,1,9,1,49,1,0.4535
55,1,9,2,50,1,3.038
55,1,9,3,51,1,0
55,1,9,4,52,1,9.4069
55,1,9,5,53,1,
55,1,9,6,54,1,
55,1,10,1,55,1,3.5602
55,1,10,2,56,1,5.9447
55,1,10,3,57,1,0
55,1,10,4,58,1,1.7136
55,1,10,5,59,1,
55,1,10,6,60,1,
55,1,11,1,61,1,2.8669
55,1,11,2,62,1,2.0514
55,1,11,3,63,1,6.8358
55,1,11,4,64,1,18.4203
55,1,11,5,65,1,
55,1,11,6,66,1,
55,1,12,1,67,1,1.9736
55,1,12,2,68,1,0
55,1,12,3,69,1,0
55,1,12,4,70,1,8.127
55,1,12,5,71,1,
55,1,12,6,72,1,
55,1,13,1,73,1,5.2803
55,1,13,2,74,1,3.4647
55,1,13,3,75,1,3.2492
55,1,13,4,76,1,3.8336
55,1,13,5,77,1,
55,1,13,6,78,1,
55,1,14,1,79,1,17.587
55,1,14,2,80,1,
55,1,14,3,81,1,5.7559
55,1,14,4,82,1,2.7403
55,1,14,5,83,1,
55,1,14,6,84,1,
55,1,15,1,85,1,0
55,1,15,2,86,1,22.6781
55,1,15,3,87,1,3.4626
55,1,15,4,88,1,1.247
55,1,15,5,89,1,
55,1,15,6,90,1,
55,1,16,1,91,1,6.0004
55,1,16,2,92,1,0.5848
55,1,16,3,93,1,0
55,1,16,4,94,1,2.7537
55,1,16,5,95,1,
55,1,16,6,96,1,
55,1,17,1,97,1,0
55,1,17,2,98,1,0
55,1,17,3,99,1,0.476
55,1,17,4,100,1,1.8604
55,1,17,5,101,1,
55,1,17,6,102,1,
55,1,18,1,103,1,9.8138
55,1,18,2,104,1,0
55,1,18,3,105,1,0
55,1,18,4,106,1,0
55,1,18,5,107,1,
55,1,18,6,108,1,
55,1,19,1,109,1,0
55,1,19,2,110,1,10.9049
55,1,19,3,111,1,0
55,1,19,4,112,1,26.6738
55,1,19,5,113,1,
55,1,19,6,114,1,
55,1,20,1,115,1,17.4271
55,1,20,2,116,1,11.8116
55,1,20,3,117,1,0
55,1,20,4,118,1,0
55,1,20,5,119,1,
55,1,20,6,120,1,
55,1,21,1,121,1,1.3338
55,1,21,2,122,1,0.5183
55,1,21,3,123,1,4.1027
55,1,21,4,124,1,15.8872
55,1,21,5,125,1,
55,1,21,6,126,1,
55,1,22,1,127,1,3.0405
55,1,22,2,128,1,5.025
55,1,22,3,129,1,1.6094
55,1,22,4,130,1,0
55,1,22,5,131,1,
55,1,22,6,132,1,
55,1,23,1,133,1,0
55,1,23,2,134,1,0
55,1,23,3,135,1,0
55,1,23,4,136,1,0
55,1,23,5,137,1,
55,1,23,6,138,1,
55,1,24,1,139,1,0
55,1,24,2,140,1,0
55,1,24,3,141,1,0
55,1,24,4,142,1,0
55,1,24,5,143,1,
55,1,24,6,144,1,
55,1,25,1,145,1,0
55,1,25,2,146,1,0
55,1,25,3,147,1,0
55,1,25,4,148,1,0
55,1,25,5,149,1,
55,1,25,6,150,1,
55,1,26,1,151,1,0
55,1,26,2,152,1,0
55,1,26,3,153,1,0
55,1,26,4,154,1,0
55,1,26,5,155,1,
55,1,26,6,156,1,
55,1,27,1,157,1,0
55,1,27,2,158,1,0
55,1,27,3,159,1,6.1429
55,1,27,4,160,1,0
55,1,27,5,161,1,
55,1,27,6,162,1,
55,1,28,1,163,1,6.0807
55,1,28,2,164,1,0
55,1,28,3,165,1,0
55,1,28,4,166,1,0
55,1,28,5,167,1,
55,1,28,6,168,1,
56,1,1,1,1,0,1.6
56,1,1,2,2,0,0
56,1,1,3,3,0,0
56,1,1,4,4,0,0
56,1,1,5,5,0,
56,1,1,6,6,0,
56,1,2,1,7,0,0
56,1,2,2,8,0,0
56,1,2,3,9,0,6.2756
56,1,2,4,10,0,12.06
56,1,2,5,11,0,
56,1,2,6,12,0,
56,1,3,1,13,0,2.2134
56,1,3,2,14,0,15.7978
56,1,3,3,15,0,9.9823
56,1,3,4,16,0,13.9667
56,1,3,5,17,0,
56,1,3,6,18,0,
56,1,4,1,19,0,26.1201
56,1,4,2,20,0,11.7045
56,1,4,3,21,0,0
56,1,4,4,22,0,3.6734
56,1,4,5,23,0,
56,1,4,6,24,0,
56,1,5,1,25,0,0
56,1,5,2,26,0,8.6112
56,1,5,3,27,0,0
56,1,5,4,28,0,17.7801
56,1,5,5,29,0,
56,1,5,6,30,0,
56,1,6,1,31,0,3.7335
56,1,6,2,32,0,6.7179
56,1,6,3,33,0,15.3024
56,1,6,4,34,0,0
56,1,6,5,35,0,
56,1,6,6,36,0,
56,1,7,1,37,0,6.2401
56,1,7,2,38,0,14.2246
56,1,7,3,39,0,5.209
56,1,7,4,40,0,15.7935
56,1,7,5,41,0,
56,1,7,6,42,0,
56,1,8,1,43,0,16.3468
56,1,8,2,44,0,11.7313
56,1,8,3,45,0,8.5157
56,1,8,4,46,0,14.5002
56,1,8,5,47,0,
56,1,8,6,48,0,
56,1,9,1,49,1,21.8535
56,1,9,2,50,1,21.838
56,1,9,3,51,1,27.6224
56,1,9,4,52,1,19.2069
56,1,9,5,53,1,
56,1,9,6,54,1,
56,1,10,1,55,1,5.5602
56,1,10,2,56,1,8.7447
56,1,10,3,57,1,0.1291
56,1,10,4,58,1,10.5136
56,1,10,5,59,1,
56,1,10,6,60,1,
56,1,11,1,61,1,8.8669
56,1,11,2,62,1,15.6514
56,1,11,3,63,1,4.0358
56,1,11,4,64,1,3.6203
56,1,11,5,65,1,
56,1,11,6,66,1,
56,1,12,1,67,1,4.3736
56,1,12,2,68,1,8.1581
56,1,12,3,69,1,0.7425
56,1,12,4,70,1,3.127
56,1,12,5,71,1,
56,1,12,6,72,1,
56,1,13,1,73,1,5.2803
56,1,13,2,74,1,0.8647
56,1,13,3,75,1,3.2492
56,1,13,4,76,1,0.6336
56,1,13,5,77,1,
56,1,13,6,78,1,
56,1,14,1,79,1,2.787
56,1,14,2,80,1,2.3714
56,1,14,3,81,1,6.9559
56,1,14,4,82,1,3.5403
56,1,14,5,83,1,
56,1,14,6,84,1,
56,1,15,1,85,1,3.2937
56,1,15,2,86,1,1.6781
56,1,15,3,87,1,1.8626
56,1,15,4,88,1,11.047
56,1,15,5,89,1,
56,1,15,6,90,1,
56,1,16,1,91,1,22.8004
56,1,16,2,92,1,9.3848
56,1,16,3,93,1,2.3693
56,1,16,4,94,1,0
56,1,16,5,95,1,
56,1,16,6,96,1,
56,1,17,1,97,1,7.7071
56,1,17,2,98,1,2.2915
56,1,17,3,99,1,1.076
56,1,17,4,100,1,6.2604
56,1,17,5,101,1,
56,1,17,6,102,1,
56,1,18,1,103,1,6.8138
56,1,18,2,104,1,5.3982
56,1,18,3,105,1,0.9826
56,1,18,4,106,1,2.9671
56,1,18,5,107,1,
56,1,18,6,108,1,
56,1,19,1,109,1,9.7204
56,1,19,2,110,1,8.3049
56,1,19,3,111,1,6.0893
56,1,19,4,112,1,7.8738
56,1,19,5,113,1,
56,1,19,6,114,1,
56,1,20,1,115,1,12.4271
56,1,20,2,116,1,0
56,1,20,3,117,1,3.196
56,1,20,4,118,1,2.1805
56,1,20,5,119,1,
56,1,20,6,120,1,
56,1,21,1,121,1,1.9338
56,1,21,2,122,1,2.7183
56,1,21,3,123,1,4.9027
56,1,21,4,124,1,10.6872
56,1,21,5,125,1,
56,1,21,6,126,1,
56,1,22,1,127,1,9.0405
56,1,22,2,128,1,8.225
56,1,22,3,129,1,19.4094
56,1,22,4,130,1,25.1939
56,1,22,5,131,1,
56,1,22,6,132,1,
56,1,23,1,133,1,
56,1,23,2,134,1,2.7317
56,1,23,3,135,1,5.7161
56,1,23,4,136,1,7.1006
56,1,23,5,137,1,
56,1,23,6,138,1,
56,1,24,1,139,1,0.8539
56,1,24,2,140,1,1.6383
56,1,24,3,141,1,13.0228
56,1,24,4,142,1,2.0072
56,1,24,5,143,1,
56,1,24,6,144,1,
56,1,25,1,145,1,8.7606
56,1,25,2,146,1,6.345
56,1,25,3,147,1,7.1295
56,1,25,4,148,1,10.3139
56,1,25,5,149,1,
56,1,25,6,150,1,
56,1,26,1,151,1,5.4673
56,1,26,2,152,1,6.4517
56,1,26,3,153,1,5.6362
56,1,26,4,154,1,4.6206
56,1,26,5,155,1,
56,1,26,6,156,1,
56,1,27,1,157,1,0
56,1,27,2,158,1,0.9584
56,1,27,3,159,1,9.1429
56,1,27,4,160,1,6.7273
56,1,27,5,161,1,
56,1,27,6,162,1,
56,1,28,1,163,1,0
56,1,28,2,164,1,4.4651
56,1,28,3,165,1,7.0496
56,1,28,4,166,1,1.434
56,1,28,5,167,1,
56,1,28,6,168,1,
57,1,1,1,1,0,49.6
57,1,1,2,2,0,45.9844
57,1,1,3,3,0,40.3689
57,1,1,4,4,0,16.3533
57,1,1,5,5,0,
57,1,1,6,6,0,
57,1,2,1,7,0,11.5067
57,1,2,2,8,0,38.6911
57,1,2,3,9,0,55.4756
57,1,2,4,10,0,15.66
57,1,2,5,11,0,
57,1,2,6,12,0,
57,1,3,1,13,0,13.6134
57,1,3,2,14,0,16.7978
57,1,3,3,15,0,16.3823
57,1,3,4,16,0,14.3667
57,1,3,5,17,0,
57,1,3,6,18,0,
57,1,4,1,19,0,35.3201
57,1,4,2,20,0,29.9045
57,1,4,3,21,0,41.689
57,1,4,4,22,0,27.4734
57,1,4,5,23,0,
57,1,4,6,24,0,
57,1,5,1,25,0,27.2268
57,1,5,2,26,0,38.6112
57,1,5,3,27,0,7.7957
57,1,5,4,28,0,16.9801
57,1,5,5,29,0,
57,1,5,6,30,0,
57,1,6,1,31,0,24.5335
57,1,6,2,32,0,33.7179
57,1,6,3,33,0,
57,1,6,4,34,0,71.2868
57,1,6,5,35,0,
57,1,6,6,36,0,
57,1,7,1,37,0,70.2401
57,1,7,2,38,0,40.6246
57,1,7,3,39,0,42.009
57,1,7,4,40,0,56.7935
57,1,7,5,41,0,
57,1,7,6,42,0,
57,1,8,1,43,0,22.7468
57,1,8,2,44,0,19.1313
57,1,8,3,45,0,34.9157
57,1,8,4,46,0,37.7002
57,1,8,5,47,0,
57,1,8,6,48,0,
57,1,9,1,49,1,18.4535
57,1,9,2,50,1,45.238
57,1,9,3,51,1,25.8224
57,1,9,4,52,1,45.0069
57,1,9,5,53,1,
57,1,9,6,54,1,
57,1,10,1,55,1,38.9602
57,1,10,2,56,1,
57,1,10,3,57,1,36.3291
57,1,10,4,58,1,50.7136
57,1,10,5,59,1,
57,1,10,6,60,1,
57,1,11,1,61,1,44.2669
57,1,11,2,62,1,46.8514
57,1,11,3,63,1,54.8358
57,1,11,4,64,1,44.0203
57,1,11,5,65,1,
57,1,11,6,66,1,
57,1,12,1,67,1,43.5736
57,1,12,2,68,1,29.5581
57,1,12,3,69,1,
57,1,12,4,70,1,22.927
57,1,12,5,71,1,
57,1,12,6,72,1,
57,1,13,1,73,1,18.6803
57,1,13,2,74,1,21.6647
57,1,13,3,75,1,20.8492
57,1,13,4,76,1,22.2336
57,1,13,5,77,1,
57,1,13,6,78,1,
57,1,14,1,79,1,13.787
57,1,14,2,80,1,21.5714
57,1,14,3,81,1,18.3559
57,1,14,4,82,1,17.1403
57,1,14,5,83,1,
57,1,14,6,84,1,
57,1,15,1,85,1,11.6937
57,1,15,2,86,1,21.8781
57,1,15,3,87,1,21.6626
57,1,15,4,88,1,20.247
57,1,15,5,89,1,
57,1,15,6,90,1,
57,1,16,1,91,1,19.2004
57,1,16,2,92,1,18.7848
57,1,16,3,93,1,9.3693
57,1,16,4,94,1,34.9537
57,1,16,5,95,1,
57,1,16,6,96,1,
57,1,17,1,97,1,37.7071
57,1,17,2,98,1,37.8915
57,1,17,3,99,1,25.276
57,1,17,4,100,1,22.6604
57,1,17,5,101,1,
57,1,17,6,102,1,
57,1,18,1,103,1,28.2138
57,1,18,2,104,1,20.3982
57,1,18,3,105,1,19.3826
57,1,18,4,106,1,56.3671
57,1,18,5,107,1,
57,1,18,6,108,1,
57,1,19,1,109,1,24.9204
57,1,19,2,110,1,23.3049
57,1,19,3,111,1,29.2893
57,1,19,4,112,1,22.6738
57,1,19,5,113,1,
57,1,19,6,114,1,
57,1,20,1,115,1,36.4271
57,1,20,2,116,1,21.0116
57,1,20,3,117,1,26.596
57,1,20,4,118,1,26.7805
57,1,20,5,119,1,
57,1,20,6,120,1,
57,1,21,1,121,1,17.7338
57,1,21,2,122,1,35.9183
57,1,21,3,123,1,
57,1,21,4,124,1,38.4872
57,1,21,5,125,1,
57,1,21,6,126,1,
57,1,22,1,127,1,30.4405
57,1,22,2,128,1,39.625
57,1,22,3,129,1,3.2094
57,1,22,4,130,1,5.1939
57,1,22,5,131,1,
57,1,22,6,132,1,
57,1,23,1,133,1,27.1472
57,1,23,2,134,1,
57,1,23,3,135,1,3.1161
57,1,23,4,136,1,4.9006
57,1,23,5,137,1,
57,1,23,6,138,1,
57,1,24,1,139,1,
57,1,24,2,140,1,25.4383
57,1,24,3,141,1,0
57,1,24,4,142,1,0.2072
57,1,24,5,143,1,
57,1,24,6,144,1,
57,1,25,1,145,1,21.1606
57,1,25,2,146,1,0
57,1,25,3,147,1,0
57,1,25,4,148,1,0
57,1,25,5,149,1,
57,1,25,6,150,1,
57,1,26,1,151,1,0
57,1,26,2,152,1,12.2517
57,1,26,3,153,1,1.8362
57,1,26,4,154,1,0
57,1,26,5,155,1,
57,1,26,6,156,1,
57,1,27,1,157,1,3.174
57,1,27,2,158,1,13.9584
57,1,27,3,159,1,0
57,1,27,4,160,1,17.7273
57,1,27,5,161,1,
57,1,27,6,162,1,
57,1,28,1,163,1,1.4807
57,1,28,2,164,1,14.8651
57,1,28,3,165,1,4.4496
57,1,28,4,166,1,13.434
57,1,28,5,167,1,
57,1,28,6,168,1,
58,1,1,1,1,0,10.4
58,1,1,2,2,0,4.1844
58,1,1,3,3,0,3.9689
58,1,1,4,4,0,23.5533
58,1,1,5,5,0,
58,1,1,6,6,0,
58,1,2,1,7,0,23.5067
58,1,2,2,8,0,0
58,1,2,3,9,0,0
58,1,2,4,10,0,0
58,1,2,5,11,0,
58,1,2,6,12,0,
58,1,3,1,13,0,0
58,1,3,2,14,0,1.7978
58,1,3,3,15,0,0
58,1,3,4,16,0,16.1667
58,1,3,5,17,0,
58,1,3,6,18,0,
58,1,4,1,19,0,0
58,1,4,2,20,0,3.1045
58,1,4,3,21,0,3.889
58,1,4,4,22,0,0
58,1,4,5,23,0,
58,1,4,6,24,0,
58,1,5,1,25,0,0
58,1,5,2,26,0,0
58,1,5,3,27,0,0
58,1,5,4,28,0,6.1801
58,1,5,5,29,0,
58,1,5,6,30,0,
58,1,6,1,31,0,0
58,1,6,2,32,0,0
58,1,6,3,33,0,3.1024
58,1,6,4,34,0,0.6868
58,1,6,5,35,0,
58,1,6,6,36,0,
58,1,7,1,37,0,1.8401
58,1,7,2,38,0,4.4246
58,1,7,3,39,0,3.209
58,1,7,4,40,0,0
58,1,7,5,41,0,
58,1,7,6,42,0,
58,1,8,1,43,0,5.3468
58,1,8,2,44,0,10.9313
58,1,8,3,45,0,17.9157
58,1,8,4,46,0,3.3002
58,1,8,5,47,0,
58,1,8,6,48,0,
58,1,9,1,49,1,0
58,1,9,2,50,1,0
58,1,9,3,51,1,0
58,1,9,4,52,1,0.4069
58,1,9,5,53,1,
58,1,9,6,54,1,
58,1,10,1,55,1,0
58,1,10,2,56,1,0
58,1,10,3,57,1,24.7291
58,1,10,4,58,1,12.5136
58,1,10,5,59,1,
58,1,10,6,60,1,
58,1,11,1,61,1,7.4669
58,1,11,2,62,1,2.2514
58,1,11,3,63,1,4.2358
58,1,11,4,64,1,1.0203
58,1,11,5,65,1,
58,1,11,6,66,1,
58,1,12,1,67,1,0
58,1,12,2,68,1,0
58,1,12,3,69,1,0
58,1,12,4,70,1,0
58,1,12,5,71,1,
58,1,12,6,72,1,
58,1,13,1,73,1,0
58,1,13,2,74,1,0
58,1,13,3,75,1,0
58,1,13,4,76,1,0
58,1,13,5,77,1,
58,1,13,6,78,1,
58,1,14,1,79,1,2.387
58,1,14,2,80,1,0
58,1,14,3,81,1,0
58,1,14,4,82,1,0.1403
58,1,14,5,83,1,
58,1,14,6,84,1,
58,1,15,1,85,1,0
58,1,15,2,86,1,0
58,1,15,3,87,1,0
58,1,15,4,88,1,0
58,1,15,5,89,1,
58,1,15,6,90,1,
58,1,16,1,91,1,0
58,1,16,2,92,1,0
58,1,16,3,93,1,0
58,1,16,4,94,1,0
58,1,16,5,95,1,
58,1,16,6,96,1,
58,1,17,1,97,1,0
58,1,17,2,98,1,0
58,1,17,3,99,1,0
58,1,17,4,100,1,0
58,1,17,5,101,1,
58,1,17,6,102,1,
58,1,18,1,103,1,0
58,1,18,2,104,1,
58,1,18,3,105,1,0
58,1,18,4,106,1,0
58,1,18,5,107,1,
58,1,18,6,108,1,
58,1,19,1,109,1,0
58,1,19,2,110,1,0
58,1,19,3,111,1,0
58,1,19,4,112,1,0
58,1,19,5,113,1,
58,1,19,6,114,1,
58,1,20,1,115,1,0
58,1,20,2,116,1,0
58,1,20,3,117,1,0
58,1,20,4,118,1,0
58,1,20,5,119,1,
58,1,20,6,120,1,
58,1,21,1,121,1,0
58,1,21,2,122,1,0
58,1,21,3,123,1,0.3027
58,1,21,4,124,1,0
58,1,21,5,125,1,
58,1,21,6,126,1,
58,1,22,1,127,1,0
58,1,22,2,128,1,0
58,1,22,3,129,1,0
58,1,22,4,130,1,0
58,1,22,5,131,1,
58,1,22,6,132,1,
58,1,23,1,133,1,0
58,1,23,2,134,1,0
58,1,23,3,135,1,0
58,1,23,4,136,1,0
58,1,23,5,137,1,
58,1,23,6,138,1,
58,1,24,1,139,1,0
58,1,24,2,140,1,0
58,1,24,3,141,1,0
58,1,24,4,142,1,0
58,1,24,5,143,1,
58,1,24,6,144,1,
58,1,25,1,145,1,0
58,1,25,2,146,1,0
58,1,25,3,147,1,0
58,1,25,4,148,1,2.9139
58,1,25,5,149,1,
58,1,25,6,150,1,
58,1,26,1,151,1,3.2673
58,1,26,2,152,1,1.8517
58,1,26,3,153,1,2.0362
58,1,26,4,154,1,0
58,1,26,5,155,1,
58,1,26,6,156,1,
58,1,27,1,157,1,0
58,1,27,2,158,1,0
58,1,27,3,159,1,0
58,1,27,4,160,1,0
58,1,27,5,161,1,
58,1,27,6,162,1,
58,1,28,1,163,1,0
58,1,28,2,164,1,0
58,1,28,3,165,1,3.6496
58,1,28,4,166,1,0
58,1,28,5,167,1,
58,1,28,6,168,1,
59,1,1,1,1,0,0
59,1,1,2,2,0,0
59,1,1,3,3,0,0
59,1,1,4,4,0,0
59,1,1,5,5,0,
59,1,1,6,6,0,
59,1,2,1,7,0,0
59,1,2,2,8,0,2.6911
59,1,2,3,9,0,6.0756
59,1,2,4,10,0,2.46
59,1,2,5,11,0,
59,1,2,6,12,0,
59,1,3,1,13,0,0
59,1,3,2,14,0,0
59,1,3,3,15,0,0
59,1,3,4,16,0,0
59,1,3,5,17,0,
59,1,3,6,18,0,
59,1,4,1,19,0,0
59,1,4,2,20,0,0
59,1,4,3,21,0,4.689
59,1,4,4,22,0,0
59,1,4,5,23,0,
59,1,4,6,24,0,
59,1,5,1,25,0,0.0268
59,1,5,2,26,0,0
59,1,5,3,27,0,0
59,1,5,4,28,0,0
59,1,5,5,29,0,
59,1,5,6,30,0,
59,1,6,1,31,0,0
59,1,6,2,32,0,0
59,1,6,3,33,0,0
59,1,6,4,34,0,0
59,1,6,5,35,0,
59,1,6,6,36,0,
59,1,7,1,37,0,0
59,1,7,2,38,0,0
59,1,7,3,39,0,0
59,1,7,4,40,0,0
59,1,7,5,41,0,
59,1,7,6,42,0,
59,1,8,1,43,0,0
59,1,8,2,44,0,0
59,1,8,3,45,0,0
59,1,8,4,46,0,0
59,1,8,5,47,0,
59,1,8,6,48,0,
59,1,9,1,49,1,0
59,1,9,2,50,1,0
59,1,9,3,51,1,0
59,1,9,4,52,1,0
59,1,9,5,53,1,
59,1,9,6,54,1,
59,1,10,1,55,1,0
59,1,10,2,56,1,0
59,1,10,3,57,1,
59,1,10,4,58,1,14.7136
59,1,10,5,59,1,
59,1,10,6,60,1,
59,1,11,1,61,1,11.8669
59,1,11,2,62,1,20.8514
59,1,11,3,63,1,16.8358
59,1,11,4,64,1,20.8203
59,1,11,5,65,1,
59,1,11,6,66,1,
59,1,12,1,67,1,1.5736
59,1,12,2,68,1,0
59,1,12,3,69,1,11.1425
59,1,12,4,70,1,8.727
59,1,12,5,71,1,
59,1,12,6,72,1,
59,1,13,1,73,1,0
59,1,13,2,74,1,0
59,1,13,3,75,1,0
59,1,13,4,76,1,0
59,1,13,5,77,1,
59,1,13,6,78,1,
59,1,14,1,79,1,4.787
59,1,14,2,80,1,
59,1,14,3,81,1,0
59,1,14,4,82,1,0
59,1,14,5,83,1,
59,1,14,6,84,1,
59,1,15,1,85,1,0
59,1,15,2,86,1,0
59,1,15,3,87,1,0
59,1,15,4,88,1,0
59,1,15,5,89,1,
59,1,15,6,90,1,
59,1,16,1,91,1,0
59,1,16,2,92,1,0
59,1,16,3,93,1,0
59,1,16,4,94,1,0
59,1,16,5,95,1,
59,1,16,6,96,1,
59,1,17,1,97,1,0
59,1,17,2,98,1,0
59,1,17,3,99,1,1.876
59,1,17,4,100,1,14.2604
59,1,17,5,101,1,
59,1,17,6,102,1,
59,1,18,1,103,1,0
59,1,18,2,104,1,0
59,1,18,3,105,1,2.9826
59,1,18,4,106,1,0
59,1,18,5,107,1,
59,1,18,6,108,1,
59,1,19,1,109,1,
59,1,19,2,110,1,4.5049
59,1,19,3,111,1,0
59,1,19,4,112,1,0
59,1,19,5,113,1,
59,1,19,6,114,1,
59,1,20,1,115,1,0
59,1,20,2,116,1,0
59,1,20,3,117,1,
59,1,20,4,118,1,0
59,1,20,5,119,1,
59,1,20,6,120,1,
59,1,21,1,121,1,0
59,1,21,2,122,1,0
59,1,21,3,123,1,0
59,1,21,4,124,1,0
59,1,21,5,125,1,
59,1,21,6,126,1,
59,1,22,1,127,1,0
59,1,22,2,128,1,0
59,1,22,3,129,1,0
59,1,22,4,130,1,0
59,1,22,5,131,1,
59,1,22,6,132,1,
59,1,23,1,133,1,5.3472
59,1,23,2,134,1,16.5317
59,1,23,3,135,1,0
59,1,23,4,136,1,15.5006
59,1,23,5,137,1,
59,1,23,6,138,1,
59,1,24,1,139,1,0
59,1,24,2,140,1,1.0383
59,1,24,3,141,1,0
59,1,24,4,142,1,0
59,1,24,5,143,1,
59,1,24,6,144,1,
59,1,25,1,145,1,0
59,1,25,2,146,1,0
59,1,25,3,147,1,0
59,1,25,4,148,1,0
59,1,25,5,149,1,
59,1,25,6,150,1,
59,1,26,1,151,1,0
59,1,26,2,152,1,0
59,1,26,3,153,1,0
59,1,26,4,154,1,0
59,1,26,5,155,1,
59,1,26,6,156,1,
59,1,27,1,157,1,0
59,1,27,2,158,1,0
59,1,27,3,159,1,0.1429
59,1,27,4,160,1,5.7273
59,1,27,5,161,1,
59,1,27,6,162,1,
59,1,28,1,163,1,0
59,1,28,2,164,1,0
59,1,28,3,165,1,0
59,1,28,4,166,1,0
59,1,28,5,167,1,
59,1,28,6,168,1,
60,1,1,1,1,0,0
60,1,1,2,2,0,6.5844
60,1,1,3,3,0,0
60,1,1,4,4,0,2.1533
60,1,1,5,5,0,
60,1,1,6,6,0,
60,1,2,1,7,0,11.9067
60,1,2,2,8,0,3.2911
60,1,2,3,9,0,0
60,1,2,4,10,0,0.86
60,1,2,5,11,0,
60,1,2,6,12,0,
60,1,3,1,13,0,7.4134
60,1,3,2,14,0,3.9978
60,1,3,3,15,0,4.9823
60,1,3,4,16,0,0
60,1,3,5,17,0,
60,1,3,6,18,0,
60,1,4,1,19,0,13.7201
60,1,4,2,20,0,26.3045
60,1,4,3,21,0,0
60,1,4,4,22,0,1.4734
60,1,4,5,23,0,
60,1,4,6,24,0,
60,1,5,1,25,0,10.0268
60,1,5,2,26,0,0
60,1,5,3,27,0,10.7957
60,1,5,4,28,0,0.3801
60,1,5,5,29,0,
60,1,5,6,30,0,
60,1,6,1,31,0,0
60,1,6,2,32,0,
60,1,6,3,33,0,0
60,1,6,4,34,0,0
60,1,6,5,35,0,
60,1,6,6,36,0,
60,1,7,1,37,0,0
60,1,7,2,38,0,0
60,1,7,3,39,0,2.409
60,1,7,4,40,0,0
60,1,7,5,41,0,
60,1,7,6,42,0,
60,1,8,1,43,0,0.1468
60,1,8,2,44,0,10.3313
60,1,8,3,45,0,4.5157
60,1,8,4,46,0,1.7002
60,1,8,5,47,0,
60,1,8,6,48,0,
60,1,9,1,49,1,4.6535
60,1,9,2,50,1,0.238
60,1,9,3,51,1,10.8224
60,1,9,4,52,1,4.8069
60,1,9,5,53,1,
60,1,9,6,54,1,
60,1,10,1,55,1,0
60,1,10,2,56,1,7.5447
60,1,10,3,57,1,6.1291
60,1,10,4,58,1,19.5136
60,1,10,5,59,1,
60,1,10,6,60,1,
60,1,11,1,61,1,15.0669
60,1,11,2,62,1,21.4514
60,1,11,3,63,1,19.0358
60,1,11,4,64,1,0.0203
60,1,11,5,65,1,
60,1,11,6,66,1,
60,1,12,1,67,1,0
60,1,12,2,68,1,5.7581
60,1,12,3,69,1,1.1425
60,1,12,4,70,1,0
60,1,12,5,71,1,
60,1,12,6,72,1,
60,1,13,1,73,1,2.8803
60,1,13,2,74,1,0.2647
60,1,13,3,75,1,3.6492
60,1,13,4,76,1,8.0336
60,1,13,5,77,1,
60,1,13,6,78,1,
60,1,14,1,79,1,27.387
60,1,14,2,80,1,0
60,1,14,3,81,1,0
60,1,14,4,82,1,0
60,1,14,5,83,1,
60,1,14,6,84,1,
60,1,15,1,85,1,0
60,1,15,2,86,1,0
60,1,15,3,87,1,0
60,1,15,4,88,1,0.647
60,1,15,5,89,1,
60,1,15,6,90,1,
60,1,16,1,91,1,0
60,1,16,2,92,1,1.7848
60,1,16,3,93,1,0
60,1,16,4,94,1,0
60,1,16,5,95,1,
60,1,16,6,96,1,
60,1,17,1,97,1,1.1071
60,1,17,2,98,1,8.2915
60,1,17,3,99,1,0
60,1,17,4,100,1,0
60,1,17,5,101,1,
60,1,17,6,102,1,
60,1,18,1,103,1,0
60,1,18,2,104,1,0
60,1,18,3,105,1,10.9826
60,1,18,4,106,1,0
60,1,18,5,107,1,
60,1,18,6,108,1,
60,1,19,1,109,1,13.7204
60,1,19,2,110,1,0
60,1,19,3,111,1,14.8893
60,1,19,4,112,1,0
60,1,19,5,113,1,
60,1,19,6,114,1,
60,1,20,1,115,1,0
60,1,20,2,116,1,11.0116
60,1,20,3,117,1,13.396
60,1,20,4,118,1,8.9805
60,1,20,5,119,1,
60,1,20,6,120,1,
60,1,21,1,121,1,0
60,1,21,2,122,1,6.9183
60,1,21,3,123,1,0
60,1,21,4,124,1,0
60,1,21,5,125,1,
60,1,21,6,126,1,
60,1,22,1,127,1,0
60,1,22,2,128,1,0.625
60,1,22,3,129,1,0
60,1,22,4,130,1,0
60,1,22,5,131,1,
60,1,22,6,132,1,
60,1,23,1,133,1,0
60,1,23,2,134,1,1.1317
60,1,23,3,135,1,0
60,1,23,4,136,1,
60,1,23,5,137,1,
60,1,23,6,138,1,
60,1,24,1,139,1,4.4539
60,1,24,2,140,1,0
60,1,24,3,141,1,18.0228
60,1,24,4,142,1,0
60,1,24,5,143,1,
60,1,24,6,144,1,
60,1,25,1,145,1,1.9606
60,1,25,2,146,1,10.945
60,1,25,3,147,1,0
60,1,25,4,148,1,0
60,1,25,5,149,1,
60,1,25,6,150,1,
60,1,26,1,151,1,0
60,1,26,2,152,1,7.2517
60,1,26,3,153,1,0
60,1,26,4,154,1,0
60,1,26,5,155,1,
60,1,26,6,156,1,
60,1,27,1,157,1,2.374
60,1,27,2,158,1,1.7584
60,1,27,3,159,1,0
60,1,27,4,160,1,0
60,1,27,5,161,1,
60,1,27,6,162,1,
60,1,28,1,163,1,20.0807
60,1,28,2,164,1,0
60,1,28,3,165,1,0
60,1,28,4,166,1,0
60,1,28,5,167,1,
60,1,28,6,168,1,
61,1,1,1,1,0,
61,1,1,2,2,0,30.5844
61,1,1,3,3,0,18.7689
61,1,1,4,4,0,16.1533
61,1,1,5,5,0,
61,1,1,6,6,0,
61,1,2,1,7,0,11.9067
61,1,2,2,8,0,9.8911
61,1,2,3,9,0,16.2756
61,1,2,4,10,0,37.46
61,1,2,5,11,0,
61,1,2,6,12,0,
61,1,3,1,13,0,
61,1,3,2,14,0,45.9978
61,1,3,3,15,0,21.7823
61,1,3,4,16,0,10.7667
61,1,3,5,17,0,
61,1,3,6,18,0,
61,1,4,1,19,0,14.3201
61,1,4,2,20,0,15.3045
61,1,4,3,21,0,
61,1,4,4,22,0,12.4734
61,1,4,5,23,0,
61,1,4,6,24,0,
61,1,5,1,25,0,12.8268
61,1,5,2,26,0,27.4112
61,1,5,3,27,0,12.7957
61,1,5,4,28,0,13.3801
61,1,5,5,29,0,
61,1,5,6,30,0,
61,1,6,1,31,0,15.9335
61,1,6,2,32,0,14.5179
61,1,6,3,33,0,11.1024
61,1,6,4,34,0,19.8868
61,1,6,5,35,0,
61,1,6,6,36,0,
61,1,7,1,37,0,11.4401
61,1,7,2,38,0,15.8246
61,1,7,3,39,0,15.609
61,1,7,4,40,0,15.5935
61,1,7,5,41,0,
61,1,7,6,42,0,
61,1,8,1,43,0,25.9468
61,1,8,2,44,0,18.7313
61,1,8,3,45,0,23.3157
61,1,8,4,46,0,24.1002
61,1,8,5,47,0,
61,1,8,6,48,0,
61,1,9,1,49,1,28.0535
61,1,9,2,50,1,18.438
61,1,9,3,51,1,28.8224
61,1,9,4,52,1,31.2069
61,1,9,5,53,1,
61,1,9,6,54,1,
61,1,10,1,55,1,7.9602
61,1,10,2,56,1,4.7447
61,1,10,3,57,1,9.5291
61,1,10,4,58,1,6.5136
61,1,10,5,59,1,
61,1,10,6,60,1,
61,1,11,1,61,1,25.6669
61,1,11,2,62,1,14.6514
61,1,11,3,63,1,17.2358
61,1,11,4,64,1,8.6203
61,1,11,5,65,1,
61,1,11,6,66,1,
61,1,12,1,67,1,17.1736
61,1,12,2,68,1,21.3581
61,1,12,3,69,1,22.5425
61,1,12,4,70,1,13.527
61,1,12,5,71,1,
61,1,12,6,72,1,
61,1,13,1,73,1,6.2803
61,1,13,2,74,1,4.8647
61,1,13,3,75,1,17.2492
61,1,13,4,76,1,22.4336
61,1,13,5,77,1,
61,1,13,6,78,1,
61,1,14,1,79,1,4.787
61,1,14,2,80,1,6.3714
61,1,14,3,81,1,6.5559
61,1,14,4,82,1,13.5403
61,1,14,5,83,1,
61,1,14,6,84,1,
61,1,15,1,85,1,12.6937
61,1,15,2,86,1,8.0781
61,1,15,3,87,1,6.2626
61,1,15,4,88,1,4.847
61,1,15,5,89,1,
61,1,15,6,90,1,
61,1,16,1,91,1,3.4004
61,1,16,2,92,1,6.9848
61,1,16,3,93,1,
61,1,16,4,94,1,19.5537
61,1,16,5,95,1,
61,1,16,6,96,1,
61,1,17,1,97,1,7.7071
61,1,17,2,98,1,13.6915
61,1,17,3,99,1,29.076
61,1,17,4,100,1,11.4604
61,1,17,5,101,1,
61,1,17,6,102,1,
61,1,18,1,103,1,5.4138
61,1,18,2,104,1,13.3982
61,1,18,3,105,1,20.1826
61,1,18,4,106,1,15.7671
61,1,18,5,107,1,
61,1,18,6,108,1,
61,1,19,1,109,1,7.1204
61,1,19,2,110,1,23.7049
61,1,19,3,111,1,48.6893
61,1,19,4,112,1,14.6738
61,1,19,5,113,1,
61,1,19,6,114,1,
61,1,20,1,115,1,19.0271
61,1,20,2,116,1,31.4116
61,1,20,3,117,1,26.596
61,1,20,4,118,1,43.9805
61,1,20,5,119,1,
61,1,20,6,120,1,
61,1,21,1,121,1,44.3338
61,1,21,2,122,1,26.5183
61,1,21,3,123,1,26.5027
61,1,21,4,124,1,15.6872
61,1,21,5,125,1,
61,1,21,6,126,1,
61,1,22,1,127,1,18.2405
61,1,22,2,128,1,14.625
61,1,22,3,129,1,11.0094
61,1,22,4,130,1,9.1939
61,1,22,5,131,1,
61,1,22,6,132,1,
61,1,23,1,133,1,13.9472
61,1,23,2,134,1,5.3317
61,1,23,3,135,1,12.5161
61,1,23,4,136,1,6.7006
61,1,23,5,137,1,
61,1,23,6,138,1,
61,1,24,1,139,1,23.0539
61,1,24,2,140,1,8.8383
61,1,24,3,141,1,32.8228
61,1,24,4,142,1,9.6072
61,1,24,5,143,1,
61,1,24,6,144,1,
61,1,25,1,145,1,10.9606
61,1,25,2,146,1,8.945
61,1,25,3,147,1,2.1295
61,1,25,4,148,1,7.1139
61,1,25,5,149,1,
61,1,25,6,150,1,
61,1,26,1,151,1,13.4673
61,1,26,2,152,1,4.4517
61,1,26,3,153,1,22.6362
61,1,26,4,154,1,7.0206
61,1,26,5,155,1,
61,1,26,6,156,1,
61,1,27,1,157,1,12.774
61,1,27,2,158,1,30.5584
61,1,27,3,159,1,20.9429
61,1,27,4,160,1,15.9273
61,1,27,5,161,1,
61,1,27,6,162,1,
61,1,28,1,163,1,31.6807
61,1,28,2,164,1,27.8651
61,1,28,3,165,1,10.4496
61,1,28,4,166,1,7.834
61,1,28,5,167,1,
61,1,28,6,168,1,
62,1,1,1,1,0,9.8
62,1,1,2,2,0,6.1844
62,1,1,3,3,0,1.3689
62,1,1,4,4,0,4.5533
62,1,1,5,5,0,
62,1,1,6,6,0,
62,1,2,1,7,0,2.3067
62,1,2,2,8,0,7.8911
62,1,2,3,9,0,4.6756
62,1,2,4,10,0,7.26
62,1,2,5,11,0,
62,1,2,6,12,0,
62,1,3,1,13,0,9.4134
62,1,3,2,14,0,7.3978
62,1,3,3,15,0,8.9823
62,1,3,4,16,0,5.1667
62,1,3,5,17,0,
62,1,3,6,18,0,
62,1,4,1,19,0,14.1201
62,1,4,2,20,0,19.3045
62,1,4,3,21,0,10.889
62,1,4,4,22,0,12.2734
62,1,4,5,23,0,
62,1,4,6,24,0,
62,1,5,1,25,0,2.4268
62,1,5,2,26,0,5.8112
62,1,5,3,27,0,5.9957
62,1,5,4,28,0,1.9801
62,1,5,5,29,0,
62,1,5,6,30,0,
62,1,6,1,31,0,9.9335
62,1,6,2,32,0,11.7179
62,1,6,3,33,0,7.1024
62,1,6,4,34,0,13.6868
62,1,6,5,35,0,
62,1,6,6,36,0,
62,1,7,1,37,0,20.4401
62,1,7,2,38,0,7.0246
62,1,7,3,39,0,7.209
62,1,7,4,40,0,9.9935
62,1,7,5,41,0,
62,1,7,6,42,0,
62,1,8,1,43,0,10.1468
62,1,8,2,44,0,6.3313
62,1,8,3,45,0,6.5157
62,1,8,4,46,0,8.3002
62,1,8,5,47,0,
62,1,8,6,48,0,
62,1,9,1,49,1,0
62,1,9,2,50,1,2.238
62,1,9,3,51,1,12.4224
62,1,9,4,52,1,5.8069
62,1,9,5,53,1,
62,1,9,6,54,1,
62,1,10,1,55,1,2.1602
62,1,10,2,56,1,0.9447
62,1,10,3,57,1,
62,1,10,4,58,1,9.1136
62,1,10,5,59,1,
62,1,10,6,60,1,
62,1,11,1,61,1,24.6669
62,1,11,2,62,1,19.4514
62,1,11,3,63,1,5.0358
62,1,11,4,64,1,6.0203
62,1,11,5,65,1,
62,1,11,6,66,1,
62,1,12,1,67,1,7.9736
62,1,12,2,68,1,28.1581
62,1,12,3,69,1,6.1425
62,1,12,4,70,1,6.727
62,1,12,5,71,1,
62,1,12,6,72,1,
62,1,13,1,73,1,8.8803
62,1,13,2,74,1,9.4647
62,1,13,3,75,1,42.8492
62,1,13,4,76,1,8.6336
62,1,13,5,77,1,
62,1,13,6,78,1,
62,1,14,1,79,1,3.987
62,1,14,2,80,1,4.5714
62,1,14,3,81,1,9.1559
62,1,14,4,82,1,7.3403
62,1,14,5,83,1,
62,1,14,6,84,1,
62,1,15,1,85,1,1.6937
62,1,15,2,86,1,5.4781
62,1,15,3,87,1,9.6626
62,1,15,4,88,1,4.247
62,1,15,5,89,1,
62,1,15,6,90,1,
62,1,16,1,91,1,15.4004
62,1,16,2,92,1,9.5848
62,1,16,3,93,1,7.9693
62,1,16,4,94,1,5.1537
62,1,16,5,95,1,
62,1,16,6,96,1,
62,1,17,1,97,1,11.7071
62,1,17,2,98,1,7.2915
62,1,17,3,99,1,4.276
62,1,17,4,100,1,7.8604
62,1,17,5,101,1,
62,1,17,6,102,1,
62,1,18,1,103,1,7.2138
62,1,18,2,104,1,4.7982
62,1,18,3,105,1,5.5826
62,1,18,4,106,1,11.5671
62,1,18,5,107,1,
62,1,18,6,108,1,
62,1,19,1,109,1,4.1204
62,1,19,2,110,1,7.9049
62,1,19,3,111,1,2.6893
62,1,19,4,112,1,7.0738
62,1,19,5,113,1,
62,1,19,6,114,1,
62,1,20,1,115,1,8.8271
62,1,20,2,116,1,6.4116
62,1,20,3,117,1,10.796
62,1,20,4,118,1,12.5805
62,1,20,5,119,1,
62,1,20,6,120,1,
62,1,21,1,121,1,4.3338
62,1,21,2,122,1,8.9183
62,1,21,3,123,1,11.9027
62,1,21,4,124,1,15.2872
62,1,21,5,125,1,
62,1,21,6,126,1,
62,1,22,1,127,1,14.8405
62,1,22,2,128,1,24.425
62,1,22,3,129,1,30.4094
62,1,22,4,130,1,1.7939
62,1,22,5,131,1,
62,1,22,6,132,1,
62,1,23,1,133,1,5.1472
62,1,23,2,134,1,12.3317
62,1,23,3,135,1,8.3161
62,1,23,4,136,1,11.7006
62,1,23,5,137,1,
62,1,23,6,138,1,
62,1,24,1,139,1,11.4539
62,1,24,2,140,1,8.8383
62,1,24,3,141,1,7.4228
62,1,24,4,142,1,3.4072
62,1,24,5,143,1,
62,1,24,6,144,1,
62,1,25,1,145,1,8.3606
62,1,25,2,146,1,9.145
62,1,25,3,147,1,5.7295
62,1,25,4,148,1,
62,1,25,5,149,1,
62,1,25,6,150,1,
62,1,26,1,151,1,
62,1,26,2,152,1,9.8517
62,1,26,3,153,1,3.0362
62,1,26,4,154,1,11.2206
62,1,26,5,155,1,
62,1,26,6,156,1,
62,1,27,1,157,1,2.774
62,1,27,2,158,1,9.1584
62,1,27,3,159,1,5.7429
62,1,27,4,160,1,8.7273
62,1,27,5,161,1,
62,1,27,6,162,1,
62,1,28,1,163,1,6.4807
62,1,28,2,164,1,7.2651
62,1,28,3,165,1,7.2496
62,1,28,4,166,1,8.034
62,1,28,5,167,1,
62,1,28,6,168,1,
63,1,1,1,1,0,2.6
63,1,1,2,2,0,26.9844
63,1,1,3,3,0,3.3689
63,1,1,4,4,0,0.7533
63,1,1,5,5,0,
63,1,1,6,6,0,
63,1,2,1,7,0,0
63,1,2,2,8,0,0
63,1,2,3,9,0,5.0756
63,1,2,4,10,0,0
63,1,2,5,11,0,
63,1,2,6,12,0,
63,1,3,1,13,0,9.0134
63,1,3,2,14,0,3.1978
63,1,3,3,15,0,0.9823
63,1,3,4,16,0,0.3667
63,1,3,5,17,0,
63,1,3,6,18,0,
63,1,4,1,19,0,0
63,1,4,2,20,0,7.3045
63,1,4,3,21,0,11.089
63,1,4,4,22,0,0
63,1,4,5,23,0,
63,1,4,6,24,0,
63,1,5,1,25,0,0
63,1,5,2,26,0,0
63,1,5,3,27,0,0
63,1,5,4,28,0,
63,1,5,5,29,0,
63,1,5,6,30,0,
63,1,6,1,31,0,0
63,1,6,2,32,0,0
63,1,6,3,33,0,3.7024
63,1,6,4,34,0,0
63,1,6,5,35,0,
63,1,6,6,36,0,
63,1,7,1,37,0,
63,1,7,2,38,0,0
63,1,7,3,39,0,0.009
63,1,7,4,40,0,2.1935
63,1,7,5,41,0,
63,1,7,6,42,0,
63,1,8,1,43,0,1.5468
63,1,8,2,44,0,0.5313
63,1,8,3,45,0,5.5157
63,1,8,4,46,0,0
63,1,8,5,47,0,
63,1,8,6,48,0,
63,1,9,1,49,1,11.2535
63,1,9,2,50,1,0
63,1,9,3,51,1,0
63,1,9,4,52,1,6.2069
63,1,9,5,53,1,
63,1,9,6,54,1,
63,1,10,1,55,1,4.5602
63,1,10,2,56,1,2.9447
63,1,10,3,57,1,4.9291
63,1,10,4,58,1,1.1136
63,1,10,5,59,1,
63,1,10,6,60,1,
63,1,11,1,61,1,0
63,1,11,2,62,1,5.6514
63,1,11,3,63,1,11.2358
63,1,11,4,64,1,0
63,1,11,5,65,1,
63,1,11,6,66,1,
63,1,12,1,67,1,0
63,1,12,2,68,1,0
63,1,12,3,69,1,1.9425
63,1,12,4,70,1,1.327
63,1,12,5,71,1,
63,1,12,6,72,1,
63,1,13,1,73,1,0
63,1,13,2,74,1,0
63,1,13,3,75,1,4.4492
63,1,13,4,76,1,4.2336
63,1,13,5,77,1,
63,1,13,6,78,1,
63,1,14,1,79,1,3.187
63,1,14,2,80,1,0
63,1,14,3,81,1,10.3559
63,1,14,4,82,1,1.5403
63,1,14,5,83,1,
63,1,14,6,84,1,
63,1,15,1,85,1,0.2937
63,1,15,2,86,1,7.6781
63,1,15,3,87,1,5.2626
63,1,15,4,88,1,12.847
63,1,15,5,89,1,
63,1,15,6,90,1,
63,1,16,1,91,1,3.6004
63,1,16,2,92,1,14.3848
63,1,16,3,93,1,3.9693
63,1,16,4,94,1,13.3537
63,1,16,5,95,1,
63,1,16,6,96,1,
63,1,17,1,97,1,22.3071
63,1,17,2,98,1,3.6915
63,1,17,3,99,1,8.276
63,1,17,4,100,1,12.8604
63,1,17,5,101,1,
63,1,17,6,102,1,
63,1,18,1,103,1,16.4138
63,1,18,2,104,1,10.3982
63,1,18,3,105,1,14.7826
63,1,18,4,106,1,10.5671
63,1,18,5,107,1,
63,1,18,6,108,1,
63,1,19,1,109,1,11.9204
63,1,19,2,110,1,35.9049
63,1,19,3,111,1,12.4893
63,1,19,4,112,1,23.8738
63,1,19,5,113,1,
63,1,19,6,114,1,
63,1,20,1,115,1,11.6271
63,1,20,2,116,1,27.8116
63,1,20,3,117,1,17.196
63,1,20,4,118,1,15.1805
63,1,20,5,119,1,
63,1,20,6,120,1,
63,1,21,1,121,1,19.3338
63,1,21,2,122,1,18.7183
63,1,21,3,123,1,11.9027
63,1,21,4,124,1,27.2872
63,1,21,5,125,1,
63,1,21,6,126,1,
63,1,22,1,127,1,23.8405
63,1,22,2,128,1,16.225
63,1,22,3,129,1,
63,1,22,4,130,1,7.3939
63,1,22,5,131,1,
63,1,22,6,132,1,
63,1,23,1,133,1,
63,1,23,2,134,1,13.5317
63,1,23,3,135,1,15.7161
63,1,23,4,136,1,17.1006
63,1,23,5,137,1,
63,1,23,6,138,1,
63,1,24,1,139,1,16.8539
63,1,24,2,140,1,0
63,1,24,3,141,1,20.8228
63,1,24,4,142,1,16.0072
63,1,24,5,143,1,
63,1,24,6,144,1,
63,1,25,1,145,1,17.9606
63,1,25,2,146,1,21.345
63,1,25,3,147,1,13.7295
63,1,25,4,148,1,15.3139
63,1,25,5,149,1,
63,1,25,6,150,1,
63,1,26,1,151,1,17.6673
63,1,26,2,152,1,10.4517
63,1,26,3,153,1,17.8362
63,1,26,4,154,1,19.4206
63,1,26,5,155,1,
63,1,26,6,156,1,
63,1,27,1,157,1,16.974
63,1,27,2,158,1,17.3584
63,1,27,3,159,1,11.9429
63,1,27,4,160,1,12.9273
63,1,27,5,161,1,
63,1,27,6,162,1,
63,1,28,1,163,1,22.2807
63,1,28,2,164,1,14.4651
63,1,28,3,165,1,15.0496
63,1,28,4,166,1,22.034
63,1,28,5,167,1,
63,1,28,6,168,1,
64,1,1,1,1,0,34.2
64,1,1,2,2,0,23.5844
64,1,1,3,3,0,9.1689
64,1,1,4,4,0,0
64,1,1,5,5,0,
64,1,1,6,6,0,
64,1,2,1,7,0,20.1067
64,1,2,2,8,0,0
64,1,2,3,9,0,0
64,1,2,4,10,0,2.86
64,1,2,5,11,0,
64,1,2,6,12,0,
64,1,3,1,13,0,12.0134
64,1,3,2,14,0,19.1978
64,1,3,3,15,0,10.5823
64,1,3,4,16,0,0
64,1,3,5,17,0,
64,1,3,6,18,0,
64,1,4,1,19,0,
64,1,4,2,20,0,46.3045
64,1,4,3,21,0,31.489
64,1,4,4,22,0,32.8734
64,1,4,5,23,0,
64,1,4,6,24,0,
64,1,5,1,25,0,4.8268
64,1,5,2,26,0,28.6112
64,1,5,3,27,0,17.3957
64,1,5,4,28,0,16.1801
64,1,5,5,29,0,
64,1,5,6,30,0,
64,1,6,1,31,0,11.3335
64,1,6,2,32,0,6.1179
64,1,6,3,33,0,21.3024
64,1,6,4,34,0,12.6868
64,1,6,5,35,0,
64,1,6,6,36,0,
64,1,7,1,37,0,3.8401
64,1,7,2,38,0,37.8246
64,1,7,3,39,0,33.209
64,1,7,4,40,0,25.1935
64,1,7,5,41,0,
64,1,7,6,42,0,
64,1,8,1,43,0,4.5468
64,1,8,2,44,0,11.3313
64,1,8,3,45,0,26.3157
64,1,8,4,46,0,0
64,1,8,5,47,0,
64,1,8,6,48,0,
64,1,9,1,49,1,1.4535
64,1,9,2,50,1,0
64,1,9,3,51,1,6.2224
64,1,9,4,52,1,4.6069
64,1,9,5,53,1,
64,1,9,6,54,1,
64,1,10,1,55,1,8.1602
64,1,10,2,56,1,13.5447
64,1,10,3,57,1,31.3291
64,1,10,4,58,1,0
64,1,10,5,59,1,
64,1,10,6,60,1,
64,1,11,1,61,1,3.2669
64,1,11,2,62,1,1.8514
64,1,11,3,63,1,6.4358
64,1,11,4,64,1,0
64,1,11,5,65,1,
64,1,11,6,66,1,
64,1,12,1,67,1,0
64,1,12,2,68,1,0
64,1,12,3,69,1,2.3425
64,1,12,4,70,1,17.527
64,1,12,5,71,1,
64,1,12,6,72,1,
64,1,13,1,73,1,14.2803
64,1,13,2,74,1,19.8647
64,1,13,3,75,1,18.0492
64,1,13,4,76,1,4.4336
64,1,13,5,77,1,
64,1,13,6,78,1,
64,1,14,1,79,1,7.187
64,1,14,2,80,1,11.5714
64,1,14,3,81,1,9.5559
64,1,14,4,82,1,0.3403
64,1,14,5,83,1,
64,1,14,6,84,1,
64,1,15,1,85,1,27.4937
64,1,15,2,86,1,19.4781
64,1,15,3,87,1,3.0626
64,1,15,4,88,1,6.847
64,1,15,5,89,1,
64,1,15,6,90,1,
64,1,16,1,91,1,13.0004
64,1,16,2,92,1,19.3848
64,1,16,3,93,1,12.7693
64,1,16,4,94,1,26.3537
64,1,16,5,95,1,
64,1,16,6,96,1,
64,1,17,1,97,1,4.9071
64,1,17,2,98,1,26.6915
64,1,17,3,99,1,19.876
64,1,17,4,100,1,23.0604
64,1,17,5,101,1,
64,1,17,6,102,1,
64,1,18,1,103,1,30.2138
64,1,18,2,104,1,31.5982
64,1,18,3,105,1,27.5826
64,1,18,4,106,1,13.7671
64,1,18,5,107,1,
64,1,18,6,108,1,
64,1,19,1,109,1,8.5204
64,1,19,2,110,1,11.9049
64,1,19,3,111,1,0.8893
64,1,19,4,112,1,0
64,1,19,5,113,1,
64,1,19,6,114,1,
64,1,20,1,115,1,17.2271
64,1,20,2,116,1,5.6116
64,1,20,3,117,1,14.596
64,1,20,4,118,1,0
64,1,20,5,119,1,
64,1,20,6,120,1,
64,1,21,1,121,1,4.1338
64,1,21,2,122,1,15.3183
64,1,21,3,123,1,0
64,1,21,4,124,1,13.2872
64,1,21,5,125,1,
64,1,21,6,126,1,
64,1,22,1,127,1,39.4405
64,1,22,2,128,1,0
64,1,22,3,129,1,0
64,1,22,4,130,1,0
64,1,22,5,131,1,
64,1,22,6,132,1,
64,1,23,1,133,1,
64,1,23,2,134,1,1.5317
64,1,23,3,135,1,0
64,1,23,4,136,1,17.5006
64,1,23,5,137,1,
64,1,23,6,138,1,
64,1,24,1,139,1,16.6539
64,1,24,2,140,1,2.6383
64,1,24,3,141,1,18.4228
64,1,24,4,142,1,5.2072
64,1,24,5,143,1,
64,1,24,6,144,1,
64,1,25,1,145,1,0
64,1,25,2,146,1,9.345
64,1,25,3,147,1,25.3295
64,1,25,4,148,1,25.1139
64,1,25,5,149,1,
64,1,25,6,150,1,
64,1,26,1,151,1,12.6673
64,1,26,2,152,1,30.4517
64,1,26,3,153,1,31.4362
64,1,26,4,154,1,35.4206
64,1,26,5,155,1,
64,1,26,6,156,1,
64,1,27,1,157,1,37.974
64,1,27,2,158,1,29.7584
64,1,27,3,159,1,26.1429
64,1,27,4,160,1,30.7273
64,1,27,5,161,1,
64,1,27,6,162,1,
64,1,28,1,163,1,6.4807
64,1,28,2,164,1,34.0651
64,1,28,3,165,1,30.8496
64,1,28,4,166,1,30.434
64,1,28,5,167,1,
64,1,28,6,168,1,
65,1,1,1,1,0,0
65,1,1,2,2,0,23.5844
65,1,1,3,3,0,0
65,1,1,4,4,0,0
65,1,1,5,5,0,
65,1,1,6,6,0,
65,1,2,1,7,0,7.7067
65,1,2,2,8,0,0
65,1,2,3,9,0,0
65,1,2,4,10,0,0
65,1,2,5,11,0,
65,1,2,6,12,0,
65,1,3,1,13,0,0
65,1,3,2,14,0,0
65,1,3,3,15,0,0
65,1,3,4,16,0,0
65,1,3,5,17,0,
65,1,3,6,18,0,
65,1,4,1,19,0,0
65,1,4,2,20,0,0.5045
65,1,4,3,21,0,0
65,1,4,4,22,0,0
65,1,4,5,23,0,
65,1,4,6,24,0,
65,1,5,1,25,0,0
65,1,5,2,26,0,0
65,1,5,3,27,0,0
65,1,5,4,28,0,0
65,1,5,5,29,0,
65,1,5,6,30,0,
65,1,6,1,31,0,0
65,1,6,2,32,0,0
65,1,6,3,33,0,0
65,1,6,4,34,0,0
65,1,6,5,35,0,
65,1,6,6,36,0,
65,1,7,1,37,0,0
65,1,7,2,38,0,0.2246
65,1,7,3,39,0,0
65,1,7,4,40,0,0
65,1,7,5,41,0,
65,1,7,6,42,0,
65,1,8,1,43,0,0
65,1,8,2,44,0,0
65,1,8,3,45,0,0.3157
65,1,8,4,46,0,0
65,1,8,5,47,0,
65,1,8,6,48,0,
65,1,9,1,49,1,0
65,1,9,2,50,1,0
65,1,9,3,51,1,0
65,1,9,4,52,1,0
65,1,9,5,53,1,
65,1,9,6,54,1,
65,1,10,1,55,1,0
65,1,10,2,56,1,0
65,1,10,3,57,1,0
65,1,10,4,58,1,0
65,1,10,5,59,1,
65,1,10,6,60,1,
65,1,11,1,61,1,0
65,1,11,2,62,1,0
65,1,11,3,63,1,0
65,1,11,4,64,1,0
65,1,11,5,65,1,
65,1,11,6,66,1,
65,1,12,1,67,1,0
65,1,12,2,68,1,0
65,1,12,3,69,1,0
65,1,12,4,70,1,0
65,1,12,5,71,1,
65,1,12,6,72,1,
65,1,13,1,73,1,0
65,1,13,2,74,1,0
65,1,13,3,75,1,0
65,1,13,4,76,1,0
65,1,13,5,77,1,
65,1,13,6,78,1,
65,1,14,1,79,1,0
65,1,14,2,80,1,0
65,1,14,3,81,1,0
65,1,14,4,82,1,0
65,1,14,5,83,1,
65,1,14,6,84,1,
65,1,15,1,85,1,0
65,1,15,2,86,1,0
65,1,15,3,87,1,0
65,1,15,4,88,1,0
65,1,15,5,89,1,
65,1,15,6,90,1,
65,1,16,1,91,1,0
65,1,16,2,92,1,0
65,1,16,3,93,1,0
65,1,16,4,94,1,0
65,1,16,5,95,1,
65,1,16,6,96,1,
65,1,17,1,97,1,0
65,1,17,2,98,1,0
65,1,17,3,99,1,0
65,1,17,4,100,1,0
65,1,17,5,101,1,
65,1,17,6,102,1,
65,1,18,1,103,1,0
65,1,18,2,104,1,0
65,1,18,3,105,1,0
65,1,18,4,106,1,0
65,1,18,5,107,1,
65,1,18,6,108,1,
65,1,19,1,109,1,0
65,1,19,2,110,1,0
65,1,19,3,111,1,0
65,1,19,4,112,1,0
65,1,19,5,113,1,
65,1,19,6,114,1,
65,1,20,1,115,1,0
65,1,20,2,116,1,0
65,1,20,3,117,1,0
65,1,20,4,118,1,0
65,1,20,5,119,1,
65,1,20,6,120,1,
65,1,21,1,121,1,0
65,1,21,2,122,1,0
65,1,21,3,123,1,0
65,1,21,4,124,1,0
65,1,21,5,125,1,
65,1,21,6,126,1,
65,1,22,1,127,1,0
65,1,22,2,128,1,0
65,1,22,3,129,1,0
65,1,22,4,130,1,0
65,1,22,5,131,1,
65,1,22,6,132,1,
65,1,23,1,133,1,0
65,1,23,2,134,1,0
65,1,23,3,135,1,0
65,1,23,4,136,1,0
65,1,23,5,137,1,
65,1,23,6,138,1,
65,1,24,1,139,1,0
65,1,24,2,140,1,0
65,1,24,3,141,1,0
65,1,24,4,142,1,0
65,1,24,5,143,1,
65,1,24,6,144,1,
65,1,25,1,145,1,0
65,1,25,2,146,1,0
65,1,25,3,147,1,0
65,1,25,4,148,1,0
65,1,25,5,149,1,
65,1,25,6,150,1,
65,1,26,1,151,1,0
65,1,26,2,152,1,0
65,1,26,3,153,1,0
65,1,26,4,154,1,0
65,1,26,5,155,1,
65,1,26,6,156,1,
65,1,27,1,157,1,0
65,1,27,2,158,1,0
65,1,27,3,159,1,0
65,1,27,4,160,1,0
65,1,27,5,161,1,
65,1,27,6,162,1,
65,1,28,1,163,1,0
65,1,28,2,164,1,0
65,1,28,3,165,1,0
65,1,28,4,166,1,0
65,1,28,5,167,1,
65,1,28,6,168,1,
66,1,1,1,1,0,11.6
66,1,1,2,2,0,28.1844
66,1,1,3,3,0,4.9689
66,1,1,4,4,0,5.1533
66,1,1,5,5,0,
66,1,1,6,6,0,
66,1,2,1,7,0,27.3067
66,1,2,2,8,0,15.0911
66,1,2,3,9,0,10.0756
66,1,2,4,10,0,7.66
66,1,2,5,11,0,
66,1,2,6,12,0,
66,1,3,1,13,0,5.0134
66,1,3,2,14,0,0
66,1,3,3,15,0,12.5823
66,1,3,4,16,0,
66,1,3,5,17,0,
66,1,3,6,18,0,
66,1,4,1,19,0,0.9201
66,1,4,2,20,0,0.9045
66,1,4,3,21,0,0
66,1,4,4,22,0,0
66,1,4,5,23,0,
66,1,4,6,24,0,
66,1,5,1,25,0,
66,1,5,2,26,0,0.8112
66,1,5,3,27,0,
66,1,5,4,28,0,0
66,1,5,5,29,0,
66,1,5,6,30,0,
66,1,6,1,31,0,0
66,1,6,2,32,0,0
66,1,6,3,33,0,0
66,1,6,4,34,0,0
66,1,6,5,35,0,
66,1,6,6,36,0,
66,1,7,1,37,0,0
66,1,7,2,38,0,3.0246
66,1,7,3,39,0,0
66,1,7,4,40,0,1.9935
66,1,7,5,41,0,
66,1,7,6,42,0,
66,1,8,1,43,0,10.3468
66,1,8,2,44,0,0
66,1,8,3,45,0,
66,1,8,4,46,0,4.9002
66,1,8,5,47,0,
66,1,8,6,48,0,
66,1,9,1,49,1,17.4535
66,1,9,2,50,1,11.238
66,1,9,3,51,1,4.0224
66,1,9,4,52,1,10.8069
66,1,9,5,53,1,
66,1,9,6,54,1,
66,1,10,1,55,1,
66,1,10,2,56,1,0.9447
66,1,10,3,57,1,0
66,1,10,4,58,1,
66,1,10,5,59,1,
66,1,10,6,60,1,
66,1,11,1,61,1,9.6669
66,1,11,2,62,1,9.2514
66,1,11,3,63,1,13.0358
66,1,11,4,64,1,0
66,1,11,5,65,1,
66,1,11,6,66,1,
66,1,12,1,67,1,10.1736
66,1,12,2,68,1,
66,1,12,3,69,1,14.5425
66,1,12,4,70,1,11.727
66,1,12,5,71,1,
66,1,12,6,72,1,
66,1,13,1,73,1,1.4803
66,1,13,2,74,1,2.2647
66,1,13,3,75,1,7.8492
66,1,13,4,76,1,7.8336
66,1,13,5,77,1,
66,1,13,6,78,1,
66,1,14,1,79,1,3.187
66,1,14,2,80,1,
66,1,14,3,81,1,0
66,1,14,4,82,1,0
66,1,14,5,83,1,
66,1,14,6,84,1,
66,1,15,1,85,1,0
66,1,15,2,86,1,0
66,1,15,3,87,1,0
66,1,15,4,88,1,0
66,1,15,5,89,1,
66,1,15,6,90,1,
66,1,16,1,91,1,3.2004
66,1,16,2,92,1,0
66,1,16,3,93,1,0
66,1,16,4,94,1,0
66,1,16,5,95,1,
66,1,16,6,96,1,
66,1,17,1,97,1,0
66,1,17,2,98,1,0
66,1,17,3,99,1,6.476
66,1,17,4,100,1,0
66,1,17,5,101,1,
66,1,17,6,102,1,
66,1,18,1,103,1,
66,1,18,2,104,1,10.7982
66,1,18,3,105,1,7.3826
66,1,18,4,106,1,2.5671
66,1,18,5,107,1,
66,1,18,6,108,1,
66,1,19,1,109,1,1.5204
66,1,19,2,110,1,0.3049
66,1,19,3,111,1,0
66,1,19,4,112,1,0.2738
66,1,19,5,113,1,
66,1,19,6,114,1,
66,1,20,1,115,1,0
66,1,20,2,116,1,0
66,1,20,3,117,1,0
66,1,20,4,118,1,0
66,1,20,5,119,1,
66,1,20,6,120,1,
66,1,21,1,121,1,0
66,1,21,2,122,1,0
66,1,21,3,123,1,0
66,1,21,4,124,1,0
66,1,21,5,125,1,
66,1,21,6,126,1,
66,1,22,1,127,1,0
66,1,22,2,128,1,0
66,1,22,3,129,1,0
66,1,22,4,130,1,0
66,1,22,5,131,1,
66,1,22,6,132,1,
66,1,23,1,133,1,0
66,1,23,2,134,1,0
66,1,23,3,135,1,0
66,1,23,4,136,1,
66,1,23,5,137,1,
66,1,23,6,138,1,
66,1,24,1,139,1,0
66,1,24,2,140,1,0
66,1,24,3,141,1,0
66,1,24,4,142,1,0
66,1,24,5,143,1,
66,1,24,6,144,1,
66,1,25,1,145,1,0
66,1,25,2,146,1,0
66,1,25,3,147,1,0
66,1,25,4,148,1,0
66,1,25,5,149,1,
66,1,25,6,150,1,
66,1,26,1,151,1,0
66,1,26,2,152,1,0
66,1,26,3,153,1,0
66,1,26,4,154,1,0
66,1,26,5,155,1,
66,1,26,6,156,1,
66,1,27,1,157,1,0
66,1,27,2,158,1,2.7584
66,1,27,3,159,1,0
66,1,27,4,160,1,9.7273
66,1,27,5,161,1,
66,1,27,6,162,1,
66,1,28,1,163,1,0
66,1,28,2,164,1,0
66,1,28,3,165,1,0
66,1,28,4,166,1,0
66,1,28,5,167,1,
66,1,28,6,168,1,
67,1,1,1,1,0,10
67,1,1,2,2,0,37.3844
67,1,1,3,3,0,16.9689
67,1,1,4,4,0,18.5533
67,1,1,5,5,0,
67,1,1,6,6,0,
67,1,2,1,7,0,22.1067
67,1,2,2,8,0,12.8911
67,1,2,3,9,0,
67,1,2,4,10,0,6.26
67,1,2,5,11,0,
67,1,2,6,12,0,
67,1,3,1,13,0,2.8134
67,1,3,2,14,0,1.7978
67,1,3,3,15,0,15.1823
67,1,3,4,16,0,
67,1,3,5,17,0,
67,1,3,6,18,0,
67,1,4,1,19,0,0
67,1,4,2,20,0,0
67,1,4,3,21,0,8.289
67,1,4,4,22,0,5.6734
67,1,4,5,23,0,
67,1,4,6,24,0,
67,1,5,1,25,0,0
67,1,5,2,26,0,3.6112
67,1,5,3,27,0,6.5957
67,1,5,4,28,0,0
67,1,5,5,29,0,
67,1,5,6,30,0,
67,1,6,1,31,0,0
67,1,6,2,32,0,0
67,1,6,3,33,0,2.5024
67,1,6,4,34,0,1.4868
67,1,6,5,35,0,
67,1,6,6,36,0,
67,1,7,1,37,0,0
67,1,7,2,38,0,16.4246
67,1,7,3,39,0,16.609
67,1,7,4,40,0,15.3935
67,1,7,5,41,0,
67,1,7,6,42,0,
67,1,8,1,43,0,4.9468
67,1,8,2,44,0,4.3313
67,1,8,3,45,0,3.3157
67,1,8,4,46,0,5.9002
67,1,8,5,47,0,
67,1,8,6,48,0,
67,1,9,1,49,1,7.2535
67,1,9,2,50,1,2.038
67,1,9,3,51,1,
67,1,9,4,52,1,
67,1,9,5,53,1,
67,1,9,6,54,1,
67,1,10,1,55,1,0
67,1,10,2,56,1,0
67,1,10,3,57,1,0
67,1,10,4,58,1,16.5136
67,1,10,5,59,1,
67,1,10,6,60,1,
67,1,11,1,61,1,11.0669
67,1,11,2,62,1,37.6514
67,1,11,3,63,1,12.0358
67,1,11,4,64,1,0
67,1,11,5,65,1,
67,1,11,6,66,1,
67,1,12,1,67,1,0
67,1,12,2,68,1,0
67,1,12,3,69,1,10.9425
67,1,12,4,70,1,0
67,1,12,5,71,1,
67,1,12,6,72,1,
67,1,13,1,73,1,7.8803
67,1,13,2,74,1,16.4647
67,1,13,3,75,1,25.8492
67,1,13,4,76,1,12.8336
67,1,13,5,77,1,
67,1,13,6,78,1,
67,1,14,1,79,1,5.987
67,1,14,2,80,1,15.7714
67,1,14,3,81,1,15.9559
67,1,14,4,82,1,13.1403
67,1,14,5,83,1,
67,1,14,6,84,1,
67,1,15,1,85,1,23.0937
67,1,15,2,86,1,39.0781
67,1,15,3,87,1,31.6626
67,1,15,4,88,1,25.247
67,1,15,5,89,1,
67,1,15,6,90,1,
67,1,16,1,91,1,22.2004
67,1,16,2,92,1,25.7848
67,1,16,3,93,1,24.9693
67,1,16,4,94,1,15.3537
67,1,16,5,95,1,
67,1,16,6,96,1,
67,1,17,1,97,1,33.3071
67,1,17,2,98,1,22.0915
67,1,17,3,99,1,34.276
67,1,17,4,100,1,37.4604
67,1,17,5,101,1,
67,1,17,6,102,1,
67,1,18,1,103,1,
67,1,18,2,104,1,41.1982
67,1,18,3,105,1,22.5826
67,1,18,4,106,1,21.3671
67,1,18,5,107,1,
67,1,18,6,108,1,
67,1,19,1,109,1,12.1204
67,1,19,2,110,1,27.1049
67,1,19,3,111,1,21.2893
67,1,19,4,112,1,21.8738
67,1,19,5,113,1,
67,1,19,6,114,1,
67,1,20,1,115,1,31.8271
67,1,20,2,116,1,23.6116
67,1,20,3,117,1,19.596
67,1,20,4,118,1,
67,1,20,5,119,1,
67,1,20,6,120,1,
67,1,21,1,121,1,
67,1,21,2,122,1,34.5183
67,1,21,3,123,1,23.7027
67,1,21,4,124,1,33.0872
67,1,21,5,125,1,
67,1,21,6,126,1,
67,1,22,1,127,1,26.2405
67,1,22,2,128,1,
67,1,22,3,129,1,21.0094
67,1,22,4,130,1,16.5939
67,1,22,5,131,1,
67,1,22,6,132,1,
67,1,23,1,133,1,30.1472
67,1,23,2,134,1,26.1317
67,1,23,3,135,1,28.7161
67,1,23,4,136,1,20.9006
67,1,23,5,137,1,
67,1,23,6,138,1,
67,1,24,1,139,1,
67,1,24,2,140,1,
67,1,24,3,141,1,
67,1,24,4,142,1,31.8072
67,1,24,5,143,1,
67,1,24,6,144,1,
67,1,25,1,145,1,15.1606
67,1,25,2,146,1,10.545
67,1,25,3,147,1,32.1295
67,1,25,4,148,1,16.3139
67,1,25,5,149,1,
67,1,25,6,150,1,
67,1,26,1,151,1,27.6673
67,1,26,2,152,1,18.8517
67,1,26,3,153,1,22.2362
67,1,26,4,154,1,20.8206
67,1,26,5,155,1,
67,1,26,6,156,1,
67,1,27,1,157,1,
67,1,27,2,158,1,
67,1,27,3,159,1,16.7429
67,1,27,4,160,1,15.1273
67,1,27,5,161,1,
67,1,27,6,162,1,
67,1,28,1,163,1,15.8807
67,1,28,2,164,1,9.8651
67,1,28,3,165,1,0
67,1,28,4,166,1,7.434
67,1,28,5,167,1,
67,1,28,6,168,1,
68,1,1,1,1,0,0
68,1,1,2,2,0,0
68,1,1,3,3,0,0
68,1,1,4,4,0,3.9533
68,1,1,5,5,0,
68,1,1,6,6,0,
68,1,2,1,7,0,7.9067
68,1,2,2,8,0,15.8911
68,1,2,3,9,0,7.8756
68,1,2,4,10,0,0
68,1,2,5,11,0,
68,1,2,6,12,0,
68,1,3,1,13,0,25.0134
68,1,3,2,14,0,5.7978
68,1,3,3,15,0,0
68,1,3,4,16,0,15.7667
68,1,3,5,17,0,
68,1,3,6,18,0,
68,1,4,1,19,0,
68,1,4,2,20,0,9.7045
68,1,4,3,21,0,15.089
68,1,4,4,22,0,11.6734
68,1,4,5,23,0,
68,1,4,6,24,0,
68,1,5,1,25,0,0
68,1,5,2,26,0,11.6112
68,1,5,3,27,0,13.5957
68,1,5,4,28,0,0
68,1,5,5,29,0,
68,1,5,6,30,0,
68,1,6,1,31,0,0
68,1,6,2,32,0,0
68,1,6,3,33,0,0
68,1,6,4,34,0,0
68,1,6,5,35,0,
68,1,6,6,36,0,
68,1,7,1,37,0,7.4401
68,1,7,2,38,0,7.4246
68,1,7,3,39,0,0
68,1,7,4,40,0,3.5935
68,1,7,5,41,0,
68,1,7,6,42,0,
68,1,8,1,43,0,
68,1,8,2,44,0,3.3313
68,1,8,3,45,0,7.3157
68,1,8,4,46,0,7.3002
68,1,8,5,47,0,
68,1,8,6,48,0,
68,1,9,1,49,1,1.2535
68,1,9,2,50,1,13.238
68,1,9,3,51,1,29.4224
68,1,9,4,52,1,25.2069
68,1,9,5,53,1,
68,1,9,6,54,1,
68,1,10,1,55,1,13.1602
68,1,10,2,56,1,29.1447
68,1,10,3,57,1,9.1291
68,1,10,4,58,1,0
68,1,10,5,59,1,
68,1,10,6,60,1,
68,1,11,1,61,1,0
68,1,11,2,62,1,0
68,1,11,3,63,1,13.0358
68,1,11,4,64,1,1.0203
68,1,11,5,65,1,
68,1,11,6,66,1,
68,1,12,1,67,1,
68,1,12,2,68,1,0
68,1,12,3,69,1,0
68,1,12,4,70,1,17.127
68,1,12,5,71,1,
68,1,12,6,72,1,
68,1,13,1,73,1,0
68,1,13,2,74,1,0
68,1,13,3,75,1,4.8492
68,1,13,4,76,1,0.8336
68,1,13,5,77,1,
68,1,13,6,78,1,
68,1,14,1,79,1,
68,1,14,2,80,1,0.7714
68,1,14,3,81,1,0
68,1,14,4,82,1,0
68,1,14,5,83,1,
68,1,14,6,84,1,
68,1,15,1,85,1,0
68,1,15,2,86,1,4.6781
68,1,15,3,87,1,0.4626
68,1,15,4,88,1,0
68,1,15,5,89,1,
68,1,15,6,90,1,
68,1,16,1,91,1,10.6004
68,1,16,2,92,1,0
68,1,16,3,93,1,12.5693
68,1,16,4,94,1,12.5537
68,1,16,5,95,1,
68,1,16,6,96,1,
68,1,17,1,97,1,
68,1,17,2,98,1,4.4915
68,1,17,3,99,1,4.476
68,1,17,4,100,1,0.4604
68,1,17,5,101,1,
68,1,17,6,102,1,
68,1,18,1,103,1,0
68,1,18,2,104,1,0
68,1,18,3,105,1,0
68,1,18,4,106,1,2.3671
68,1,18,5,107,1,
68,1,18,6,108,1,
68,1,19,1,109,1,
68,1,19,2,110,1,0.3049
68,1,19,3,111,1,4.2893
68,1,19,4,112,1,12.2738
68,1,19,5,113,1,
68,1,19,6,114,1,
68,1,20,1,115,1,0.2271
68,1,20,2,116,1,12.2116
68,1,20,3,117,1,
68,1,20,4,118,1,16.3805
68,1,20,5,119,1,
68,1,20,6,120,1,
68,1,21,1,121,1,
68,1,21,2,122,1,16.1183
68,1,21,3,123,1,4.1027
68,1,21,4,124,1,2.0872
68,1,21,5,125,1,
68,1,21,6,126,1,
68,1,22,1,127,1,2.0405
68,1,22,2,128,1,
68,1,22,3,129,1,8.0094
68,1,22,4,130,1,1.9939
68,1,22,5,131,1,
68,1,22,6,132,1,
68,1,23,1,133,1,0
68,1,23,2,134,1,
68,1,23,3,135,1,0
68,1,23,4,136,1,0
68,1,23,5,137,1,
68,1,23,6,138,1,
68,1,24,1,139,1,19.8539
68,1,24,2,140,1,15.8383
68,1,24,3,141,1,3.8228
68,1,24,4,142,1,0
68,1,24,5,143,1,
68,1,24,6,144,1,
68,1,25,1,145,1,17.7606
68,1,25,2,146,1,3.745
68,1,25,3,147,1,0
68,1,25,4,148,1,19.7139
68,1,25,5,149,1,
68,1,25,6,150,1,
68,1,26,1,151,1,13.6673
68,1,26,2,152,1,21.6517
68,1,26,3,153,1,35.6362
68,1,26,4,154,1,43.6206
68,1,26,5,155,1,
68,1,26,6,156,1,
68,1,27,1,157,1,12.374
68,1,27,2,158,1,11.5584
68,1,27,3,159,1,21.5429
68,1,27,4,160,1,7.5273
68,1,27,5,161,1,
68,1,27,6,162,1,
68,1,28,1,163,1,4.4807
68,1,28,2,164,1,3.4651
68,1,28,3,165,1,3.6496
68,1,28,4,166,1,3.434
68,1,28,5,167,1,
68,1,28,6,168,1,
69,1,1,1,1,0,0
69,1,1,2,2,0,0
69,1,1,3,3,0,0
69,1,1,4,4,0,9.5533
69,1,1,5,5,0,
69,1,1,6,6,0,
69,1,2,1,7,0,0
69,1,2,2,8,0,0
69,1,2,3,9,0,
69,1,2,4,10,0,0
69,1,2,5,11,0,
69,1,2,6,12,0,
69,1,3,1,13,0,0
69,1,3,2,14,0,0
69,1,3,3,15,0,0
69,1,3,4,16,0,0
69,1,3,5,17,0,
69,1,3,6,18,0,
69,1,4,1,19,0,0
69,1,4,2,20,0,0
69,1,4,3,21,0,0
69,1,4,4,22,0,0
69,1,4,5,23,0,
69,1,4,6,24,0,
69,1,5,1,25,0,0
69,1,5,2,26,0,
69,1,5,3,27,0,0
69,1,5,4,28,0,0
69,1,5,5,29,0,
69,1,5,6,30,0,
69,1,6,1,31,0,0
69,1,6,2,32,0,0
69,1,6,3,33,0,0
69,1,6,4,34,0,0
69,1,6,5,35,0,
69,1,6,6,36,0,
69,1,7,1,37,0,0
69,1,7,2,38,0,0
69,1,7,3,39,0,0
69,1,7,4,40,0,0
69,1,7,5,41,0,
69,1,7,6,42,0,
69,1,8,1,43,0,
69,1,8,2,44,0,0
69,1,8,3,45,0,0
69,1,8,4,46,0,0
69,1,8,5,47,0,
69,1,8,6,48,0,
69,1,9,1,49,1,0
69,1,9,2,50,1,0
69,1,9,3,51,1,0
69,1,9,4,52,1,0
69,1,9,5,53,1,
69,1,9,6,54,1,
69,1,10,1,55,1,0
69,1,10,2,56,1,0
69,1,10,3,57,1,0
69,1,10,4,58,1,0
69,1,10,5,59,1,
69,1,10,6,60,1,
69,1,11,1,61,1,0
69,1,11,2,62,1,0
69,1,11,3,63,1,0
69,1,11,4,64,1,0
69,1,11,5,65,1,
69,1,11,6,66,1,
69,1,12,1,67,1,0
69,1,12,2,68,1,0
69,1,12,3,69,1,0
69,1,12,4,70,1,0
69,1,12,5,71,1,
69,1,12,6,72,1,
69,1,13,1,73,1,0
69,1,13,2,74,1,0
69,1,13,3,75,1,0
69,1,13,4,76,1,0
69,1,13,5,77,1,
69,1,13,6,78,1,
69,1,14,1,79,1,
69,1,14,2,80,1,0
69,1,14,3,81,1,0
69,1,14,4,82,1,0
69,1,14,5,83,1,
69,1,14,6,84,1,
69,1,15,1,85,1,0
69,1,15,2,86,1,0
69,1,15,3,87,1,0
69,1,15,4,88,1,0
69,1,15,5,89,1,
69,1,15,6,90,1,
69,1,16,1,91,1,0
69,1,16,2,92,1,
69,1,16,3,93,1,0
69,1,16,4,94,1,0
69,1,16,5,95,1,
69,1,16,6,96,1,
69,1,17,1,97,1,0
69,1,17,2,98,1,0
69,1,17,3,99,1,0
69,1,17,4,100,1,0
69,1,17,5,101,1,
69,1,17,6,102,1,
69,1,18,1,103,1,0
69,1,18,2,104,1,0
69,1,18,3,105,1,0
69,1,18,4,106,1,0
69,1,18,5,107,1,
69,1,18,6,108,1,
69,1,19,1,109,1,0
69,1,19,2,110,1,
69,1,19,3,111,1,0
69,1,19,4,112,1,0
69,1,19,5,113,1,
69,1,19,6,114,1,
69,1,20,1,115,1,0
69,1,20,2,116,1,0
69,1,20,3,117,1,0
69,1,20,4,118,1,0
69,1,20,5,119,1,
69,1,20,6,120,1,
69,1,21,1,121,1,0
69,1,21,2,122,1,0
69,1,21,3,123,1,0
69,1,21,4,124,1,0
69,1,21,5,125,1,
69,1,21,6,126,1,
69,1,22,1,127,1,0
69,1,22,2,128,1,0
69,1,22,3,129,1,0
69,1,22,4,130,1,0
69,1,22,5,131,1,
69,1,22,6,132,1,
69,1,23,1,133,1,0
69,1,23,2,134,1,0
69,1,23,3,135,1,0
69,1,23,4,136,1,0
69,1,23,5,137,1,
69,1,23,6,138,1,
69,1,24,1,139,1,0
69,1,24,2,140,1,0
69,1,24,3,141,1,0
69,1,24,4,142,1,0
69,1,24,5,143,1,
69,1,24,6,144,1,
69,1,25,1,145,1,0
69,1,25,2,146,1,0
69,1,25,3,147,1,0
69,1,25,4,148,1,0
69,1,25,5,149,1,
69,1,25,6,150,1,
69,1,26,1,151,1,0
69,1,26,2,152,1,
69,1,26,3,153,1,0
69,1,26,4,154,1,0
69,1,26,5,155,1,
69,1,26,6,156,1,
69,1,27,1,157,1,
69,1,27,2,158,1,0
69,1,27,3,159,1,
69,1,27,4,160,1,0
69,1,27,5,161,1,
69,1,27,6,162,1,
69,1,28,1,163,1,
69,1,28,2,164,1,0
69,1,28,3,165,1,0
69,1,28,4,166,1,0
69,1,28,5,167,1,
69,1,28,6,168,1,
70,1,1,1,1,0,0
70,1,1,2,2,0,10.1844
70,1,1,3,3,0,5.3689
70,1,1,4,4,0,19.1533
70,1,1,5,5,0,
70,1,1,6,6,0,
70,1,2,1,7,0,16.3067
70,1,2,2,8,0,5.4911
70,1,2,3,9,0,3.0756
70,1,2,4,10,0,0
70,1,2,5,11,0,
70,1,2,6,12,0,
70,1,3,1,13,0,4.0134
70,1,3,2,14,0,5.5978
70,1,3,3,15,0,1.1823
70,1,3,4,16,0,9.1667
70,1,3,5,17,0,
70,1,3,6,18,0,
70,1,4,1,19,0,9.1201
70,1,4,2,20,0,12.1045
70,1,4,3,21,0,12.089
70,1,4,4,22,0,
70,1,4,5,23,0,
70,1,4,6,24,0,
70,1,5,1,25,0,9.6268
70,1,5,2,26,0,8.2112
70,1,5,3,27,0,8.1957
70,1,5,4,28,0,8.7801
70,1,5,5,29,0,
70,1,5,6,30,0,
70,1,6,1,31,0,19.1335
70,1,6,2,32,0,15.5179
70,1,6,3,33,0,4.5024
70,1,6,4,34,0,9.2868
70,1,6,5,35,0,
70,1,6,6,36,0,
70,1,7,1,37,0,10.6401
70,1,7,2,38,0,3.4246
70,1,7,3,39,0,14.809
70,1,7,4,40,0,11.1935
70,1,7,5,41,0,
70,1,7,6,42,0,
70,1,8,1,43,0,4.9468
70,1,8,2,44,0,9.3313
70,1,8,3,45,0,
70,1,8,4,46,0,12.3002
70,1,8,5,47,0,
70,1,8,6,48,0,
70,1,9,1,49,1,17.0535
70,1,9,2,50,1,10.038
70,1,9,3,51,1,16.6224
70,1,9,4,52,1,8.6069
70,1,9,5,53,1,
70,1,9,6,54,1,
70,1,10,1,55,1,9.7602
70,1,10,2,56,1,7.9447
70,1,10,3,57,1,21.9291
70,1,10,4,58,1,13.3136
70,1,10,5,59,1,
70,1,10,6,60,1,
70,1,11,1,61,1,52.6669
70,1,11,2,62,1,32.0514
70,1,11,3,63,1,27.6358
70,1,11,4,64,1,22.2203
70,1,11,5,65,1,
70,1,11,6,66,1,
70,1,12,1,67,1,42.5736
70,1,12,2,68,1,17.9581
70,1,12,3,69,1,12.1425
70,1,12,4,70,1,10.727
70,1,12,5,71,1,
70,1,12,6,72,1,
70,1,13,1,73,1,31.8803
70,1,13,2,74,1,14.2647
70,1,13,3,75,1,18.4492
70,1,13,4,76,1,21.2336
70,1,13,5,77,1,
70,1,13,6,78,1,
70,1,14,1,79,1,
70,1,14,2,80,1,60.1714
70,1,14,3,81,1,50.3559
70,1,14,4,82,1,
70,1,14,5,83,1,
70,1,14,6,84,1,
70,1,15,1,85,1,21.8937
70,1,15,2,86,1,35.8781
70,1,15,3,87,1,23.6626
70,1,15,4,88,1,32.047
70,1,15,5,89,1,
70,1,15,6,90,1,
70,1,16,1,91,1,37.2004
70,1,16,2,92,1,29.5848
70,1,16,3,93,1,40.1693
70,1,16,4,94,1,41.7537
70,1,16,5,95,1,
70,1,16,6,96,1,
70,1,17,1,97,1,43.1071
70,1,17,2,98,1,35.6915
70,1,17,3,99,1,33.876
70,1,17,4,100,1,39.6604
70,1,17,5,101,1,
70,1,17,6,102,1,
70,1,18,1,103,1,51.6138
70,1,18,2,104,1,47.7982
70,1,18,3,105,1,31.5826
70,1,18,4,106,1,36.7671
70,1,18,5,107,1,
70,1,18,6,108,1,
70,1,19,1,109,1,47.1204
70,1,19,2,110,1,64.9049
70,1,19,3,111,1,66.8893
70,1,19,4,112,1,35.2738
70,1,19,5,113,1,
70,1,19,6,114,1,
70,1,20,1,115,1,62.2271
70,1,20,2,116,1,63.2116
70,1,20,3,117,1,31.596
70,1,20,4,118,1,27.9805
70,1,20,5,119,1,
70,1,20,6,120,1,
70,1,21,1,121,1,24.3338
70,1,21,2,122,1,21.3183
70,1,21,3,123,1,39.7027
70,1,21,4,124,1,33.6872
70,1,21,5,125,1,
70,1,21,6,126,1,
70,1,22,1,127,1,35.8405
70,1,22,2,128,1,15.825
70,1,22,3,129,1,21.8094
70,1,22,4,130,1,28.1939
70,1,22,5,131,1,
70,1,22,6,132,1,
70,1,23,1,133,1,31.3472
70,1,23,2,134,1,24.9317
70,1,23,3,135,1,15.3161
70,1,23,4,136,1,18.7006
70,1,23,5,137,1,
70,1,23,6,138,1,
70,1,24,1,139,1,11.0539
70,1,24,2,140,1,17.2383
70,1,24,3,141,1,18.6228
70,1,24,4,142,1,25.4072
70,1,24,5,143,1,
70,1,24,6,144,1,
70,1,25,1,145,1,22.5606
70,1,25,2,146,1,14.345
70,1,25,3,147,1,16.7295
70,1,25,4,148,1,31.5139
70,1,25,5,149,1,
70,1,25,6,150,1,
70,1,26,1,151,1,20.0673
70,1,26,2,152,1,15.8517
70,1,26,3,153,1,8.8362
70,1,26,4,154,1,18.8206
70,1,26,5,155,1,
70,1,26,6,156,1,
70,1,27,1,157,1,16.174
70,1,27,2,158,1,20.1584
70,1,27,3,159,1,22.1429
70,1,27,4,160,1,17.1273
70,1,27,5,161,1,
70,1,27,6,162,1,
70,1,28,1,163,1,17.4807
70,1,28,2,164,1,19.0651
70,1,28,3,165,1,19.8496
70,1,28,4,166,1,19.034
70,1,28,5,167,1,
70,1,28,6,168,1,
71,1,1,1,1,0,0
71,1,1,2,2,0,1.1844
71,1,1,3,3,0,0
71,1,1,4,4,0,1.9533
71,1,1,5,5,0,
71,1,1,6,6,0,
71,1,2,1,7,0,0
71,1,2,2,8,0,0
71,1,2,3,9,0,28.0756
71,1,2,4,10,0,9.86
71,1,2,5,11,0,
71,1,2,6,12,0,
71,1,3,1,13,0,3.4134
71,1,3,2,14,0,0.1978
71,1,3,3,15,0,1.5823
71,1,3,4,16,0,0
71,1,3,5,17,0,
71,1,3,6,18,0,
71,1,4,1,19,0,0
71,1,4,2,20,0,0
71,1,4,3,21,0,0
71,1,4,4,22,0,0
71,1,4,5,23,0,
71,1,4,6,24,0,
71,1,5,1,25,0,0
71,1,5,2,26,0,
71,1,5,3,27,0,0
71,1,5,4,28,0,0
71,1,5,5,29,0,
71,1,5,6,30,0,
71,1,6,1,31,0,0
71,1,6,2,32,0,0
71,1,6,3,33,0,0
71,1,6,4,34,0,0.2868
71,1,6,5,35,0,
71,1,6,6,36,0,
71,1,7,1,37,0,0
71,1,7,2,38,0,0
71,1,7,3,39,0,0
71,1,7,4,40,0,3.7935
71,1,7,5,41,0,
71,1,7,6,42,0,
71,1,8,1,43,0,0
71,1,8,2,44,0,
71,1,8,3,45,0,0
71,1,8,4,46,0,0
71,1,8,5,47,0,
71,1,8,6,48,0,
71,1,9,1,49,1,0
71,1,9,2,50,1,0
71,1,9,3,51,1,0.0224
71,1,9,4,52,1,0
71,1,9,5,53,1,
71,1,9,6,54,1,
71,1,10,1,55,1,0
71,1,10,2,56,1,0
71,1,10,3,57,1,0
71,1,10,4,58,1,3.1136
71,1,10,5,59,1,
71,1,10,6,60,1,
71,1,11,1,61,1,1.0669
71,1,11,2,62,1,0
71,1,11,3,63,1,0
71,1,11,4,64,1,5.6203
71,1,11,5,65,1,
71,1,11,6,66,1,
71,1,12,1,67,1,3.3736
71,1,12,2,68,1,0
71,1,12,3,69,1,0
71,1,12,4,70,1,0
71,1,12,5,71,1,
71,1,12,6,72,1,
71,1,13,1,73,1,0
71,1,13,2,74,1,0
71,1,13,3,75,1,0
71,1,13,4,76,1,0
71,1,13,5,77,1,
71,1,13,6,78,1,
71,1,14,1,79,1,0
71,1,14,2,80,1,0
71,1,14,3,81,1,17.7559
71,1,14,4,82,1,2.1403
71,1,14,5,83,1,
71,1,14,6,84,1,
71,1,15,1,85,1,0
71,1,15,2,86,1,0
71,1,15,3,87,1,0
71,1,15,4,88,1,0
71,1,15,5,89,1,
71,1,15,6,90,1,
71,1,16,1,91,1,0
71,1,16,2,92,1,0
71,1,16,3,93,1,11.9693
71,1,16,4,94,1,3.7537
71,1,16,5,95,1,
71,1,16,6,96,1,
71,1,17,1,97,1,0
71,1,17,2,98,1,0
71,1,17,3,99,1,0
71,1,17,4,100,1,5.4604
71,1,17,5,101,1,
71,1,17,6,102,1,
71,1,18,1,103,1,0
71,1,18,2,104,1,0
71,1,18,3,105,1,0
71,1,18,4,106,1,0
71,1,18,5,107,1,
71,1,18,6,108,1,
71,1,19,1,109,1,0
71,1,19,2,110,1,0
71,1,19,3,111,1,0
71,1,19,4,112,1,0
71,1,19,5,113,1,
71,1,19,6,114,1,
71,1,20,1,115,1,0
71,1,20,2,116,1,0
71,1,20,3,117,1,0
71,1,20,4,118,1,0
71,1,20,5,119,1,
71,1,20,6,120,1,
71,1,21,1,121,1,0
71,1,21,2,122,1,0
71,1,21,3,123,1,0
71,1,21,4,124,1,0
71,1,21,5,125,1,
71,1,21,6,126,1,
71,1,22,1,127,1,0
71,1,22,2,128,1,0
71,1,22,3,129,1,0
71,1,22,4,130,1,0
71,1,22,5,131,1,
71,1,22,6,132,1,
71,1,23,1,133,1,0
71,1,23,2,134,1,
71,1,23,3,135,1,0
71,1,23,4,136,1,0
71,1,23,5,137,1,
71,1,23,6,138,1,
71,1,24,1,139,1,0
71,1,24,2,140,1,0
71,1,24,3,141,1,0
71,1,24,4,142,1,0
71,1,24,5,143,1,
71,1,24,6,144,1,
71,1,25,1,145,1,0
71,1,25,2,146,1,0
71,1,25,3,147,1,0
71,1,25,4,148,1,0
71,1,25,5,149,1,
71,1,25,6,150,1,
71,1,26,1,151,1,0
71,1,26,2,152,1,0
71,1,26,3,153,1,0
71,1,26,4,154,1,1.2206
71,1,26,5,155,1,
71,1,26,6,156,1,
71,1,27,1,157,1,
71,1,27,2,158,1,0
71,1,27,3,159,1,0
71,1,27,4,160,1,0
71,1,27,5,161,1,
71,1,27,6,162,1,
71,1,28,1,163,1,0
71,1,28,2,164,1,0
71,1,28,3,165,1,0
71,1,28,4,166,1,0
71,1,28,5,167,1,
71,1,28,6,168,1,
72,1,1,1,1,0,0
72,1,1,2,2,0,0
72,1,1,3,3,0,22.1689
72,1,1,4,4,0,0
72,1,1,5,5,0,
72,1,1,6,6,0,
72,1,2,1,7,0,17.9067
72,1,2,2,8,0,0
72,1,2,3,9,0,0
72,1,2,4,10,0,0
72,1,2,5,11,0,
72,1,2,6,12,0,
72,1,3,1,13,0,0
72,1,3,2,14,0,5.5978
72,1,3,3,15,0,15.7823
72,1,3,4,16,0,4.5667
72,1,3,5,17,0,
72,1,3,6,18,0,
72,1,4,1,19,0,0
72,1,4,2,20,0,12.1045
72,1,4,3,21,0,11.689
72,1,4,4,22,0,0
72,1,4,5,23,0,
72,1,4,6,24,0,
72,1,5,1,25,0,
72,1,5,2,26,0,0
72,1,5,3,27,0,8.9957
72,1,5,4,28,0,0
72,1,5,5,29,0,
72,1,5,6,30,0,
72,1,6,1,31,0,
72,1,6,2,32,0,0
72,1,6,3,33,0,0
72,1,6,4,34,0,0
72,1,6,5,35,0,
72,1,6,6,36,0,
72,1,7,1,37,0,0
72,1,7,2,38,0,7.2246
72,1,7,3,39,0,0
72,1,7,4,40,0,6.5935
72,1,7,5,41,0,
72,1,7,6,42,0,
72,1,8,1,43,0,0
72,1,8,2,44,0,0
72,1,8,3,45,0,0
72,1,8,4,46,0,0
72,1,8,5,47,0,
72,1,8,6,48,0,
72,1,9,1,49,1,6.8535
72,1,9,2,50,1,
72,1,9,3,51,1,0
72,1,9,4,52,1,0
72,1,9,5,53,1,
72,1,9,6,54,1,
72,1,10,1,55,1,0
72,1,10,2,56,1,0
72,1,10,3,57,1,
72,1,10,4,58,1,0
72,1,10,5,59,1,
72,1,10,6,60,1,
72,1,11,1,61,1,0
72,1,11,2,62,1,0
72,1,11,3,63,1,0
72,1,11,4,64,1,0
72,1,11,5,65,1,
72,1,11,6,66,1,
72,1,12,1,67,1,
72,1,12,2,68,1,9.1581
72,1,12,3,69,1,0
72,1,12,4,70,1,
72,1,12,5,71,1,
72,1,12,6,72,1,
72,1,13,1,73,1,0
72,1,13,2,74,1,0
72,1,13,3,75,1,0
72,1,13,4,76,1,0
72,1,13,5,77,1,
72,1,13,6,78,1,
72,1,14,1,79,1,0
72,1,14,2,80,1,0
72,1,14,3,81,1,0
72,1,14,4,82,1,0
72,1,14,5,83,1,
72,1,14,6,84,1,
72,1,15,1,85,1,
72,1,15,2,86,1,0
72,1,15,3,87,1,1.0626
72,1,15,4,88,1,0
72,1,15,5,89,1,
72,1,15,6,90,1,
72,1,16,1,91,1,0
72,1,16,2,92,1,
72,1,16,3,93,1,0
72,1,16,4,94,1,0
72,1,16,5,95,1,
72,1,16,6,96,1,
72,1,17,1,97,1,0
72,1,17,2,98,1,0
72,1,17,3,99,1,0
72,1,17,4,100,1,0.8604
72,1,17,5,101,1,
72,1,17,6,102,1,
72,1,18,1,103,1,14.6138
72,1,18,2,104,1,0
72,1,18,3,105,1,0
72,1,18,4,106,1,0
72,1,18,5,107,1,
72,1,18,6,108,1,
72,1,19,1,109,1,0
72,1,19,2,110,1,0
72,1,19,3,111,1,0
72,1,19,4,112,1,0
72,1,19,5,113,1,
72,1,19,6,114,1,
72,1,20,1,115,1,
72,1,20,2,116,1,0
72,1,20,3,117,1,0
72,1,20,4,118,1,0
72,1,20,5,119,1,
72,1,20,6,120,1,
72,1,21,1,121,1,
72,1,21,2,122,1,0
72,1,21,3,123,1,0
72,1,21,4,124,1,0
72,1,21,5,125,1,
72,1,21,6,126,1,
72,1,22,1,127,1,0
72,1,22,2,128,1,0
72,1,22,3,129,1,1.4094
72,1,22,4,130,1,0
72,1,22,5,131,1,
72,1,22,6,132,1,
72,1,23,1,133,1,0.7472
72,1,23,2,134,1,0
72,1,23,3,135,1,0
72,1,23,4,136,1,0
72,1,23,5,137,1,
72,1,23,6,138,1,
72,1,24,1,139,1,0
72,1,24,2,140,1,0
72,1,24,3,141,1,0
72,1,24,4,142,1,0
72,1,24,5,143,1,
72,1,24,6,144,1,
72,1,25,1,145,1,0
72,1,25,2,146,1,0
72,1,25,3,147,1,0
72,1,25,4,148,1,0
72,1,25,5,149,1,
72,1,25,6,150,1,
72,1,26,1,151,1,0
72,1,26,2,152,1,0
72,1,26,3,153,1,0
72,1,26,4,154,1,0
72,1,26,5,155,1,
72,1,26,6,156,1,
72,1,27,1,157,1,0
72,1,27,2,158,1,0
72,1,27,3,159,1,0
72,1,27,4,160,1,0
72,1,27,5,161,1,
72,1,27,6,162,1,
72,1,28,1,163,1,
72,1,28,2,164,1,0
72,1,28,3,165,1,0
72,1,28,4,166,1,0
72,1,28,5,167,1,
72,1,28,6,168,1,
73,1,1,1,1,0,17
73,1,1,2,2,0,9.5844
73,1,1,3,3,0,7.9689
73,1,1,4,4,0,15.9533
73,1,1,5,5,0,
73,1,1,6,6,0,
73,1,2,1,7,0,17.3067
73,1,2,2,8,0,
73,1,2,3,9,0,0.8756
73,1,2,4,10,0,5.86
73,1,2,5,11,0,
73,1,2,6,12,0,
73,1,3,1,13,0,0
73,1,3,2,14,0,2.7978
73,1,3,3,15,0,0.7823
73,1,3,4,16,0,3.7667
73,1,3,5,17,0,
73,1,3,6,18,0,
73,1,4,1,19,0,0
73,1,4,2,20,0,1.9045
73,1,4,3,21,0,10.489
73,1,4,4,22,0,11.0734
73,1,4,5,23,0,
73,1,4,6,24,0,
73,1,5,1,25,0,0
73,1,5,2,26,0,9.6112
73,1,5,3,27,0,
73,1,5,4,28,0,0
73,1,5,5,29,0,
73,1,5,6,30,0,
73,1,6,1,31,0,0
73,1,6,2,32,0,0
73,1,6,3,33,0,4.3024
73,1,6,4,34,0,0
73,1,6,5,35,0,
73,1,6,6,36,0,
73,1,7,1,37,0,0
73,1,7,2,38,0,0
73,1,7,3,39,0,6.609
73,1,7,4,40,0,0.3935
73,1,7,5,41,0,
73,1,7,6,42,0,
73,1,8,1,43,0,0
73,1,8,2,44,0,0
73,1,8,3,45,0,
73,1,8,4,46,0,0
73,1,8,5,47,0,
73,1,8,6,48,0,
73,1,9,1,49,1,0
73,1,9,2,50,1,0
73,1,9,3,51,1,0
73,1,9,4,52,1,0.0069
73,1,9,5,53,1,
73,1,9,6,54,1,
73,1,10,1,55,1,0
73,1,10,2,56,1,0
73,1,10,3,57,1,0
73,1,10,4,58,1,13.3136
73,1,10,5,59,1,
73,1,10,6,60,1,
73,1,11,1,61,1,0
73,1,11,2,62,1,0
73,1,11,3,63,1,0
73,1,11,4,64,1,0
73,1,11,5,65,1,
73,1,11,6,66,1,
73,1,12,1,67,1,0
73,1,12,2,68,1,0
73,1,12,3,69,1,5.3425
73,1,12,4,70,1,0
73,1,12,5,71,1,
73,1,12,6,72,1,
73,1,13,1,73,1,0
73,1,13,2,74,1,0
73,1,13,3,75,1,0
73,1,13,4,76,1,1.8336
73,1,13,5,77,1,
73,1,13,6,78,1,
73,1,14,1,79,1,0
73,1,14,2,80,1,0
73,1,14,3,81,1,8.9559
73,1,14,4,82,1,15.7403
73,1,14,5,83,1,
73,1,14,6,84,1,
73,1,15,1,85,1,0
73,1,15,2,86,1,0
73,1,15,3,87,1,0
73,1,15,4,88,1,0
73,1,15,5,89,1,
73,1,15,6,90,1,
73,1,16,1,91,1,0.6004
73,1,16,2,92,1,0
73,1,16,3,93,1,0
73,1,16,4,94,1,9.3537
73,1,16,5,95,1,
73,1,16,6,96,1,
73,1,17,1,97,1,0
73,1,17,2,98,1,2.6915
73,1,17,3,99,1,0
73,1,17,4,100,1,4.6604
73,1,17,5,101,1,
73,1,17,6,102,1,
73,1,18,1,103,1,
73,1,18,2,104,1,5.3982
73,1,18,3,105,1,0
73,1,18,4,106,1,0
73,1,18,5,107,1,
73,1,18,6,108,1,
73,1,19,1,109,1,0
73,1,19,2,110,1,5.5049
73,1,19,3,111,1,0
73,1,19,4,112,1,0
73,1,19,5,113,1,
73,1,19,6,114,1,
73,1,20,1,115,1,0
73,1,20,2,116,1,0
73,1,20,3,117,1,0.596
73,1,20,4,118,1,0
73,1,20,5,119,1,
73,1,20,6,120,1,
73,1,21,1,121,1,
73,1,21,2,122,1,0
73,1,21,3,123,1,3.3027
73,1,21,4,124,1,0
73,1,21,5,125,1,
73,1,21,6,126,1,
73,1,22,1,127,1,0
73,1,22,2,128,1,0
73,1,22,3,129,1,0
73,1,22,4,130,1,
73,1,22,5,131,1,
73,1,22,6,132,1,
73,1,23,1,133,1,0
73,1,23,2,134,1,0
73,1,23,3,135,1,0.9161
73,1,23,4,136,1,3.7006
73,1,23,5,137,1,
73,1,23,6,138,1,
73,1,24,1,139,1,0
73,1,24,2,140,1,2.8383
73,1,24,3,141,1,5.8228
73,1,24,4,142,1,2.8072
73,1,24,5,143,1,
73,1,24,6,144,1,
73,1,25,1,145,1,0
73,1,25,2,146,1,0
73,1,25,3,147,1,3.9295
73,1,25,4,148,1,2.1139
73,1,25,5,149,1,
73,1,25,6,150,1,
73,1,26,1,151,1,
73,1,26,2,152,1,0
73,1,26,3,153,1,0
73,1,26,4,154,1,1.2206
73,1,26,5,155,1,
73,1,26,6,156,1,
73,1,27,1,157,1,0.574
73,1,27,2,158,1,0
73,1,27,3,159,1,0
73,1,27,4,160,1,0
73,1,27,5,161,1,
73,1,27,6,162,1,
73,1,28,1,163,1,
73,1,28,2,164,1,0
73,1,28,3,165,1,0
73,1,28,4,166,1,0
73,1,28,5,167,1,
73,1,28,6,168,1,
74,1,1,1,1,0,1
74,1,1,2,2,0,3.3844
74,1,1,3,3,0,
74,1,1,4,4,0,0
74,1,1,5,5,0,
74,1,1,6,6,0,
74,1,2,1,7,0,0
74,1,2,2,8,0,0.2911
74,1,2,3,9,0,0
74,1,2,4,10,0,5.66
74,1,2,5,11,0,
74,1,2,6,12,0,
74,1,3,1,13,0,0
74,1,3,2,14,0,0
74,1,3,3,15,0,1.3823
74,1,3,4,16,0,2.1667
74,1,3,5,17,0,
74,1,3,6,18,0,
74,1,4,1,19,0,0
74,1,4,2,20,0,0
74,1,4,3,21,0,0
74,1,4,4,22,0,26.2734
74,1,4,5,23,0,
74,1,4,6,24,0,
74,1,5,1,25,0,0.6268
74,1,5,2,26,0,1.0112
74,1,5,3,27,0,6.3957
74,1,5,4,28,0,0
74,1,5,5,29,0,
74,1,5,6,30,0,
74,1,6,1,31,0,0
74,1,6,2,32,0,0
74,1,6,3,33,0,0
74,1,6,4,34,0,0
74,1,6,5,35,0,
74,1,6,6,36,0,
74,1,7,1,37,0,0
74,1,7,2,38,0,0
74,1,7,3,39,0,0
74,1,7,4,40,0,0
74,1,7,5,41,0,
74,1,7,6,42,0,
74,1,8,1,43,0,0
74,1,8,2,44,0,0
74,1,8,3,45,0,0
74,1,8,4,46,0,1.1002
74,1,8,5,47,0,
74,1,8,6,48,0,
74,1,9,1,49,1,
74,1,9,2,50,1,0
74,1,9,3,51,1,0
74,1,9,4,52,1,0
74,1,9,5,53,1,
74,1,9,6,54,1,
74,1,10,1,55,1,0
74,1,10,2,56,1,0.3447
74,1,10,3,57,1,0
74,1,10,4,58,1,0
74,1,10,5,59,1,
74,1,10,6,60,1,
74,1,11,1,61,1,0
74,1,11,2,62,1,0
74,1,11,3,63,1,5.4358
74,1,11,4,64,1,2.8203
74,1,11,5,65,1,
74,1,11,6,66,1,
74,1,12,1,67,1,7.3736
74,1,12,2,68,1,0
74,1,12,3,69,1,0
74,1,12,4,70,1,0
74,1,12,5,71,1,
74,1,12,6,72,1,
74,1,13,1,73,1,0
74,1,13,2,74,1,1.4647
74,1,13,3,75,1,6.6492
74,1,13,4,76,1,0
74,1,13,5,77,1,
74,1,13,6,78,1,
74,1,14,1,79,1,
74,1,14,2,80,1,0
74,1,14,3,81,1,0
74,1,14,4,82,1,0
74,1,14,5,83,1,
74,1,14,6,84,1,
74,1,15,1,85,1,0
74,1,15,2,86,1,0.4781
74,1,15,3,87,1,0
74,1,15,4,88,1,4.847
74,1,15,5,89,1,
74,1,15,6,90,1,
74,1,16,1,91,1,
74,1,16,2,92,1,0.9848
74,1,16,3,93,1,0
74,1,16,4,94,1,0
74,1,16,5,95,1,
74,1,16,6,96,1,
74,1,17,1,97,1,1.1071
74,1,17,2,98,1,0
74,1,17,3,99,1,0
74,1,17,4,100,1,0
74,1,17,5,101,1,
74,1,17,6,102,1,
74,1,18,1,103,1,
74,1,18,2,104,1,0
74,1,18,3,105,1,0
74,1,18,4,106,1,0
74,1,18,5,107,1,
74,1,18,6,108,1,
74,1,19,1,109,1,0
74,1,19,2,110,1,0
74,1,19,3,111,1,0
74,1,19,4,112,1,0
74,1,19,5,113,1,
74,1,19,6,114,1,
74,1,20,1,115,1,
74,1,20,2,116,1,0
74,1,20,3,117,1,0
74,1,20,4,118,1,0
74,1,20,5,119,1,
74,1,20,6,120,1,
74,1,21,1,121,1,0
74,1,21,2,122,1,0
74,1,21,3,123,1,0
74,1,21,4,124,1,0
74,1,21,5,125,1,
74,1,21,6,126,1,
74,1,22,1,127,1,0
74,1,22,2,128,1,0
74,1,22,3,129,1,0
74,1,22,4,130,1,0
74,1,22,5,131,1,
74,1,22,6,132,1,
74,1,23,1,133,1,
74,1,23,2,134,1,0
74,1,23,3,135,1,0
74,1,23,4,136,1,0
74,1,23,5,137,1,
74,1,23,6,138,1,
74,1,24,1,139,1,0
74,1,24,2,140,1,0
74,1,24,3,141,1,0
74,1,24,4,142,1,0
74,1,24,5,143,1,
74,1,24,6,144,1,
74,1,25,1,145,1,
74,1,25,2,146,1,0
74,1,25,3,147,1,0
74,1,25,4,148,1,0
74,1,25,5,149,1,
74,1,25,6,150,1,
74,1,26,1,151,1,1.6673
74,1,26,2,152,1,0
74,1,26,3,153,1,0
74,1,26,4,154,1,0
74,1,26,5,155,1,
74,1,26,6,156,1,
74,1,27,1,157,1,
74,1,27,2,158,1,0
74,1,27,3,159,1,0
74,1,27,4,160,1,0
74,1,27,5,161,1,
74,1,27,6,162,1,
74,1,28,1,163,1,0
74,1,28,2,164,1,0
74,1,28,3,165,1,0
74,1,28,4,166,1,0
74,1,28,5,167,1,
74,1,28,6,168,1,
75,1,1,1,1,0,59.6
75,1,1,2,2,0,26.3844
75,1,1,3,3,0,22.3689
75,1,1,4,4,0,17.5533
75,1,1,5,5,0,
75,1,1,6,6,0,
75,1,2,1,7,0,38.1067
75,1,2,2,8,0,33.8911
75,1,2,3,9,0,39.4756
75,1,2,4,10,0,15.26
75,1,2,5,11,0,
75,1,2,6,12,0,
75,1,3,1,13,0,57.4134
75,1,3,2,14,0,60.1978
75,1,3,3,15,0,65.9823
75,1,3,4,16,0,68.3667
75,1,3,5,17,0,
75,1,3,6,18,0,
75,1,4,1,19,0,50.7201
75,1,4,2,20,0,39.9045
75,1,4,3,21,0,58.689
75,1,4,4,22,0,28.4734
75,1,4,5,23,0,
75,1,4,6,24,0,
75,1,5,1,25,0,30.8268
75,1,5,2,26,0,83.6112
75,1,5,3,27,0,62.9957
75,1,5,4,28,0,57.7801
75,1,5,5,29,0,
75,1,5,6,30,0,
75,1,6,1,31,0,43.7335
75,1,6,2,32,0,19.5179
75,1,6,3,33,0,34.1024
75,1,6,4,34,0,49.0868
75,1,6,5,35,0,
75,1,6,6,36,0,
75,1,7,1,37,0,48.2401
75,1,7,2,38,0,49.0246
75,1,7,3,39,0,31.409
75,1,7,4,40,0,21.5935
75,1,7,5,41,0,
75,1,7,6,42,0,
75,1,8,1,43,0,59.3468
75,1,8,2,44,0,24.1313
75,1,8,3,45,0,32.9157
75,1,8,4,46,0,51.1002
75,1,8,5,47,0,
75,1,8,6,48,0,
75,1,9,1,49,1,37.6535
75,1,9,2,50,1,45.438
75,1,9,3,51,1,67.2224
75,1,9,4,52,1,60.0069
75,1,9,5,53,1,
75,1,9,6,54,1,
75,1,10,1,55,1,54.5602
75,1,10,2,56,1,53.1447
75,1,10,3,57,1,35.5291
75,1,10,4,58,1,20.7136
75,1,10,5,59,1,
75,1,10,6,60,1,
75,1,11,1,61,1,33.0669
75,1,11,2,62,1,61.8514
75,1,11,3,63,1,46.2358
75,1,11,4,64,1,32.6203
75,1,11,5,65,1,
75,1,11,6,66,1,
75,1,12,1,67,1,52.5736
75,1,12,2,68,1,37.9581
75,1,12,3,69,1,
75,1,12,4,70,1,57.727
75,1,12,5,71,1,
75,1,12,6,72,1,
75,1,13,1,73,1,37.4803
75,1,13,2,74,1,24.6647
75,1,13,3,75,1,42.6492
75,1,13,4,76,1,41.4336
75,1,13,5,77,1,
75,1,13,6,78,1,
75,1,14,1,79,1,57.587
75,1,14,2,80,1,39.7714
75,1,14,3,81,1,42.5559
75,1,14,4,82,1,45.9403
75,1,14,5,83,1,
75,1,14,6,84,1,
75,1,15,1,85,1,
75,1,15,2,86,1,67.8781
75,1,15,3,87,1,57.8626
75,1,15,4,88,1,41.447
75,1,15,5,89,1,
75,1,15,6,90,1,
75,1,16,1,91,1,
75,1,16,2,92,1,48.1848
75,1,16,3,93,1,48.7693
75,1,16,4,94,1,46.5537
75,1,16,5,95,1,
75,1,16,6,96,1,
75,1,17,1,97,1,28.1071
75,1,17,2,98,1,45.8915
75,1,17,3,99,1,56.676
75,1,17,4,100,1,73.2604
75,1,17,5,101,1,
75,1,17,6,102,1,
75,1,18,1,103,1,77.4138
75,1,18,2,104,1,56.9982
75,1,18,3,105,1,43.7826
75,1,18,4,106,1,51.5671
75,1,18,5,107,1,
75,1,18,6,108,1,
75,1,19,1,109,1,38.3204
75,1,19,2,110,1,34.5049
75,1,19,3,111,1,60.6893
75,1,19,4,112,1,57.8738
75,1,19,5,113,1,
75,1,19,6,114,1,
75,1,20,1,115,1,40.2271
75,1,20,2,116,1,33.8116
75,1,20,3,117,1,59.796
75,1,20,4,118,1,16.9805
75,1,20,5,119,1,
75,1,20,6,120,1,
75,1,21,1,121,1,29.9338
75,1,21,2,122,1,52.1183
75,1,21,3,123,1,60.3027
75,1,21,4,124,1,59.6872
75,1,21,5,125,1,
75,1,21,6,126,1,
75,1,22,1,127,1,31.8405
75,1,22,2,128,1,64.825
75,1,22,3,129,1,53.0094
75,1,22,4,130,1,48.7939
75,1,22,5,131,1,
75,1,22,6,132,1,
75,1,23,1,133,1,64.1472
75,1,23,2,134,1,63.9317
75,1,23,3,135,1,59.3161
75,1,23,4,136,1,62.5006
75,1,23,5,137,1,
75,1,23,6,138,1,
75,1,24,1,139,1,42.6539
75,1,24,2,140,1,50.6383
75,1,24,3,141,1,41.2228
75,1,24,4,142,1,58.8072
75,1,24,5,143,1,
75,1,24,6,144,1,
75,1,25,1,145,1,66.1606
75,1,25,2,146,1,47.745
75,1,25,3,147,1,47.7295
75,1,25,4,148,1,54.7139
75,1,25,5,149,1,
75,1,25,6,150,1,
75,1,26,1,151,1,58.4673
75,1,26,2,152,1,53.8517
75,1,26,3,153,1,
75,1,26,4,154,1,56.0206
75,1,26,5,155,1,
75,1,26,6,156,1,
75,1,27,1,157,1,46.974
75,1,27,2,158,1,53.3584
75,1,27,3,159,1,55.1429
75,1,27,4,160,1,58.5273
75,1,27,5,161,1,
75,1,27,6,162,1,
75,1,28,1,163,1,59.0807
75,1,28,2,164,1,35.2651
75,1,28,3,165,1,49.8496
75,1,28,4,166,1,
75,1,28,5,167,1,
75,1,28,6,168,1,
76,1,1,1,1,0,2.6
76,1,1,2,2,0,6.5844
76,1,1,3,3,0,0
76,1,1,4,4,0,0
76,1,1,5,5,0,
76,1,1,6,6,0,
76,1,2,1,7,0,0
76,1,2,2,8,0,0
76,1,2,3,9,0,0
76,1,2,4,10,0,1.86
76,1,2,5,11,0,
76,1,2,6,12,0,
76,1,3,1,13,0,0
76,1,3,2,14,0,2.9978
76,1,3,3,15,0,0
76,1,3,4,16,0,0
76,1,3,5,17,0,
76,1,3,6,18,0,
76,1,4,1,19,0,19.7201
76,1,4,2,20,0,0
76,1,4,3,21,0,0
76,1,4,4,22,0,
76,1,4,5,23,0,
76,1,4,6,24,0,
76,1,5,1,25,0,0
76,1,5,2,26,0,0
76,1,5,3,27,0,0
76,1,5,4,28,0,7.3801
76,1,5,5,29,0,
76,1,5,6,30,0,
76,1,6,1,31,0,0
76,1,6,2,32,0,0
76,1,6,3,33,0,0
76,1,6,4,34,0,11.6868
76,1,6,5,35,0,
76,1,6,6,36,0,
76,1,7,1,37,0,0
76,1,7,2,38,0,4.6246
76,1,7,3,39,0,25.009
76,1,7,4,40,0,31.7935
76,1,7,5,41,0,
76,1,7,6,42,0,
76,1,8,1,43,0,0
76,1,8,2,44,0,0
76,1,8,3,45,0,0.5157
76,1,8,4,46,0,0.7002
76,1,8,5,47,0,
76,1,8,6,48,0,
76,1,9,1,49,1,0
76,1,9,2,50,1,0
76,1,9,3,51,1,0
76,1,9,4,52,1,0
76,1,9,5,53,1,
76,1,9,6,54,1,
76,1,10,1,55,1,0
76,1,10,2,56,1,0
76,1,10,3,57,1,0
76,1,10,4,58,1,0
76,1,10,5,59,1,
76,1,10,6,60,1,
76,1,11,1,61,1,0
76,1,11,2,62,1,0
76,1,11,3,63,1,7.4358
76,1,11,4,64,1,0
76,1,11,5,65,1,
76,1,11,6,66,1,
76,1,12,1,67,1,0
76,1,12,2,68,1,0.1581
76,1,12,3,69,1,2.7425
76,1,12,4,70,1,0
76,1,12,5,71,1,
76,1,12,6,72,1,
76,1,13,1,73,1,13.6803
76,1,13,2,74,1,1.6647
76,1,13,3,75,1,0
76,1,13,4,76,1,0
76,1,13,5,77,1,
76,1,13,6,78,1,
76,1,14,1,79,1,2.787
76,1,14,2,80,1,0.1714
76,1,14,3,81,1,
76,1,14,4,82,1,0.7403
76,1,14,5,83,1,
76,1,14,6,84,1,
76,1,15,1,85,1,0
76,1,15,2,86,1,0
76,1,15,3,87,1,0
76,1,15,4,88,1,6.247
76,1,15,5,89,1,
76,1,15,6,90,1,
76,1,16,1,91,1,4.0004
76,1,16,2,92,1,9.9848
76,1,16,3,93,1,2.9693
76,1,16,4,94,1,3.1537
76,1,16,5,95,1,
76,1,16,6,96,1,
76,1,17,1,97,1,0
76,1,17,2,98,1,6.6915
76,1,17,3,99,1,0.076
76,1,17,4,100,1,
76,1,17,5,101,1,
76,1,17,6,102,1,
76,1,18,1,103,1,0
76,1,18,2,104,1,0.5982
76,1,18,3,105,1,
76,1,18,4,106,1,5.5671
76,1,18,5,107,1,
76,1,18,6,108,1,
76,1,19,1,109,1,0
76,1,19,2,110,1,0
76,1,19,3,111,1,1.4893
76,1,19,4,112,1,0
76,1,19,5,113,1,
76,1,19,6,114,1,
76,1,20,1,115,1,0
76,1,20,2,116,1,0
76,1,20,3,117,1,5.796
76,1,20,4,118,1,7.1805
76,1,20,5,119,1,
76,1,20,6,120,1,
76,1,21,1,121,1,0
76,1,21,2,122,1,0
76,1,21,3,123,1,3.1027
76,1,21,4,124,1,0
76,1,21,5,125,1,
76,1,21,6,126,1,
76,1,22,1,127,1,6.4405
76,1,22,2,128,1,0
76,1,22,3,129,1,1.0094
76,1,22,4,130,1,2.1939
76,1,22,5,131,1,
76,1,22,6,132,1,
76,1,23,1,133,1,0
76,1,23,2,134,1,7.9317
76,1,23,3,135,1,0
76,1,23,4,136,1,8.1006
76,1,23,5,137,1,
76,1,23,6,138,1,
76,1,24,1,139,1,0
76,1,24,2,140,1,1.2383
76,1,24,3,141,1,10.4228
76,1,24,4,142,1,6.8072
76,1,24,5,143,1,
76,1,24,6,144,1,
76,1,25,1,145,1,4.9606
76,1,25,2,146,1,1.745
76,1,25,3,147,1,9.9295
76,1,25,4,148,1,0.9139
76,1,25,5,149,1,
76,1,25,6,150,1,
76,1,26,1,151,1,0
76,1,26,2,152,1,3.6517
76,1,26,3,153,1,9.6362
76,1,26,4,154,1,6.0206
76,1,26,5,155,1,
76,1,26,6,156,1,
76,1,27,1,157,1,5.374
76,1,27,2,158,1,10.3584
76,1,27,3,159,1,0
76,1,27,4,160,1,0
76,1,27,5,161,1,
76,1,27,6,162,1,
76,1,28,1,163,1,0
76,1,28,2,164,1,0
76,1,28,3,165,1,0
76,1,28,4,166,1,0
76,1,28,5,167,1,
76,1,28,6,168,1,
77,1,1,1,1,0,8.6
77,1,1,2,2,0,12.3844
77,1,1,3,3,0,41.5689
77,1,1,4,4,0,7.1533
77,1,1,5,5,0,
77,1,1,6,6,0,
77,1,2,1,7,0,0
77,1,2,2,8,0,0
77,1,2,3,9,0,6.0756
77,1,2,4,10,0,2.46
77,1,2,5,11,0,
77,1,2,6,12,0,
77,1,3,1,13,0,20.6134
77,1,3,2,14,0,0
77,1,3,3,15,0,
77,1,3,4,16,0,0
77,1,3,5,17,0,
77,1,3,6,18,0,
77,1,4,1,19,0,0
77,1,4,2,20,0,0
77,1,4,3,21,0,0
77,1,4,4,22,0,0
77,1,4,5,23,0,
77,1,4,6,24,0,
77,1,5,1,25,0,0
77,1,5,2,26,0,0
77,1,5,3,27,0,0
77,1,5,4,28,0,10.1801
77,1,5,5,29,0,
77,1,5,6,30,0,
77,1,6,1,31,0,0
77,1,6,2,32,0,0
77,1,6,3,33,0,0
77,1,6,4,34,0,0
77,1,6,5,35,0,
77,1,6,6,36,0,
77,1,7,1,37,0,1.4401
77,1,7,2,38,0,0
77,1,7,3,39,0,0
77,1,7,4,40,0,1.1935
77,1,7,5,41,0,
77,1,7,6,42,0,
77,1,8,1,43,0,0.7468
77,1,8,2,44,0,0
77,1,8,3,45,0,0
77,1,8,4,46,0,0.5002
77,1,8,5,47,0,
77,1,8,6,48,0,
77,1,9,1,49,1,0
77,1,9,2,50,1,0.638
77,1,9,3,51,1,0
77,1,9,4,52,1,0
77,1,9,5,53,1,
77,1,9,6,54,1,
77,1,10,1,55,1,6.9602
77,1,10,2,56,1,0
77,1,10,3,57,1,1.7291
77,1,10,4,58,1,0
77,1,10,5,59,1,
77,1,10,6,60,1,
77,1,11,1,61,1,0
77,1,11,2,62,1,1.4514
77,1,11,3,63,1,4.2358
77,1,11,4,64,1,0
77,1,11,5,65,1,
77,1,11,6,66,1,
77,1,12,1,67,1,0
77,1,12,2,68,1,0
77,1,12,3,69,1,0.3425
77,1,12,4,70,1,0
77,1,12,5,71,1,
77,1,12,6,72,1,
77,1,13,1,73,1,0
77,1,13,2,74,1,0
77,1,13,3,75,1,0
77,1,13,4,76,1,0.6336
77,1,13,5,77,1,
77,1,13,6,78,1,
77,1,14,1,79,1,0
77,1,14,2,80,1,0
77,1,14,3,81,1,0
77,1,14,4,82,1,0
77,1,14,5,83,1,
77,1,14,6,84,1,
77,1,15,1,85,1,0
77,1,15,2,86,1,0
77,1,15,3,87,1,6.6626
77,1,15,4,88,1,0
77,1,15,5,89,1,
77,1,15,6,90,1,
77,1,16,1,91,1,1.0004
77,1,16,2,92,1,3.1848
77,1,16,3,93,1,1.7693
77,1,16,4,94,1,0
77,1,16,5,95,1,
77,1,16,6,96,1,
77,1,17,1,97,1,
77,1,17,2,98,1,9.4915
77,1,17,3,99,1,6.276
77,1,17,4,100,1,0
77,1,17,5,101,1,
77,1,17,6,102,1,
77,1,18,1,103,1,0
77,1,18,2,104,1,0
77,1,18,3,105,1,0
77,1,18,4,106,1,1.1671
77,1,18,5,107,1,
77,1,18,6,108,1,
77,1,19,1,109,1,0
77,1,19,2,110,1,9.9049
77,1,19,3,111,1,0.0893
77,1,19,4,112,1,0
77,1,19,5,113,1,
77,1,19,6,114,1,
77,1,20,1,115,1,0
77,1,20,2,116,1,3.4116
77,1,20,3,117,1,0
77,1,20,4,118,1,0
77,1,20,5,119,1,
77,1,20,6,120,1,
77,1,21,1,121,1,0
77,1,21,2,122,1,0
77,1,21,3,123,1,0
77,1,21,4,124,1,0
77,1,21,5,125,1,
77,1,21,6,126,1,
77,1,22,1,127,1,3.0405
77,1,22,2,128,1,1.025
77,1,22,3,129,1,0.0094
77,1,22,4,130,1,0
77,1,22,5,131,1,
77,1,22,6,132,1,
77,1,23,1,133,1,0
77,1,23,2,134,1,0
77,1,23,3,135,1,6.5161
77,1,23,4,136,1,0
77,1,23,5,137,1,
77,1,23,6,138,1,
77,1,24,1,139,1,0.4539
77,1,24,2,140,1,1.6383
77,1,24,3,141,1,0
77,1,24,4,142,1,0
77,1,24,5,143,1,
77,1,24,6,144,1,
77,1,25,1,145,1,0
77,1,25,2,146,1,0
77,1,25,3,147,1,0
77,1,25,4,148,1,0
77,1,25,5,149,1,
77,1,25,6,150,1,
77,1,26,1,151,1,0
77,1,26,2,152,1,0
77,1,26,3,153,1,0
77,1,26,4,154,1,0.2206
77,1,26,5,155,1,
77,1,26,6,156,1,
77,1,27,1,157,1,4.774
77,1,27,2,158,1,
77,1,27,3,159,1,0
77,1,27,4,160,1,0
77,1,27,5,161,1,
77,1,27,6,162,1,
77,1,28,1,163,1,0
77,1,28,2,164,1,0
77,1,28,3,165,1,0
77,1,28,4,166,1,0
77,1,28,5,167,1,
77,1,28,6,168,1,
78,1,1,1,1,0,18
78,1,1,2,2,0,11.1844
78,1,1,3,3,0,57.5689
78,1,1,4,4,0,76.1533
78,1,1,5,5,0,
78,1,1,6,6,0,
78,1,2,1,7,0,9.5067
78,1,2,2,8,0,10.0911
78,1,2,3,9,0,0
78,1,2,4,10,0,0
78,1,2,5,11,0,
78,1,2,6,12,0,
78,1,3,1,13,0,36.0134
78,1,3,2,14,0,55.7978
78,1,3,3,15,0,60.9823
78,1,3,4,16,0,22.5667
78,1,3,5,17,0,
78,1,3,6,18,0,
78,1,4,1,19,0,44.9201
78,1,4,2,20,0,42.1045
78,1,4,3,21,0,48.689
78,1,4,4,22,0,9.0734
78,1,4,5,23,0,
78,1,4,6,24,0,
78,1,5,1,25,0,63.0268
78,1,5,2,26,0,16.2112
78,1,5,3,27,0,45.5957
78,1,5,4,28,0,32.3801
78,1,5,5,29,0,
78,1,5,6,30,0,
78,1,6,1,31,0,5.3335
78,1,6,2,32,0,6.5179
78,1,6,3,33,0,33.9024
78,1,6,4,34,0,25.0868
78,1,6,5,35,0,
78,1,6,6,36,0,
78,1,7,1,37,0,0
78,1,7,2,38,0,16.2246
78,1,7,3,39,0,45.809
78,1,7,4,40,0,10.5935
78,1,7,5,41,0,
78,1,7,6,42,0,
78,1,8,1,43,0,3.7468
78,1,8,2,44,0,21.3313
78,1,8,3,45,0,12.9157
78,1,8,4,46,0,50.5002
78,1,8,5,47,0,
78,1,8,6,48,0,
78,1,9,1,49,1,11.2535
78,1,9,2,50,1,9.238
78,1,9,3,51,1,
78,1,9,4,52,1,45.8069
78,1,9,5,53,1,
78,1,9,6,54,1,
78,1,10,1,55,1,0.7602
78,1,10,2,56,1,7.7447
78,1,10,3,57,1,46.5291
78,1,10,4,58,1,28.9136
78,1,10,5,59,1,
78,1,10,6,60,1,
78,1,11,1,61,1,5.2669
78,1,11,2,62,1,22.0514
78,1,11,3,63,1,5.2358
78,1,11,4,64,1,12.8203
78,1,11,5,65,1,
78,1,11,6,66,1,
78,1,12,1,67,1,0
78,1,12,2,68,1,8.5581
78,1,12,3,69,1,
78,1,12,4,70,1,36.327
78,1,12,5,71,1,
78,1,12,6,72,1,
78,1,13,1,73,1,1.4803
78,1,13,2,74,1,26.0647
78,1,13,3,75,1,
78,1,13,4,76,1,0
78,1,13,5,77,1,
78,1,13,6,78,1,
78,1,14,1,79,1,
78,1,14,2,80,1,8.1714
78,1,14,3,81,1,0
78,1,14,4,82,1,8.5403
78,1,14,5,83,1,
78,1,14,6,84,1,
78,1,15,1,85,1,6.8937
78,1,15,2,86,1,21.6781
78,1,15,3,87,1,7.8626
78,1,15,4,88,1,
78,1,15,5,89,1,
78,1,15,6,90,1,
78,1,16,1,91,1,0
78,1,16,2,92,1,3.9848
78,1,16,3,93,1,3.5693
78,1,16,4,94,1,0.1537
78,1,16,5,95,1,
78,1,16,6,96,1,
78,1,17,1,97,1,2.1071
78,1,17,2,98,1,2.6915
78,1,17,3,99,1,5.276
78,1,17,4,100,1,18.6604
78,1,17,5,101,1,
78,1,17,6,102,1,
78,1,18,1,103,1,2.0138
78,1,18,2,104,1,0.9982
78,1,18,3,105,1,6.7826
78,1,18,4,106,1,
78,1,18,5,107,1,
78,1,18,6,108,1,
78,1,19,1,109,1,0
78,1,19,2,110,1,9.1049
78,1,19,3,111,1,7.2893
78,1,19,4,112,1,22.6738
78,1,19,5,113,1,
78,1,19,6,114,1,
78,1,20,1,115,1,28.8271
78,1,20,2,116,1,17.2116
78,1,20,3,117,1,25.596
78,1,20,4,118,1,15.9805
78,1,20,5,119,1,
78,1,20,6,120,1,
78,1,21,1,121,1,1.3338
78,1,21,2,122,1,7.1183
78,1,21,3,123,1,5.9027
78,1,21,4,124,1,29.2872
78,1,21,5,125,1,
78,1,21,6,126,1,
78,1,22,1,127,1,11.0405
78,1,22,2,128,1,6.625
78,1,22,3,129,1,13.6094
78,1,22,4,130,1,21.9939
78,1,22,5,131,1,
78,1,22,6,132,1,
78,1,23,1,133,1,23.7472
78,1,23,2,134,1,8.1317
78,1,23,3,135,1,10.9161
78,1,23,4,136,1,
78,1,23,5,137,1,
78,1,23,6,138,1,
78,1,24,1,139,1,23.8539
78,1,24,2,140,1,8.2383
78,1,24,3,141,1,8.6228
78,1,24,4,142,1,11.8072
78,1,24,5,143,1,
78,1,24,6,144,1,
78,1,25,1,145,1,11.7606
78,1,25,2,146,1,21.745
78,1,25,3,147,1,0.3295
78,1,25,4,148,1,12.5139
78,1,25,5,149,1,
78,1,25,6,150,1,
78,1,26,1,151,1,7.0673
78,1,26,2,152,1,12.2517
78,1,26,3,153,1,
78,1,26,4,154,1,6.2206
78,1,26,5,155,1,
78,1,26,6,156,1,
78,1,27,1,157,1,
78,1,27,2,158,1,29.5584
78,1,27,3,159,1,57.1429
78,1,27,4,160,1,47.7273
78,1,27,5,161,1,
78,1,27,6,162,1,
78,1,28,1,163,1,28.0807
78,1,28,2,164,1,23.0651
78,1,28,3,165,1,9.4496
78,1,28,4,166,1,19.434
78,1,28,5,167,1,
78,1,28,6,168,1,
79,1,1,1,1,0,5.8
79,1,1,2,2,0,8.5844
79,1,1,3,3,0,12.5689
79,1,1,4,4,0,6.3533
79,1,1,5,5,0,
79,1,1,6,6,0,
79,1,2,1,7,0,
79,1,2,2,8,0,9.6911
79,1,2,3,9,0,16.6756
79,1,2,4,10,0,43.06
79,1,2,5,11,0,
79,1,2,6,12,0,
79,1,3,1,13,0,17.4134
79,1,3,2,14,0,49.7978
79,1,3,3,15,0,33.5823
79,1,3,4,16,0,43.1667
79,1,3,5,17,0,
79,1,3,6,18,0,
79,1,4,1,19,0,34.7201
79,1,4,2,20,0,45.3045
79,1,4,3,21,0,34.289
79,1,4,4,22,0,44.8734
79,1,4,5,23,0,
79,1,4,6,24,0,
79,1,5,1,25,0,17.2268
79,1,5,2,26,0,42.4112
79,1,5,3,27,0,53.5957
79,1,5,4,28,0,48.7801
79,1,5,5,29,0,
79,1,5,6,30,0,
79,1,6,1,31,0,34.3335
79,1,6,2,32,0,30.5179
79,1,6,3,33,0,15.9024
79,1,6,4,34,0,23.2868
79,1,6,5,35,0,
79,1,6,6,36,0,
79,1,7,1,37,0,45.6401
79,1,7,2,38,0,44.6246
79,1,7,3,39,0,65.209
79,1,7,4,40,0,46.9935
79,1,7,5,41,0,
79,1,7,6,42,0,
79,1,8,1,43,0,67.7468
79,1,8,2,44,0,48.1313
79,1,8,3,45,0,26.1157
79,1,8,4,46,0,
79,1,8,5,47,0,
79,1,8,6,48,0,
79,1,9,1,49,1,54.6535
79,1,9,2,50,1,31.638
79,1,9,3,51,1,45.8224
79,1,9,4,52,1,49.6069
79,1,9,5,53,1,
79,1,9,6,54,1,
79,1,10,1,55,1,30.1602
79,1,10,2,56,1,62.7447
79,1,10,3,57,1,28.1291
79,1,10,4,58,1,33.3136
79,1,10,5,59,1,
79,1,10,6,60,1,
79,1,11,1,61,1,35.2669
79,1,11,2,62,1,28.0514
79,1,11,3,63,1,56.4358
79,1,11,4,64,1,69.8203
79,1,11,5,65,1,
79,1,11,6,66,1,
79,1,12,1,67,1,37.7736
79,1,12,2,68,1,50.3581
79,1,12,3,69,1,50.5425
79,1,12,4,70,1,41.127
79,1,12,5,71,1,
79,1,12,6,72,1,
79,1,13,1,73,1,53.4803
79,1,13,2,74,1,16.4647
79,1,13,3,75,1,37.2492
79,1,13,4,76,1,44.8336
79,1,13,5,77,1,
79,1,13,6,78,1,
79,1,14,1,79,1,16.987
79,1,14,2,80,1,47.3714
79,1,14,3,81,1,34.1559
79,1,14,4,82,1,31.1403
79,1,14,5,83,1,
79,1,14,6,84,1,
79,1,15,1,85,1,32.6937
79,1,15,2,86,1,50.0781
79,1,15,3,87,1,49.4626
79,1,15,4,88,1,32.447
79,1,15,5,89,1,
79,1,15,6,90,1,
79,1,16,1,91,1,64.0004
79,1,16,2,92,1,33.9848
79,1,16,3,93,1,49.9693
79,1,16,4,94,1,45.7537
79,1,16,5,95,1,
79,1,16,6,96,1,
79,1,17,1,97,1,33.7071
79,1,17,2,98,1,
79,1,17,3,99,1,49.076
79,1,17,4,100,1,22.2604
79,1,17,5,101,1,
79,1,17,6,102,1,
79,1,18,1,103,1,53.4138
79,1,18,2,104,1,20.7982
79,1,18,3,105,1,34.3826
79,1,18,4,106,1,34.3671
79,1,18,5,107,1,
79,1,18,6,108,1,
79,1,19,1,109,1,20.7204
79,1,19,2,110,1,
79,1,19,3,111,1,56.0893
79,1,19,4,112,1,26.6738
79,1,19,5,113,1,
79,1,19,6,114,1,
79,1,20,1,115,1,
79,1,20,2,116,1,33.4116
79,1,20,3,117,1,38.396
79,1,20,4,118,1,39.3805
79,1,20,5,119,1,
79,1,20,6,120,1,
79,1,21,1,121,1,15.7338
79,1,21,2,122,1,20.7183
79,1,21,3,123,1,22.3027
79,1,21,4,124,1,31.6872
79,1,21,5,125,1,
79,1,21,6,126,1,
79,1,22,1,127,1,22.6405
79,1,22,2,128,1,22.225
79,1,22,3,129,1,12.0094
79,1,22,4,130,1,20.3939
79,1,22,5,131,1,
79,1,22,6,132,1,
79,1,23,1,133,1,26.5472
79,1,23,2,134,1,16.5317
79,1,23,3,135,1,16.9161
79,1,23,4,136,1,28.1006
79,1,23,5,137,1,
79,1,23,6,138,1,
79,1,24,1,139,1,25.6539
79,1,24,2,140,1,23.4383
79,1,24,3,141,1,15.2228
79,1,24,4,142,1,36.6072
79,1,24,5,143,1,
79,1,24,6,144,1,
79,1,25,1,145,1,15.3606
79,1,25,2,146,1,32.545
79,1,25,3,147,1,17.5295
79,1,25,4,148,1,18.9139
79,1,25,5,149,1,
79,1,25,6,150,1,
79,1,26,1,151,1,21.6673
79,1,26,2,152,1,20.2517
79,1,26,3,153,1,12.0362
79,1,26,4,154,1,16.6206
79,1,26,5,155,1,
79,1,26,6,156,1,
79,1,27,1,157,1,
79,1,27,2,158,1,8.9584
79,1,27,3,159,1,32.9429
79,1,27,4,160,1,
79,1,27,5,161,1,
79,1,27,6,162,1,
79,1,28,1,163,1,9.0807
79,1,28,2,164,1,45.0651
79,1,28,3,165,1,25.8496
79,1,28,4,166,1,29.434
79,1,28,5,167,1,
79,1,28,6,168,1,
80,1,1,1,1,0,28
80,1,1,2,2,0,14.5844
80,1,1,3,3,0,14.1689
80,1,1,4,4,0,25.7533
80,1,1,5,5,0,
80,1,1,6,6,0,
80,1,2,1,7,0,25.9067
80,1,2,2,8,0,24.8911
80,1,2,3,9,0,15.0756
80,1,2,4,10,0,17.86
80,1,2,5,11,0,
80,1,2,6,12,0,
80,1,3,1,13,0,14.0134
80,1,3,2,14,0,11.9978
80,1,3,3,15,0,11.3823
80,1,3,4,16,0,4.1667
80,1,3,5,17,0,
80,1,3,6,18,0,
80,1,4,1,19,0,10.1201
80,1,4,2,20,0,5.5045
80,1,4,3,21,0,10.689
80,1,4,4,22,0,11.2734
80,1,4,5,23,0,
80,1,4,6,24,0,
80,1,5,1,25,0,
80,1,5,2,26,0,11.2112
80,1,5,3,27,0,7.1957
80,1,5,4,28,0,9.7801
80,1,5,5,29,0,
80,1,5,6,30,0,
80,1,6,1,31,0,11.1335
80,1,6,2,32,0,6.1179
80,1,6,3,33,0,7.1024
80,1,6,4,34,0,7.8868
80,1,6,5,35,0,
80,1,6,6,36,0,
80,1,7,1,37,0,31.6401
80,1,7,2,38,0,18.2246
80,1,7,3,39,0,8.609
80,1,7,4,40,0,8.7935
80,1,7,5,41,0,
80,1,7,6,42,0,
80,1,8,1,43,0,19.1468
80,1,8,2,44,0,10.5313
80,1,8,3,45,0,10.7157
80,1,8,4,46,0,8.7002
80,1,8,5,47,0,
80,1,8,6,48,0,
80,1,9,1,49,1,35.8535
80,1,9,2,50,1,8.438
80,1,9,3,51,1,9.2224
80,1,9,4,52,1,6.6069
80,1,9,5,53,1,
80,1,9,6,54,1,
80,1,10,1,55,1,22.1602
80,1,10,2,56,1,7.1447
80,1,10,3,57,1,35.1291
80,1,10,4,58,1,7.9136
80,1,10,5,59,1,
80,1,10,6,60,1,
80,1,11,1,61,1,12.6669
80,1,11,2,62,1,4.6514
80,1,11,3,63,1,4.6358
80,1,11,4,64,1,0.8203
80,1,11,5,65,1,
80,1,11,6,66,1,
80,1,12,1,67,1,13.5736
80,1,12,2,68,1,6.7581
80,1,12,3,69,1,4.1425
80,1,12,4,70,1,3.127
80,1,12,5,71,1,
80,1,12,6,72,1,
80,1,13,1,73,1,17.4803
80,1,13,2,74,1,1.4647
80,1,13,3,75,1,3.0492
80,1,13,4,76,1,0.0336
80,1,13,5,77,1,
80,1,13,6,78,1,
80,1,14,1,79,1,11.987
80,1,14,2,80,1,0
80,1,14,3,81,1,0
80,1,14,4,82,1,0
80,1,14,5,83,1,
80,1,14,6,84,1,
80,1,15,1,85,1,3.4937
80,1,15,2,86,1,0
80,1,15,3,87,1,0
80,1,15,4,88,1,0
80,1,15,5,89,1,
80,1,15,6,90,1,
80,1,16,1,91,1,3.0004
80,1,16,2,92,1,0
80,1,16,3,93,1,0
80,1,16,4,94,1,0
80,1,16,5,95,1,
80,1,16,6,96,1,
80,1,17,1,97,1,0
80,1,17,2,98,1,0
80,1,17,3,99,1,0
80,1,17,4,100,1,0
80,1,17,5,101,1,
80,1,17,6,102,1,
80,1,18,1,103,1,2.4138
80,1,18,2,104,1,0
80,1,18,3,105,1,0
80,1,18,4,106,1,0
80,1,18,5,107,1,
80,1,18,6,108,1,
80,1,19,1,109,1,
80,1,19,2,110,1,0
80,1,19,3,111,1,0
80,1,19,4,112,1,0
80,1,19,5,113,1,
80,1,19,6,114,1,
80,1,20,1,115,1,0.6271
80,1,20,2,116,1,0
80,1,20,3,117,1,0
80,1,20,4,118,1,0
80,1,20,5,119,1,
80,1,20,6,120,1,
80,1,21,1,121,1,11.1338
80,1,21,2,122,1,0
80,1,21,3,123,1,0
80,1,21,4,124,1,0
80,1,21,5,125,1,
80,1,21,6,126,1,
80,1,22,1,127,1,10.4405
80,1,22,2,128,1,0
80,1,22,3,129,1,0
80,1,22,4,130,1,4.1939
80,1,22,5,131,1,
80,1,22,6,132,1,
80,1,23,1,133,1,12.7472
80,1,23,2,134,1,0
80,1,23,3,135,1,0
80,1,23,4,136,1,4.1006
80,1,23,5,137,1,
80,1,23,6,138,1,
80,1,24,1,139,1,6.4539
80,1,24,2,140,1,0
80,1,24,3,141,1,0
80,1,24,4,142,1,0
80,1,24,5,143,1,
80,1,24,6,144,1,
80,1,25,1,145,1,5.5606
80,1,25,2,146,1,0
80,1,25,3,147,1,0
80,1,25,4,148,1,8.9139
80,1,25,5,149,1,
80,1,25,6,150,1,
80,1,26,1,151,1,2.4673
80,1,26,2,152,1,0
80,1,26,3,153,1,0
80,1,26,4,154,1,0
80,1,26,5,155,1,
80,1,26,6,156,1,
80,1,27,1,157,1,3.174
80,1,27,2,158,1,0
80,1,27,3,159,1,0
80,1,27,4,160,1,0
80,1,27,5,161,1,
80,1,27,6,162,1,
80,1,28,1,163,1,6.6807
80,1,28,2,164,1,0
80,1,28,3,165,1,0
80,1,28,4,166,1,0
80,1,28,5,167,1,
80,1,28,6,168,1,
81,1,1,1,1,0,0
81,1,1,2,2,0,1.5844
81,1,1,3,3,0,7.9689
81,1,1,4,4,0,8.1533
81,1,1,5,5,0,
81,1,1,6,6,0,
81,1,2,1,7,0,0
81,1,2,2,8,0,16.2911
81,1,2,3,9,0,7.8756
81,1,2,4,10,0,8.26
81,1,2,5,11,0,
81,1,2,6,12,0,
81,1,3,1,13,0,21.2134
81,1,3,2,14,0,0
81,1,3,3,15,0,0
81,1,3,4,16,0,0
81,1,3,5,17,0,
81,1,3,6,18,0,
81,1,4,1,19,0,0
81,1,4,2,20,0,8.7045
81,1,4,3,21,0,3.489
81,1,4,4,22,0,5.2734
81,1,4,5,23,0,
81,1,4,6,24,0,
81,1,5,1,25,0,8.8268
81,1,5,2,26,0,5.6112
81,1,5,3,27,0,0
81,1,5,4,28,0,0
81,1,5,5,29,0,
81,1,5,6,30,0,
81,1,6,1,31,0,0
81,1,6,2,32,0,13.7179
81,1,6,3,33,0,13.9024
81,1,6,4,34,0,4.2868
81,1,6,5,35,0,
81,1,6,6,36,0,
81,1,7,1,37,0,
81,1,7,2,38,0,0
81,1,7,3,39,0,0
81,1,7,4,40,0,10.5935
81,1,7,5,41,0,
81,1,7,6,42,0,
81,1,8,1,43,0,3.5468
81,1,8,2,44,0,2.5313
81,1,8,3,45,0,32.5157
81,1,8,4,46,0,0
81,1,8,5,47,0,
81,1,8,6,48,0,
81,1,9,1,49,1,13.2535
81,1,9,2,50,1,0
81,1,9,3,51,1,0
81,1,9,4,52,1,0
81,1,9,5,53,1,
81,1,9,6,54,1,
81,1,10,1,55,1,33.5602
81,1,10,2,56,1,0
81,1,10,3,57,1,
81,1,10,4,58,1,0
81,1,10,5,59,1,
81,1,10,6,60,1,
81,1,11,1,61,1,0
81,1,11,2,62,1,0
81,1,11,3,63,1,0
81,1,11,4,64,1,24.4203
81,1,11,5,65,1,
81,1,11,6,66,1,
81,1,12,1,67,1,
81,1,12,2,68,1,0
81,1,12,3,69,1,10.5425
81,1,12,4,70,1,0
81,1,12,5,71,1,
81,1,12,6,72,1,
81,1,13,1,73,1,0
81,1,13,2,74,1,0
81,1,13,3,75,1,0
81,1,13,4,76,1,0
81,1,13,5,77,1,
81,1,13,6,78,1,
81,1,14,1,79,1,
81,1,14,2,80,1,0
81,1,14,3,81,1,0.1559
81,1,14,4,82,1,7.9403
81,1,14,5,83,1,
81,1,14,6,84,1,
81,1,15,1,85,1,14.0937
81,1,15,2,86,1,8.4781
81,1,15,3,87,1,16.8626
81,1,15,4,88,1,9.447
81,1,15,5,89,1,
81,1,15,6,90,1,
81,1,16,1,91,1,0.6004
81,1,16,2,92,1,5.7848
81,1,16,3,93,1,8.3693
81,1,16,4,94,1,0
81,1,16,5,95,1,
81,1,16,6,96,1,
81,1,17,1,97,1,2.1071
81,1,17,2,98,1,0
81,1,17,3,99,1,18.476
81,1,17,4,100,1,5.8604
81,1,17,5,101,1,
81,1,17,6,102,1,
81,1,18,1,103,1,
81,1,18,2,104,1,0
81,1,18,3,105,1,0
81,1,18,4,106,1,1.7671
81,1,18,5,107,1,
81,1,18,6,108,1,
81,1,19,1,109,1,0
81,1,19,2,110,1,0
81,1,19,3,111,1,0
81,1,19,4,112,1,0
81,1,19,5,113,1,
81,1,19,6,114,1,
81,1,20,1,115,1,0
81,1,20,2,116,1,0
81,1,20,3,117,1,0
81,1,20,4,118,1,22.7805
81,1,20,5,119,1,
81,1,20,6,120,1,
81,1,21,1,121,1,0
81,1,21,2,122,1,
81,1,21,3,123,1,0
81,1,21,4,124,1,0
81,1,21,5,125,1,
81,1,21,6,126,1,
81,1,22,1,127,1,9.2405
81,1,22,2,128,1,0
81,1,22,3,129,1,
81,1,22,4,130,1,0
81,1,22,5,131,1,
81,1,22,6,132,1,
81,1,23,1,133,1,
81,1,23,2,134,1,0
81,1,23,3,135,1,0
81,1,23,4,136,1,0
81,1,23,5,137,1,
81,1,23,6,138,1,
81,1,24,1,139,1,0
81,1,24,2,140,1,2.8383
81,1,24,3,141,1,28.4228
81,1,24,4,142,1,0
81,1,24,5,143,1,
81,1,24,6,144,1,
81,1,25,1,145,1,0
81,1,25,2,146,1,38.545
81,1,25,3,147,1,3.9295
81,1,25,4,148,1,16.1139
81,1,25,5,149,1,
81,1,25,6,150,1,
81,1,26,1,151,1,0
81,1,26,2,152,1,43.8517
81,1,26,3,153,1,29.8362
81,1,26,4,154,1,0
81,1,26,5,155,1,
81,1,26,6,156,1,
81,1,27,1,157,1,11.774
81,1,27,2,158,1,0
81,1,27,3,159,1,0
81,1,27,4,160,1,4.9273
81,1,27,5,161,1,
81,1,27,6,162,1,
81,1,28,1,163,1,
81,1,28,2,164,1,10.2651
81,1,28,3,165,1,7.0496
81,1,28,4,166,1,0
81,1,28,5,167,1,
81,1,28,6,168,1,
82,0,1,1,1,0,10.8
82,0,1,2,2,0,2.1844
82,0,1,3,3,0,0
82,0,1,4,4,0,0
82,0,1,5,5,0,
82,0,1,6,6,0,
82,0,2,1,7,0,0
82,0,2,2,8,0,0
82,0,2,3,9,0,0.2756
82,0,2,4,10,0,1.66
82,0,2,5,11,0,
82,0,2,6,12,0,
82,0,3,1,13,0,0
82,0,3,2,14,0,3.3978
82,0,3,3,15,0,2.5823
82,0,3,4,16,0,0.3667
82,0,3,5,17,0,
82,0,3,6,18,0,
82,0,4,1,19,0,1.9201
82,0,4,2,20,0,3.7045
82,0,4,3,21,0,3.089
82,0,4,4,22,0,5.0734
82,0,4,5,23,0,
82,0,4,6,24,0,
82,0,5,1,25,0,2.6268
82,0,5,2,26,0,0
82,0,5,3,27,0,1.9957
82,0,5,4,28,0,1.1801
82,0,5,5,29,0,
82,0,5,6,30,0,
82,0,6,1,31,0,1.9335
82,0,6,2,32,0,6.7179
82,0,6,3,33,0,4.5024
82,0,6,4,34,0,6.0868
82,0,6,5,35,0,
82,0,6,6,36,0,
82,0,7,1,37,0,0
82,0,7,2,38,0,0
82,0,7,3,39,0,0
82,0,7,4,40,0,0
82,0,7,5,41,0,
82,0,7,6,42,0,
82,0,8,1,43,0,0.9468
82,0,8,2,44,0,6.3313
82,0,8,3,45,0,0
82,0,8,4,46,0,0
82,0,8,5,47,0,
82,0,8,6,48,0,
82,0,9,1,49,1,2.4535
82,0,9,2,50,1,2.038
82,0,9,3,51,1,0
82,0,9,4,52,1,0.6069
82,0,9,5,53,1,
82,0,9,6,54,1,
82,0,10,1,55,1,3.5602
82,0,10,2,56,1,3.5447
82,0,10,3,57,1,2.7291
82,0,10,4,58,1,0.7136
82,0,10,5,59,1,
82,0,10,6,60,1,
82,0,11,1,61,1,0.8669
82,0,11,2,62,1,1.0514
82,0,11,3,63,1,3.0358
82,0,11,4,64,1,1.2203
82,0,11,5,65,1,
82,0,11,6,66,1,
82,0,12,1,67,1,0
82,0,12,2,68,1,3.9581
82,0,12,3,69,1,0
82,0,12,4,70,1,0
82,0,12,5,71,1,
82,0,12,6,72,1,
82,0,13,1,73,1,0
82,0,13,2,74,1,0
82,0,13,3,75,1,0
82,0,13,4,76,1,0.0336
82,0,13,5,77,1,
82,0,13,6,78,1,
82,0,14,1,79,1,0.387
82,0,14,2,80,1,1.1714
82,0,14,3,81,1,0
82,0,14,4,82,1,0.7403
82,0,14,5,83,1,
82,0,14,6,84,1,
82,0,15,1,85,1,0
82,0,15,2,86,1,0
82,0,15,3,87,1,0
82,0,15,4,88,1,0
82,0,15,5,89,1,
82,0,15,6,90,1,
82,0,16,1,91,1,0
82,0,16,2,92,1,8.1848
82,0,16,3,93,1,6.7693
82,0,16,4,94,1,0
82,0,16,5,95,1,
82,0,16,6,96,1,
82,0,17,1,97,1,0
82,0,17,2,98,1,4.2915
82,0,17,3,99,1,1.876
82,0,17,4,100,1,0
82,0,17,5,101,1,
82,0,17,6,102,1,
82,0,18,1,103,1,0
82,0,18,2,104,1,0.7982
82,0,18,3,105,1,0
82,0,18,4,106,1,0
82,0,18,5,107,1,
82,0,18,6,108,1,
82,0,19,1,109,1,0
82,0,19,2,110,1,3.3049
82,0,19,3,111,1,0
82,0,19,4,112,1,0
82,0,19,5,113,1,
82,0,19,6,114,1,
82,0,20,1,115,1,2.6271
82,0,20,2,116,1,0
82,0,20,3,117,1,0
82,0,20,4,118,1,3.5805
82,0,20,5,119,1,
82,0,20,6,120,1,
82,0,21,1,121,1,0
82,0,21,2,122,1,0
82,0,21,3,123,1,0
82,0,21,4,124,1,0
82,0,21,5,125,1,
82,0,21,6,126,1,
82,0,22,1,127,1,0
82,0,22,2,128,1,0
82,0,22,3,129,1,0
82,0,22,4,130,1,0.5939
82,0,22,5,131,1,
82,0,22,6,132,1,
82,0,23,1,133,1,2.5472
82,0,23,2,134,1,0.3317
82,0,23,3,135,1,0
82,0,23,4,136,1,0
82,0,23,5,137,1,
82,0,23,6,138,1,
82,0,24,1,139,1,0
82,0,24,2,140,1,0
82,0,24,3,141,1,0
82,0,24,4,142,1,0
82,0,24,5,143,1,
82,0,24,6,144,1,
82,0,25,1,145,1,0
82,0,25,2,146,1,0
82,0,25,3,147,1,0
82,0,25,4,148,1,0
82,0,25,5,149,1,
82,0,25,6,150,1,
82,0,26,1,151,1,0
82,0,26,2,152,1,0
82,0,26,3,153,1,0
82,0,26,4,154,1,0
82,0,26,5,155,1,
82,0,26,6,156,1,
82,0,27,1,157,1,0
82,0,27,2,158,1,0
82,0,27,3,159,1,0.1429
82,0,27,4,160,1,0
82,0,27,5,161,1,
82,0,27,6,162,1,
82,0,28,1,163,1,0
82,0,28,2,164,1,0
82,0,28,3,165,1,0
82,0,28,4,166,1,0
82,0,28,5,167,1,
82,0,28,6,168,1,
83,0,1,1,1,0,10
83,0,1,2,2,0,10.3844
83,0,1,3,3,0,6.9689
83,0,1,4,4,0,11.3533
83,0,1,5,5,0,
83,0,1,6,6,0,
83,0,2,1,7,0,15.1067
83,0,2,2,8,0,42.4911
83,0,2,3,9,0,25.0756
83,0,2,4,10,0,14.86
83,0,2,5,11,0,
83,0,2,6,12,0,
83,0,3,1,13,0,7.8134
83,0,3,2,14,0,11.3978
83,0,3,3,15,0,10.9823
83,0,3,4,16,0,12.9667
83,0,3,5,17,0,
83,0,3,6,18,0,
83,0,4,1,19,0,9.1201
83,0,4,2,20,0,7.1045
83,0,4,3,21,0,5.489
83,0,4,4,22,0,4.6734
83,0,4,5,23,0,
83,0,4,6,24,0,
83,0,5,1,25,0,12.2268
83,0,5,2,26,0,7.6112
83,0,5,3,27,0,21.9957
83,0,5,4,28,0,18.5801
83,0,5,5,29,0,
83,0,5,6,30,0,
83,0,6,1,31,0,41.7335
83,0,6,2,32,0,21.3179
83,0,6,3,33,0,11.9024
83,0,6,4,34,0,18.2868
83,0,6,5,35,0,
83,0,6,6,36,0,
83,0,7,1,37,0,8.6401
83,0,7,2,38,0,10.6246
83,0,7,3,39,0,8.809
83,0,7,4,40,0,13.3935
83,0,7,5,41,0,
83,0,7,6,42,0,
83,0,8,1,43,0,10.1468
83,0,8,2,44,0,13.5313
83,0,8,3,45,0,10.9157
83,0,8,4,46,0,36.9002
83,0,8,5,47,0,
83,0,8,6,48,0,
83,0,9,1,49,1,9.6535
83,0,9,2,50,1,8.438
83,0,9,3,51,1,12.0224
83,0,9,4,52,1,31.0069
83,0,9,5,53,1,
83,0,9,6,54,1,
83,0,10,1,55,1,10.5602
83,0,10,2,56,1,3.3447
83,0,10,3,57,1,5.3291
83,0,10,4,58,1,29.5136
83,0,10,5,59,1,
83,0,10,6,60,1,
83,0,11,1,61,1,27.4669
83,0,11,2,62,1,8.0514
83,0,11,3,63,1,4.8358
83,0,11,4,64,1,11.0203
83,0,11,5,65,1,
83,0,11,6,66,1,
83,0,12,1,67,1,5.1736
83,0,12,2,68,1,7.1581
83,0,12,3,69,1,6.3425
83,0,12,4,70,1,23.127
83,0,12,5,71,1,
83,0,12,6,72,1,
83,0,13,1,73,1,11.6803
83,0,13,2,74,1,20.4647
83,0,13,3,75,1,24.4492
83,0,13,4,76,1,10.6336
83,0,13,5,77,1,
83,0,13,6,78,1,
83,0,14,1,79,1,17.787
83,0,14,2,80,1,16.5714
83,0,14,3,81,1,12.3559
83,0,14,4,82,1,11.1403
83,0,14,5,83,1,
83,0,14,6,84,1,
83,0,15,1,85,1,13.8937
83,0,15,2,86,1,12.0781
83,0,15,3,87,1,9.6626
83,0,15,4,88,1,19.047
83,0,15,5,89,1,
83,0,15,6,90,1,
83,0,16,1,91,1,9.6004
83,0,16,2,92,1,11.7848
83,0,16,3,93,1,14.3693
83,0,16,4,94,1,27.1537
83,0,16,5,95,1,
83,0,16,6,96,1,
83,0,17,1,97,1,13.1071
83,0,17,2,98,1,8.0915
83,0,17,3,99,1,6.676
83,0,17,4,100,1,16.2604
83,0,17,5,101,1,
83,0,17,6,102,1,
83,0,18,1,103,1,8.2138
83,0,18,2,104,1,7.3982
83,0,18,3,105,1,5.5826
83,0,18,4,106,1,15.3671
83,0,18,5,107,1,
83,0,18,6,108,1,
83,0,19,1,109,1,16.3204
83,0,19,2,110,1,8.3049
83,0,19,3,111,1,5.8893
83,0,19,4,112,1,21.0738
83,0,19,5,113,1,
83,0,19,6,114,1,
83,0,20,1,115,1,8.8271
83,0,20,2,116,1,7.6116
83,0,20,3,117,1,5.996
83,0,20,4,118,1,8.7805
83,0,20,5,119,1,
83,0,20,6,120,1,
83,0,21,1,121,1,6.5338
83,0,21,2,122,1,5.7183
83,0,21,3,123,1,7.3027
83,0,21,4,124,1,7.0872
83,0,21,5,125,1,
83,0,21,6,126,1,
83,0,22,1,127,1,6.0405
83,0,22,2,128,1,7.825
83,0,22,3,129,1,6.8094
83,0,22,4,130,1,25.9939
83,0,22,5,131,1,
83,0,22,6,132,1,
83,0,23,1,133,1,8.7472
83,0,23,2,134,1,8.5317
83,0,23,3,135,1,7.5161
83,0,23,4,136,1,7.1006
83,0,23,5,137,1,
83,0,23,6,138,1,
83,0,24,1,139,1,14.0539
83,0,24,2,140,1,9.8383
83,0,24,3,141,1,19.4228
83,0,24,4,142,1,20.4072
83,0,24,5,143,1,
83,0,24,6,144,1,
83,0,25,1,145,1,6.1606
83,0,25,2,146,1,6.545
83,0,25,3,147,1,5.3295
83,0,25,4,148,1,23.9139
83,0,25,5,149,1,
83,0,25,6,150,1,
83,0,26,1,151,1,17.6673
83,0,26,2,152,1,12.8517
83,0,26,3,153,1,16.2362
83,0,26,4,154,1,7.0206
83,0,26,5,155,1,
83,0,26,6,156,1,
83,0,27,1,157,1,6.974
83,0,27,2,158,1,4.7584
83,0,27,3,159,1,11.5429
83,0,27,4,160,1,12.9273
83,0,27,5,161,1,
83,0,27,6,162,1,
83,0,28,1,163,1,8.4807
83,0,28,2,164,1,5.6651
83,0,28,3,165,1,25.6496
83,0,28,4,166,1,23.434
83,0,28,5,167,1,
83,0,28,6,168,1,
84,0,1,1,1,0,23.4
84,0,1,2,2,0,32.7844
84,0,1,3,3,0,19.1689
84,0,1,4,4,0,52.3533
84,0,1,5,5,0,
84,0,1,6,6,0,
84,0,2,1,7,0,48.1067
84,0,2,2,8,0,70.6911
84,0,2,3,9,0,52.2756
84,0,2,4,10,0,78.86
84,0,2,5,11,0,
84,0,2,6,12,0,
84,0,3,1,13,0,77.2134
84,0,3,2,14,0,65.3978
84,0,3,3,15,0,41.3823
84,0,3,4,16,0,62.9667
84,0,3,5,17,0,
84,0,3,6,18,0,
84,0,4,1,19,0,60.7201
84,0,4,2,20,0,29.3045
84,0,4,3,21,0,31.089
84,0,4,4,22,0,47.6734
84,0,4,5,23,0,
84,0,4,6,24,0,
84,0,5,1,25,0,
84,0,5,2,26,0,29.4112
84,0,5,3,27,0,22.9957
84,0,5,4,28,0,44.7801
84,0,5,5,29,0,
84,0,5,6,30,0,
84,0,6,1,31,0,37.7335
84,0,6,2,32,0,27.5179
84,0,6,3,33,0,26.5024
84,0,6,4,34,0,19.4868
84,0,6,5,35,0,
84,0,6,6,36,0,
84,0,7,1,37,0,17.0401
84,0,7,2,38,0,21.0246
84,0,7,3,39,0,19.609
84,0,7,4,40,0,40.3935
84,0,7,5,41,0,
84,0,7,6,42,0,
84,0,8,1,43,0,22.1468
84,0,8,2,44,0,28.5313
84,0,8,3,45,0,21.9157
84,0,8,4,46,0,37.5002
84,0,8,5,47,0,
84,0,8,6,48,0,
84,0,9,1,49,1,24.8535
84,0,9,2,50,1,17.838
84,0,9,3,51,1,20.6224
84,0,9,4,52,1,24.2069
84,0,9,5,53,1,
84,0,9,6,54,1,
84,0,10,1,55,1,13.1602
84,0,10,2,56,1,19.1447
84,0,10,3,57,1,47.5291
84,0,10,4,58,1,25.5136
84,0,10,5,59,1,
84,0,10,6,60,1,
84,0,11,1,61,1,19.8669
84,0,11,2,62,1,16.4514
84,0,11,3,63,1,49.8358
84,0,11,4,64,1,34.4203
84,0,11,5,65,1,
84,0,11,6,66,1,
84,0,12,1,67,1,24.9736
84,0,12,2,68,1,42.3581
84,0,12,3,69,1,17.7425
84,0,12,4,70,1,22.927
84,0,12,5,71,1,
84,0,12,6,72,1,
84,0,13,1,73,1,43.2803
84,0,13,2,74,1,22.0647
84,0,13,3,75,1,19.6492
84,0,13,4,76,1,39.2336
84,0,13,5,77,1,
84,0,13,6,78,1,
84,0,14,1,79,1,21.787
84,0,14,2,80,1,36.5714
84,0,14,3,81,1,26.9559
84,0,14,4,82,1,22.9403
84,0,14,5,83,1,
84,0,14,6,84,1,
84,0,15,1,85,1,57.2937
84,0,15,2,86,1,37.8781
84,0,15,3,87,1,25.0626
84,0,15,4,88,1,50.847
84,0,15,5,89,1,
84,0,15,6,90,1,
84,0,16,1,91,1,35.2004
84,0,16,2,92,1,22.5848
84,0,16,3,93,1,57.5693
84,0,16,4,94,1,30.9537
84,0,16,5,95,1,
84,0,16,6,96,1,
84,0,17,1,97,1,51.3071
84,0,17,2,98,1,27.0915
84,0,17,3,99,1,19.876
84,0,17,4,100,1,23.6604
84,0,17,5,101,1,
84,0,17,6,102,1,
84,0,18,1,103,1,
84,0,18,2,104,1,42.5982
84,0,18,3,105,1,23.3826
84,0,18,4,106,1,24.7671
84,0,18,5,107,1,
84,0,18,6,108,1,
84,0,19,1,109,1,17.9204
84,0,19,2,110,1,38.1049
84,0,19,3,111,1,21.2893
84,0,19,4,112,1,31.2738
84,0,19,5,113,1,
84,0,19,6,114,1,
84,0,20,1,115,1,24.4271
84,0,20,2,116,1,37.0116
84,0,20,3,117,1,37.596
84,0,20,4,118,1,24.9805
84,0,20,5,119,1,
84,0,20,6,120,1,
84,0,21,1,121,1,22.3338
84,0,21,2,122,1,29.7183
84,0,21,3,123,1,18.5027
84,0,21,4,124,1,25.4872
84,0,21,5,125,1,
84,0,21,6,126,1,
84,0,22,1,127,1,
84,0,22,2,128,1,31.225
84,0,22,3,129,1,25.8094
84,0,22,4,130,1,34.9939
84,0,22,5,131,1,
84,0,22,6,132,1,
84,0,23,1,133,1,59.7472
84,0,23,2,134,1,48.9317
84,0,23,3,135,1,56.7161
84,0,23,4,136,1,37.7006
84,0,23,5,137,1,
84,0,23,6,138,1,
84,0,24,1,139,1,55.2539
84,0,24,2,140,1,32.4383
84,0,24,3,141,1,
84,0,24,4,142,1,16.6072
84,0,24,5,143,1,
84,0,24,6,144,1,
84,0,25,1,145,1,21.7606
84,0,25,2,146,1,16.345
84,0,25,3,147,1,26.5295
84,0,25,4,148,1,45.3139
84,0,25,5,149,1,
84,0,25,6,150,1,
84,0,26,1,151,1,23.4673
84,0,26,2,152,1,23.4517
84,0,26,3,153,1,54.2362
84,0,26,4,154,1,30.0206
84,0,26,5,155,1,
84,0,26,6,156,1,
84,0,27,1,157,1,29.174
84,0,27,2,158,1,38.5584
84,0,27,3,159,1,25.5429
84,0,27,4,160,1,41.7273
84,0,27,5,161,1,
84,0,27,6,162,1,
84,0,28,1,163,1,39.2807
84,0,28,2,164,1,26.4651
84,0,28,3,165,1,18.2496
84,0,28,4,166,1,47.634
84,0,28,5,167,1,
84,0,28,6,168,1,
85,1,1,1,1,0,33.4
85,1,1,2,2,0,35.3844
85,1,1,3,3,0,18.9689
85,1,1,4,4,0,26.3533
85,1,1,5,5,0,
85,1,1,6,6,0,
85,1,2,1,7,0,
85,1,2,2,8,0,29.6911
85,1,2,3,9,0,27.8756
85,1,2,4,10,0,41.86
85,1,2,5,11,0,
85,1,2,6,12,0,
85,1,3,1,13,0,58.0134
85,1,3,2,14,0,45.7978
85,1,3,3,15,0,26.7823
85,1,3,4,16,0,18.9667
85,1,3,5,17,0,
85,1,3,6,18,0,
85,1,4,1,19,0,15.1201
85,1,4,2,20,0,18.3045
85,1,4,3,21,0,27.089
85,1,4,4,22,0,47.0734
85,1,4,5,23,0,
85,1,4,6,24,0,
85,1,5,1,25,0,41.4268
85,1,5,2,26,0,17.6112
85,1,5,3,27,0,50.1957
85,1,5,4,28,0,38.3801
85,1,5,5,29,0,
85,1,5,6,30,0,
85,1,6,1,31,0,29.5335
85,1,6,2,32,0,35.1179
85,1,6,3,33,0,31.1024
85,1,6,4,34,0,40.0868
85,1,6,5,35,0,
85,1,6,6,36,0,
85,1,7,1,37,0,41.8401
85,1,7,2,38,0,35.2246
85,1,7,3,39,0,24.009
85,1,7,4,40,0,33.7935
85,1,7,5,41,0,
85,1,7,6,42,0,
85,1,8,1,43,0,22.3468
85,1,8,2,44,0,42.7313
85,1,8,3,45,0,28.7157
85,1,8,4,46,0,35.5002
85,1,8,5,47,0,
85,1,8,6,48,0,
85,1,9,1,49,1,48.8535
85,1,9,2,50,1,30.838
85,1,9,3,51,1,71.4224
85,1,9,4,52,1,17.0069
85,1,9,5,53,1,
85,1,9,6,54,1,
85,1,10,1,55,1,32.9602
85,1,10,2,56,1,36.1447
85,1,10,3,57,1,36.5291
85,1,10,4,58,1,40.5136
85,1,10,5,59,1,
85,1,10,6,60,1,
85,1,11,1,61,1,37.8669
85,1,11,2,62,1,28.4514
85,1,11,3,63,1,30.4358
85,1,11,4,64,1,30.2203
85,1,11,5,65,1,
85,1,11,6,66,1,
85,1,12,1,67,1,37.7736
85,1,12,2,68,1,37.9581
85,1,12,3,69,1,40.5425
85,1,12,4,70,1,30.527
85,1,12,5,71,1,
85,1,12,6,72,1,
85,1,13,1,73,1,32.6803
85,1,13,2,74,1,31.8647
85,1,13,3,75,1,28.0492
85,1,13,4,76,1,30.0336
85,1,13,5,77,1,
85,1,13,6,78,1,
85,1,14,1,79,1,36.987
85,1,14,2,80,1,29.7714
85,1,14,3,81,1,41.9559
85,1,14,4,82,1,29.7403
85,1,14,5,83,1,
85,1,14,6,84,1,
85,1,15,1,85,1,25.4937
85,1,15,2,86,1,38.6781
85,1,15,3,87,1,38.8626
85,1,15,4,88,1,37.847
85,1,15,5,89,1,
85,1,15,6,90,1,
85,1,16,1,91,1,36.2004
85,1,16,2,92,1,35.7848
85,1,16,3,93,1,31.1693
85,1,16,4,94,1,34.9537
85,1,16,5,95,1,
85,1,16,6,96,1,
85,1,17,1,97,1,30.7071
85,1,17,2,98,1,
85,1,17,3,99,1,34.676
85,1,17,4,100,1,35.8604
85,1,17,5,101,1,
85,1,17,6,102,1,
85,1,18,1,103,1,28.8138
85,1,18,2,104,1,25.5982
85,1,18,3,105,1,31.5826
85,1,18,4,106,1,28.9671
85,1,18,5,107,1,
85,1,18,6,108,1,
85,1,19,1,109,1,
85,1,19,2,110,1,24.7049
85,1,19,3,111,1,22.2893
85,1,19,4,112,1,22.0738
85,1,19,5,113,1,
85,1,19,6,114,1,
85,1,20,1,115,1,20.0271
85,1,20,2,116,1,16.4116
85,1,20,3,117,1,20.996
85,1,20,4,118,1,25.7805
85,1,20,5,119,1,
85,1,20,6,120,1,
85,1,21,1,121,1,33.7338
85,1,21,2,122,1,32.5183
85,1,21,3,123,1,
85,1,21,4,124,1,20.4872
85,1,21,5,125,1,
85,1,21,6,126,1,
85,1,22,1,127,1,8.6405
85,1,22,2,128,1,27.025
85,1,22,3,129,1,18.8094
85,1,22,4,130,1,14.7939
85,1,22,5,131,1,
85,1,22,6,132,1,
85,1,23,1,133,1,
85,1,23,2,134,1,25.3317
85,1,23,3,135,1,14.9161
85,1,23,4,136,1,13.9006
85,1,23,5,137,1,
85,1,23,6,138,1,
85,1,24,1,139,1,11.8539
85,1,24,2,140,1,16.0383
85,1,24,3,141,1,32.0228
85,1,24,4,142,1,13.6072
85,1,24,5,143,1,
85,1,24,6,144,1,
85,1,25,1,145,1,13.3606
85,1,25,2,146,1,22.945
85,1,25,3,147,1,7.7295
85,1,25,4,148,1,20.5139
85,1,25,5,149,1,
85,1,25,6,150,1,
85,1,26,1,151,1,13.0673
85,1,26,2,152,1,16.2517
85,1,26,3,153,1,9.6362
85,1,26,4,154,1,16.2206
85,1,26,5,155,1,
85,1,26,6,156,1,
85,1,27,1,157,1,19.174
85,1,27,2,158,1,
85,1,27,3,159,1,
85,1,27,4,160,1,28.9273
85,1,27,5,161,1,
85,1,27,6,162,1,
85,1,28,1,163,1,25.4807
85,1,28,2,164,1,11.6651
85,1,28,3,165,1,
85,1,28,4,166,1,
85,1,28,5,167,1,
85,1,28,6,168,1,
86,0,1,1,1,0,3
86,0,1,2,2,0,4.1844
86,0,1,3,3,0,2.9689
86,0,1,4,4,0,2.5533
86,0,1,5,5,0,
86,0,1,6,6,0,
86,0,2,1,7,0,2.5067
86,0,2,2,8,0,1.8911
86,0,2,3,9,0,1.4756
86,0,2,4,10,0,3.06
86,0,2,5,11,0,
86,0,2,6,12,0,
86,0,3,1,13,0,1.0134
86,0,3,2,14,0,1.3978
86,0,3,3,15,0,1.1823
86,0,3,4,16,0,
86,0,3,5,17,0,
86,0,3,6,18,0,
86,0,4,1,19,0,1.7201
86,0,4,2,20,0,2.5045
86,0,4,3,21,0,
86,0,4,4,22,0,1.4734
86,0,4,5,23,0,
86,0,4,6,24,0,
86,0,5,1,25,0,
86,0,5,2,26,0,3.0112
86,0,5,3,27,0,2.5957
86,0,5,4,28,0,3.1801
86,0,5,5,29,0,
86,0,5,6,30,0,
86,0,6,1,31,0,
86,0,6,2,32,0,2.1179
86,0,6,3,33,0,2.3024
86,0,6,4,34,0,3.8868
86,0,6,5,35,0,
86,0,6,6,36,0,
86,0,7,1,37,0,2.8401
86,0,7,2,38,0,2.6246
86,0,7,3,39,0,1.609
86,0,7,4,40,0,3.3935
86,0,7,5,41,0,
86,0,7,6,42,0,
86,0,8,1,43,0,1.9468
86,0,8,2,44,0,2.9313
86,0,8,3,45,0,2.3157
86,0,8,4,46,0,1.5002
86,0,8,5,47,0,
86,0,8,6,48,0,
86,0,9,1,49,1,0.2535
86,0,9,2,50,1,1.438
86,0,9,3,51,1,0.2224
86,0,9,4,52,1,0.6069
86,0,9,5,53,1,
86,0,9,6,54,1,
86,0,10,1,55,1,0.5602
86,0,10,2,56,1,0
86,0,10,3,57,1,1.7291
86,0,10,4,58,1,0.1136
86,0,10,5,59,1,
86,0,10,6,60,1,
86,0,11,1,61,1,0
86,0,11,2,62,1,0.4514
86,0,11,3,63,1,3.4358
86,0,11,4,64,1,0.6203
86,0,11,5,65,1,
86,0,11,6,66,1,
86,0,12,1,67,1,0.5736
86,0,12,2,68,1,1.5581
86,0,12,3,69,1,1.1425
86,0,12,4,70,1,0.327
86,0,12,5,71,1,
86,0,12,6,72,1,
86,0,13,1,73,1,0.2803
86,0,13,2,74,1,0.4647
86,0,13,3,75,1,0.2492
86,0,13,4,76,1,2.8336
86,0,13,5,77,1,
86,0,13,6,78,1,
86,0,14,1,79,1,0.787
86,0,14,2,80,1,0.9714
86,0,14,3,81,1,1.3559
86,0,14,4,82,1,0.1403
86,0,14,5,83,1,
86,0,14,6,84,1,
86,0,15,1,85,1,2.2937
86,0,15,2,86,1,0
86,0,15,3,87,1,0.2626
86,0,15,4,88,1,1.047
86,0,15,5,89,1,
86,0,15,6,90,1,
86,0,16,1,91,1,
86,0,16,2,92,1,0
86,0,16,3,93,1,0
86,0,16,4,94,1,0
86,0,16,5,95,1,
86,0,16,6,96,1,
86,0,17,1,97,1,0.5071
86,0,17,2,98,1,
86,0,17,3,99,1,0
86,0,17,4,100,1,0.2604
86,0,17,5,101,1,
86,0,17,6,102,1,
86,0,18,1,103,1,0.0138
86,0,18,2,104,1,0
86,0,18,3,105,1,0.1826
86,0,18,4,106,1,0.3671
86,0,18,5,107,1,
86,0,18,6,108,1,
86,0,19,1,109,1,0
86,0,19,2,110,1,0
86,0,19,3,111,1,0
86,0,19,4,112,1,0
86,0,19,5,113,1,
86,0,19,6,114,1,
86,0,20,1,115,1,0
86,0,20,2,116,1,0.0116
86,0,20,3,117,1,0.596
86,0,20,4,118,1,0
86,0,20,5,119,1,
86,0,20,6,120,1,
86,0,21,1,121,1,0.3338
86,0,21,2,122,1,0
86,0,21,3,123,1,0
86,0,21,4,124,1,0
86,0,21,5,125,1,
86,0,21,6,126,1,
86,0,22,1,127,1,0
86,0,22,2,128,1,0
86,0,22,3,129,1,0
86,0,22,4,130,1,0
86,0,22,5,131,1,
86,0,22,6,132,1,
86,0,23,1,133,1,0
86,0,23,2,134,1,0
86,0,23,3,135,1,0
86,0,23,4,136,1,0.7006
86,0,23,5,137,1,
86,0,23,6,138,1,
86,0,24,1,139,1,0
86,0,24,2,140,1,0
86,0,24,3,141,1,0
86,0,24,4,142,1,0
86,0,24,5,143,1,
86,0,24,6,144,1,
86,0,25,1,145,1,
86,0,25,2,146,1,0
86,0,25,3,147,1,0
86,0,25,4,148,1,0
86,0,25,5,149,1,
86,0,25,6,150,1,
86,0,26,1,151,1,0
86,0,26,2,152,1,
86,0,26,3,153,1,0
86,0,26,4,154,1,0
86,0,26,5,155,1,
86,0,26,6,156,1,
86,0,27,1,157,1,0
86,0,27,2,158,1,0
86,0,27,3,159,1,0
86,0,27,4,160,1,0
86,0,27,5,161,1,
86,0,27,6,162,1,
86,0,28,1,163,1,0
86,0,28,2,164,1,0
86,0,28,3,165,1,0
86,0,28,4,166,1,0
86,0,28,5,167,1,
86,0,28,6,168,1,
87,0,1,1,1,0,10.8
87,0,1,2,2,0,13.1844
87,0,1,3,3,0,0.9689
87,0,1,4,4,0,0.9533
87,0,1,5,5,0,
87,0,1,6,6,0,
87,0,2,1,7,0,11.3067
87,0,2,2,8,0,1.4911
87,0,2,3,9,0,1.4756
87,0,2,4,10,0,3.26
87,0,2,5,11,0,
87,0,2,6,12,0,
87,0,3,1,13,0,1.2134
87,0,3,2,14,0,1.9978
87,0,3,3,15,0,0.9823
87,0,3,4,16,0,2.3667
87,0,3,5,17,0,
87,0,3,6,18,0,
87,0,4,1,19,0,10.3201
87,0,4,2,20,0,5.3045
87,0,4,3,21,0,3.089
87,0,4,4,22,0,3.2734
87,0,4,5,23,0,
87,0,4,6,24,0,
87,0,5,1,25,0,8.8268
87,0,5,2,26,0,5.4112
87,0,5,3,27,0,2.5957
87,0,5,4,28,0,
87,0,5,5,29,0,
87,0,5,6,30,0,
87,0,6,1,31,0,6.7335
87,0,6,2,32,0,6.3179
87,0,6,3,33,0,6.1024
87,0,6,4,34,0,5.2868
87,0,6,5,35,0,
87,0,6,6,36,0,
87,0,7,1,37,0,8.0401
87,0,7,2,38,0,19.8246
87,0,7,3,39,0,6.409
87,0,7,4,40,0,4.7935
87,0,7,5,41,0,
87,0,7,6,42,0,
87,0,8,1,43,0,
87,0,8,2,44,0,0.3313
87,0,8,3,45,0,0.3157
87,0,8,4,46,0,0.7002
87,0,8,5,47,0,
87,0,8,6,48,0,
87,0,9,1,49,1,3.6535
87,0,9,2,50,1,0
87,0,9,3,51,1,18.6224
87,0,9,4,52,1,0
87,0,9,5,53,1,
87,0,9,6,54,1,
87,0,10,1,55,1,6.5602
87,0,10,2,56,1,0
87,0,10,3,57,1,2.9291
87,0,10,4,58,1,0
87,0,10,5,59,1,
87,0,10,6,60,1,
87,0,11,1,61,1,4.6669
87,0,11,2,62,1,1.6514
87,0,11,3,63,1,10.8358
87,0,11,4,64,1,12.6203
87,0,11,5,65,1,
87,0,11,6,66,1,
87,0,12,1,67,1,12.9736
87,0,12,2,68,1,12.7581
87,0,12,3,69,1,8.7425
87,0,12,4,70,1,4.327
87,0,12,5,71,1,
87,0,12,6,72,1,
87,0,13,1,73,1,13.0803
87,0,13,2,74,1,6.4647
87,0,13,3,75,1,9.0492
87,0,13,4,76,1,12.4336
87,0,13,5,77,1,
87,0,13,6,78,1,
87,0,14,1,79,1,9.787
87,0,14,2,80,1,5.7714
87,0,14,3,81,1,5.1559
87,0,14,4,82,1,7.9403
87,0,14,5,83,1,
87,0,14,6,84,1,
87,0,15,1,85,1,
87,0,15,2,86,1,13.6781
87,0,15,3,87,1,12.4626
87,0,15,4,88,1,0
87,0,15,5,89,1,
87,0,15,6,90,1,
87,0,16,1,91,1,10.6004
87,0,16,2,92,1,2.1848
87,0,16,3,93,1,0
87,0,16,4,94,1,2.3537
87,0,16,5,95,1,
87,0,16,6,96,1,
87,0,17,1,97,1,3.3071
87,0,17,2,98,1,0
87,0,17,3,99,1,0
87,0,17,4,100,1,0
87,0,17,5,101,1,
87,0,17,6,102,1,
87,0,18,1,103,1,11.6138
87,0,18,2,104,1,23.9982
87,0,18,3,105,1,0
87,0,18,4,106,1,0
87,0,18,5,107,1,
87,0,18,6,108,1,
87,0,19,1,109,1,
87,0,19,2,110,1,0
87,0,19,3,111,1,0
87,0,19,4,112,1,0
87,0,19,5,113,1,
87,0,19,6,114,1,
87,0,20,1,115,1,0
87,0,20,2,116,1,1.8116
87,0,20,3,117,1,0
87,0,20,4,118,1,13.9805
87,0,20,5,119,1,
87,0,20,6,120,1,
87,0,21,1,121,1,8.9338
87,0,21,2,122,1,18.3183
87,0,21,3,123,1,3.9027
87,0,21,4,124,1,4.4872
87,0,21,5,125,1,
87,0,21,6,126,1,
87,0,22,1,127,1,6.2405
87,0,22,2,128,1,0
87,0,22,3,129,1,0
87,0,22,4,130,1,0
87,0,22,5,131,1,
87,0,22,6,132,1,
87,0,23,1,133,1,7.9472
87,0,23,2,134,1,0
87,0,23,3,135,1,0
87,0,23,4,136,1,0
87,0,23,5,137,1,
87,0,23,6,138,1,
87,0,24,1,139,1,5.4539
87,0,24,2,140,1,0
87,0,24,3,141,1,0
87,0,24,4,142,1,10.2072
87,0,24,5,143,1,
87,0,24,6,144,1,
87,0,25,1,145,1,10.1606
87,0,25,2,146,1,0
87,0,25,3,147,1,0
87,0,25,4,148,1,7.9139
87,0,25,5,149,1,
87,0,25,6,150,1,
87,0,26,1,151,1,11.6673
87,0,26,2,152,1,24.0517
87,0,26,3,153,1,0
87,0,26,4,154,1,15.2206
87,0,26,5,155,1,
87,0,26,6,156,1,
87,0,27,1,157,1,1.374
87,0,27,2,158,1,5.5584
87,0,27,3,159,1,0
87,0,27,4,160,1,0
87,0,27,5,161,1,
87,0,27,6,162,1,
87,0,28,1,163,1,21.6807
87,0,28,2,164,1,0
87,0,28,3,165,1,8.0496
87,0,28,4,166,1,13.234
87,0,28,5,167,1,
87,0,28,6,168,1,
88,1,1,1,1,0,0
88,1,1,2,2,0,2.9844
88,1,1,3,3,0,4.3689
88,1,1,4,4,0,0
88,1,1,5,5,0,
88,1,1,6,6,0,
88,1,2,1,7,0,0
88,1,2,2,8,0,5.4911
88,1,2,3,9,0,0
88,1,2,4,10,0,0
88,1,2,5,11,0,
88,1,2,6,12,0,
88,1,3,1,13,0,0
88,1,3,2,14,0,9.3978
88,1,3,3,15,0,0
88,1,3,4,16,0,0
88,1,3,5,17,0,
88,1,3,6,18,0,
88,1,4,1,19,0,0
88,1,4,2,20,0,0
88,1,4,3,21,0,5.289
88,1,4,4,22,0,0
88,1,4,5,23,0,
88,1,4,6,24,0,
88,1,5,1,25,0,
88,1,5,2,26,0,0
88,1,5,3,27,0,5.1957
88,1,5,4,28,0,0
88,1,5,5,29,0,
88,1,5,6,30,0,
88,1,6,1,31,0,0
88,1,6,2,32,0,5.7179
88,1,6,3,33,0,5.1024
88,1,6,4,34,0,2.8868
88,1,6,5,35,0,
88,1,6,6,36,0,
88,1,7,1,37,0,9.4401
88,1,7,2,38,0,0
88,1,7,3,39,0,0
88,1,7,4,40,0,0
88,1,7,5,41,0,
88,1,7,6,42,0,
88,1,8,1,43,0,0
88,1,8,2,44,0,0
88,1,8,3,45,0,0
88,1,8,4,46,0,0
88,1,8,5,47,0,
88,1,8,6,48,0,
88,1,9,1,49,1,0
88,1,9,2,50,1,0
88,1,9,3,51,1,0
88,1,9,4,52,1,0
88,1,9,5,53,1,
88,1,9,6,54,1,
88,1,10,1,55,1,0
88,1,10,2,56,1,0.5447
88,1,10,3,57,1,3.1291
88,1,10,4,58,1,0
88,1,10,5,59,1,
88,1,10,6,60,1,
88,1,11,1,61,1,0
88,1,11,2,62,1,0
88,1,11,3,63,1,0
88,1,11,4,64,1,0
88,1,11,5,65,1,
88,1,11,6,66,1,
88,1,12,1,67,1,0
88,1,12,2,68,1,0
88,1,12,3,69,1,0
88,1,12,4,70,1,4.527
88,1,12,5,71,1,
88,1,12,6,72,1,
88,1,13,1,73,1,0
88,1,13,2,74,1,0
88,1,13,3,75,1,0
88,1,13,4,76,1,0
88,1,13,5,77,1,
88,1,13,6,78,1,
88,1,14,1,79,1,0
88,1,14,2,80,1,0
88,1,14,3,81,1,0
88,1,14,4,82,1,0
88,1,14,5,83,1,
88,1,14,6,84,1,
88,1,15,1,85,1,0
88,1,15,2,86,1,0
88,1,15,3,87,1,0
88,1,15,4,88,1,0
88,1,15,5,89,1,
88,1,15,6,90,1,
88,1,16,1,91,1,0
88,1,16,2,92,1,0
88,1,16,3,93,1,0
88,1,16,4,94,1,0
88,1,16,5,95,1,
88,1,16,6,96,1,
88,1,17,1,97,1,0
88,1,17,2,98,1,0
88,1,17,3,99,1,0.676
88,1,17,4,100,1,0
88,1,17,5,101,1,
88,1,17,6,102,1,
88,1,18,1,103,1,0
88,1,18,2,104,1,0
88,1,18,3,105,1,0
88,1,18,4,106,1,0
88,1,18,5,107,1,
88,1,18,6,108,1,
88,1,19,1,109,1,0
88,1,19,2,110,1,0
88,1,19,3,111,1,0
88,1,19,4,112,1,0
88,1,19,5,113,1,
88,1,19,6,114,1,
88,1,20,1,115,1,0
88,1,20,2,116,1,0
88,1,20,3,117,1,0
88,1,20,4,118,1,0
88,1,20,5,119,1,
88,1,20,6,120,1,
88,1,21,1,121,1,0
88,1,21,2,122,1,0
88,1,21,3,123,1,0
88,1,21,4,124,1,0.0872
88,1,21,5,125,1,
88,1,21,6,126,1,
88,1,22,1,127,1,0
88,1,22,2,128,1,0
88,1,22,3,129,1,0
88,1,22,4,130,1,0
88,1,22,5,131,1,
88,1,22,6,132,1,
88,1,23,1,133,1,0
88,1,23,2,134,1,0
88,1,23,3,135,1,0
88,1,23,4,136,1,0
88,1,23,5,137,1,
88,1,23,6,138,1,
88,1,24,1,139,1,0
88,1,24,2,140,1,0
88,1,24,3,141,1,0
88,1,24,4,142,1,0
88,1,24,5,143,1,
88,1,24,6,144,1,
88,1,25,1,145,1,0
88,1,25,2,146,1,0
88,1,25,3,147,1,0
88,1,25,4,148,1,0
88,1,25,5,149,1,
88,1,25,6,150,1,
88,1,26,1,151,1,0
88,1,26,2,152,1,0
88,1,26,3,153,1,0
88,1,26,4,154,1,0
88,1,26,5,155,1,
88,1,26,6,156,1,
88,1,27,1,157,1,0
88,1,27,2,158,1,0
88,1,27,3,159,1,0
88,1,27,4,160,1,0
88,1,27,5,161,1,
88,1,27,6,162,1,
88,1,28,1,163,1,0
88,1,28,2,164,1,0
88,1,28,3,165,1,0
88,1,28,4,166,1,0
88,1,28,5,167,1,
88,1,28,6,168,1,
89,1,1,1,1,0,7.2
89,1,1,2,2,0,11.1844
89,1,1,3,3,0,0
89,1,1,4,4,0,0
89,1,1,5,5,0,
89,1,1,6,6,0,
89,1,2,1,7,0,0
89,1,2,2,8,0,1.4911
89,1,2,3,9,0,0
89,1,2,4,10,0,0
89,1,2,5,11,0,
89,1,2,6,12,0,
89,1,3,1,13,0,4.0134
89,1,3,2,14,0,0
89,1,3,3,15,0,3.1823
89,1,3,4,16,0,1.5667
89,1,3,5,17,0,
89,1,3,6,18,0,
89,1,4,1,19,0,20.1201
89,1,4,2,20,0,25.5045
89,1,4,3,21,0,9.289
89,1,4,4,22,0,10.8734
89,1,4,5,23,0,
89,1,4,6,24,0,
89,1,5,1,25,0,
89,1,5,2,26,0,12.8112
89,1,5,3,27,0,
89,1,5,4,28,0,
89,1,5,5,29,0,
89,1,5,6,30,0,
89,1,6,1,31,0,0.7335
89,1,6,2,32,0,0
89,1,6,3,33,0,1.1024
89,1,6,4,34,0,0
89,1,6,5,35,0,
89,1,6,6,36,0,
89,1,7,1,37,0,1.6401
89,1,7,2,38,0,3.6246
89,1,7,3,39,0,12.409
89,1,7,4,40,0,0
89,1,7,5,41,0,
89,1,7,6,42,0,
89,1,8,1,43,0,0
89,1,8,2,44,0,1.7313
89,1,8,3,45,0,6.1157
89,1,8,4,46,0,15.7002
89,1,8,5,47,0,
89,1,8,6,48,0,
89,1,9,1,49,1,19.4535
89,1,9,2,50,1,0
89,1,9,3,51,1,0.0224
89,1,9,4,52,1,5.4069
89,1,9,5,53,1,
89,1,9,6,54,1,
89,1,10,1,55,1,0
89,1,10,2,56,1,0
89,1,10,3,57,1,4.7291
89,1,10,4,58,1,7.5136
89,1,10,5,59,1,
89,1,10,6,60,1,
89,1,11,1,61,1,
89,1,11,2,62,1,0
89,1,11,3,63,1,5.4358
89,1,11,4,64,1,1.0203
89,1,11,5,65,1,
89,1,11,6,66,1,
89,1,12,1,67,1,
89,1,12,2,68,1,0
89,1,12,3,69,1,8.1425
89,1,12,4,70,1,0
89,1,12,5,71,1,
89,1,12,6,72,1,
89,1,13,1,73,1,0.2803
89,1,13,2,74,1,0
89,1,13,3,75,1,1.0492
89,1,13,4,76,1,0
89,1,13,5,77,1,
89,1,13,6,78,1,
89,1,14,1,79,1,1.587
89,1,14,2,80,1,
89,1,14,3,81,1,0
89,1,14,4,82,1,0
89,1,14,5,83,1,
89,1,14,6,84,1,
89,1,15,1,85,1,0.8937
89,1,15,2,86,1,0
89,1,15,3,87,1,0
89,1,15,4,88,1,0
89,1,15,5,89,1,
89,1,15,6,90,1,
89,1,16,1,91,1,3.2004
89,1,16,2,92,1,4.5848
89,1,16,3,93,1,8.1693
89,1,16,4,94,1,0
89,1,16,5,95,1,
89,1,16,6,96,1,
89,1,17,1,97,1,0
89,1,17,2,98,1,0
89,1,17,3,99,1,0
89,1,17,4,100,1,0
89,1,17,5,101,1,
89,1,17,6,102,1,
89,1,18,1,103,1,0
89,1,18,2,104,1,0
89,1,18,3,105,1,0
89,1,18,4,106,1,6.9671
89,1,18,5,107,1,
89,1,18,6,108,1,
89,1,19,1,109,1,0.3204
89,1,19,2,110,1,8.9049
89,1,19,3,111,1,12.8893
89,1,19,4,112,1,0.2738
89,1,19,5,113,1,
89,1,19,6,114,1,
89,1,20,1,115,1,6.6271
89,1,20,2,116,1,0.4116
89,1,20,3,117,1,7.196
89,1,20,4,118,1,0
89,1,20,5,119,1,
89,1,20,6,120,1,
89,1,21,1,121,1,0
89,1,21,2,122,1,0
89,1,21,3,123,1,0.3027
89,1,21,4,124,1,0
89,1,21,5,125,1,
89,1,21,6,126,1,
89,1,22,1,127,1,0
89,1,22,2,128,1,0.025
89,1,22,3,129,1,3.8094
89,1,22,4,130,1,11.1939
89,1,22,5,131,1,
89,1,22,6,132,1,
89,1,23,1,133,1,17.5472
89,1,23,2,134,1,0
89,1,23,3,135,1,0
89,1,23,4,136,1,27.5006
89,1,23,5,137,1,
89,1,23,6,138,1,
89,1,24,1,139,1,7.0539
89,1,24,2,140,1,5.8383
89,1,24,3,141,1,0
89,1,24,4,142,1,0
89,1,24,5,143,1,
89,1,24,6,144,1,
89,1,25,1,145,1,
89,1,25,2,146,1,0
89,1,25,3,147,1,0
89,1,25,4,148,1,0
89,1,25,5,149,1,
89,1,25,6,150,1,
89,1,26,1,151,1,
89,1,26,2,152,1,0
89,1,26,3,153,1,2.4362
89,1,26,4,154,1,4.0206
89,1,26,5,155,1,
89,1,26,6,156,1,
89,1,27,1,157,1,12.774
89,1,27,2,158,1,0.1584
89,1,27,3,159,1,0
89,1,27,4,160,1,0
89,1,27,5,161,1,
89,1,27,6,162,1,
89,1,28,1,163,1,3.8807
89,1,28,2,164,1,0.0651
89,1,28,3,165,1,0
89,1,28,4,166,1,0
89,1,28,5,167,1,
89,1,28,6,168,1,
90,1,1,1,1,0,73.8
90,1,1,2,2,0,75.7844
90,1,1,3,3,0,68.9689
90,1,1,4,4,0,
90,1,1,5,5,0,
90,1,1,6,6,0,
90,1,2,1,7,0,45.9067
90,1,2,2,8,0,65.0911
90,1,2,3,9,0,57.4756
90,1,2,4,10,0,59.26
90,1,2,5,11,0,
90,1,2,6,12,0,
90,1,3,1,13,0,51.0134
90,1,3,2,14,0,42.7978
90,1,3,3,15,0,34.3823
90,1,3,4,16,0,38.3667
90,1,3,5,17,0,
90,1,3,6,18,0,
90,1,4,1,19,0,16.5201
90,1,4,2,20,0,33.1045
90,1,4,3,21,0,31.489
90,1,4,4,22,0,14.4734
90,1,4,5,23,0,
90,1,4,6,24,0,
90,1,5,1,25,0,25.6268
90,1,5,2,26,0,11.8112
90,1,5,3,27,0,6.3957
90,1,5,4,28,0,34.1801
90,1,5,5,29,0,
90,1,5,6,30,0,
90,1,6,1,31,0,7.7335
90,1,6,2,32,0,7.9179
90,1,6,3,33,0,7.1024
90,1,6,4,34,0,4.2868
90,1,6,5,35,0,
90,1,6,6,36,0,
90,1,7,1,37,0,17.0401
90,1,7,2,38,0,3.0246
90,1,7,3,39,0,0
90,1,7,4,40,0,8.5935
90,1,7,5,41,0,
90,1,7,6,42,0,
90,1,8,1,43,0,7.5468
90,1,8,2,44,0,31.7313
90,1,8,3,45,0,2.7157
90,1,8,4,46,0,2.1002
90,1,8,5,47,0,
90,1,8,6,48,0,
90,1,9,1,49,1,5.0535
90,1,9,2,50,1,6.838
90,1,9,3,51,1,1.2224
90,1,9,4,52,1,0
90,1,9,5,53,1,
90,1,9,6,54,1,
90,1,10,1,55,1,0
90,1,10,2,56,1,0
90,1,10,3,57,1,0
90,1,10,4,58,1,2.7136
90,1,10,5,59,1,
90,1,10,6,60,1,
90,1,11,1,61,1,1.4669
90,1,11,2,62,1,10.8514
90,1,11,3,63,1,7.6358
90,1,11,4,64,1,5.2203
90,1,11,5,65,1,
90,1,11,6,66,1,
90,1,12,1,67,1,0.5736
90,1,12,2,68,1,4.7581
90,1,12,3,69,1,7.1425
90,1,12,4,70,1,16.327
90,1,12,5,71,1,
90,1,12,6,72,1,
90,1,13,1,73,1,0
90,1,13,2,74,1,0.8647
90,1,13,3,75,1,1.2492
90,1,13,4,76,1,0
90,1,13,5,77,1,
90,1,13,6,78,1,
90,1,14,1,79,1,0
90,1,14,2,80,1,2.9714
90,1,14,3,81,1,0
90,1,14,4,82,1,0
90,1,14,5,83,1,
90,1,14,6,84,1,
90,1,15,1,85,1,0
90,1,15,2,86,1,1.2781
90,1,15,3,87,1,0
90,1,15,4,88,1,0
90,1,15,5,89,1,
90,1,15,6,90,1,
90,1,16,1,91,1,4e-04
90,1,16,2,92,1,0
90,1,16,3,93,1,0
90,1,16,4,94,1,0
90,1,16,5,95,1,
90,1,16,6,96,1,
90,1,17,1,97,1,0
90,1,17,2,98,1,0.4915
90,1,17,3,99,1,0
90,1,17,4,100,1,0
90,1,17,5,101,1,
90,1,17,6,102,1,
90,1,18,1,103,1,0
90,1,18,2,104,1,0
90,1,18,3,105,1,0
90,1,18,4,106,1,0
90,1,18,5,107,1,
90,1,18,6,108,1,
90,1,19,1,109,1,0
90,1,19,2,110,1,0.3049
90,1,19,3,111,1,3.8893
90,1,19,4,112,1,0
90,1,19,5,113,1,
90,1,19,6,114,1,
90,1,20,1,115,1,0
90,1,20,2,116,1,0
90,1,20,3,117,1,0
90,1,20,4,118,1,2.3805
90,1,20,5,119,1,
90,1,20,6,120,1,
90,1,21,1,121,1,0
90,1,21,2,122,1,0
90,1,21,3,123,1,2.9027
90,1,21,4,124,1,0
90,1,21,5,125,1,
90,1,21,6,126,1,
90,1,22,1,127,1,0
90,1,22,2,128,1,0
90,1,22,3,129,1,3.4094
90,1,22,4,130,1,0
90,1,22,5,131,1,
90,1,22,6,132,1,
90,1,23,1,133,1,0
90,1,23,2,134,1,0
90,1,23,3,135,1,1.3161
90,1,23,4,136,1,9.5006
90,1,23,5,137,1,
90,1,23,6,138,1,
90,1,24,1,139,1,0
90,1,24,2,140,1,0
90,1,24,3,141,1,0
90,1,24,4,142,1,3.6072
90,1,24,5,143,1,
90,1,24,6,144,1,
90,1,25,1,145,1,17.9606
90,1,25,2,146,1,4.145
90,1,25,3,147,1,0
90,1,25,4,148,1,0
90,1,25,5,149,1,
90,1,25,6,150,1,
90,1,26,1,151,1,0
90,1,26,2,152,1,5.4517
90,1,26,3,153,1,0
90,1,26,4,154,1,0
90,1,26,5,155,1,
90,1,26,6,156,1,
90,1,27,1,157,1,0
90,1,27,2,158,1,0.3584
90,1,27,3,159,1,0
90,1,27,4,160,1,3.3273
90,1,27,5,161,1,
90,1,27,6,162,1,
90,1,28,1,163,1,0
90,1,28,2,164,1,6.2651
90,1,28,3,165,1,0
90,1,28,4,166,1,0
90,1,28,5,167,1,
90,1,28,6,168,1,
91,1,1,1,1,0,15.6
91,1,1,2,2,0,4.7844
91,1,1,3,3,0,25.3689
91,1,1,4,4,0,30.9533
91,1,1,5,5,0,
91,1,1,6,6,0,
91,1,2,1,7,0,46.9067
91,1,2,2,8,0,30.8911
91,1,2,3,9,0,21.8756
91,1,2,4,10,0,40.06
91,1,2,5,11,0,
91,1,2,6,12,0,
91,1,3,1,13,0,43.8134
91,1,3,2,14,0,39.7978
91,1,3,3,15,0,29.3823
91,1,3,4,16,0,25.7667
91,1,3,5,17,0,
91,1,3,6,18,0,
91,1,4,1,19,0,30.7201
91,1,4,2,20,0,45.5045
91,1,4,3,21,0,68.089
91,1,4,4,22,0,23.8734
91,1,4,5,23,0,
91,1,4,6,24,0,
91,1,5,1,25,0,
91,1,5,2,26,0,35.6112
91,1,5,3,27,0,24.9957
91,1,5,4,28,0,14.3801
91,1,5,5,29,0,
91,1,5,6,30,0,
91,1,6,1,31,0,54.5335
91,1,6,2,32,0,23.7179
91,1,6,3,33,0,42.3024
91,1,6,4,34,0,19.8868
91,1,6,5,35,0,
91,1,6,6,36,0,
91,1,7,1,37,0,11.8401
91,1,7,2,38,0,15.8246
91,1,7,3,39,0,7.009
91,1,7,4,40,0,31.1935
91,1,7,5,41,0,
91,1,7,6,42,0,
91,1,8,1,43,0,33.3468
91,1,8,2,44,0,35.7313
91,1,8,3,45,0,37.1157
91,1,8,4,46,0,21.9002
91,1,8,5,47,0,
91,1,8,6,48,0,
91,1,9,1,49,1,32.6535
91,1,9,2,50,1,15.638
91,1,9,3,51,1,27.2224
91,1,9,4,52,1,23.6069
91,1,9,5,53,1,
91,1,9,6,54,1,
91,1,10,1,55,1,33.9602
91,1,10,2,56,1,22.1447
91,1,10,3,57,1,26.7291
91,1,10,4,58,1,19.1136
91,1,10,5,59,1,
91,1,10,6,60,1,
91,1,11,1,61,1,42.8669
91,1,11,2,62,1,37.0514
91,1,11,3,63,1,16.0358
91,1,11,4,64,1,37.4203
91,1,11,5,65,1,
91,1,11,6,66,1,
91,1,12,1,67,1,17.1736
91,1,12,2,68,1,18.7581
91,1,12,3,69,1,35.5425
91,1,12,4,70,1,27.727
91,1,12,5,71,1,
91,1,12,6,72,1,
91,1,13,1,73,1,25.6803
91,1,13,2,74,1,51.2647
91,1,13,3,75,1,45.0492
91,1,13,4,76,1,27.0336
91,1,13,5,77,1,
91,1,13,6,78,1,
91,1,14,1,79,1,55.787
91,1,14,2,80,1,49.1714
91,1,14,3,81,1,61.3559
91,1,14,4,82,1,21.1403
91,1,14,5,83,1,
91,1,14,6,84,1,
91,1,15,1,85,1,32.2937
91,1,15,2,86,1,40.8781
91,1,15,3,87,1,46.8626
91,1,15,4,88,1,46.847
91,1,15,5,89,1,
91,1,15,6,90,1,
91,1,16,1,91,1,33.0004
91,1,16,2,92,1,35.3848
91,1,16,3,93,1,25.7693
91,1,16,4,94,1,46.7537
91,1,16,5,95,1,
91,1,16,6,96,1,
91,1,17,1,97,1,44.9071
91,1,17,2,98,1,18.2915
91,1,17,3,99,1,19.076
91,1,17,4,100,1,21.6604
91,1,17,5,101,1,
91,1,17,6,102,1,
91,1,18,1,103,1,30.6138
91,1,18,2,104,1,21.9982
91,1,18,3,105,1,20.9826
91,1,18,4,106,1,23.9671
91,1,18,5,107,1,
91,1,18,6,108,1,
91,1,19,1,109,1,33.1204
91,1,19,2,110,1,31.3049
91,1,19,3,111,1,38.0893
91,1,19,4,112,1,25.2738
91,1,19,5,113,1,
91,1,19,6,114,1,
91,1,20,1,115,1,28.8271
91,1,20,2,116,1,
91,1,20,3,117,1,51.596
91,1,20,4,118,1,22.3805
91,1,20,5,119,1,
91,1,20,6,120,1,
91,1,21,1,121,1,29.9338
91,1,21,2,122,1,38.7183
91,1,21,3,123,1,35.9027
91,1,21,4,124,1,16.0872
91,1,21,5,125,1,
91,1,21,6,126,1,
91,1,22,1,127,1,17.4405
91,1,22,2,128,1,32.225
91,1,22,3,129,1,29.2094
91,1,22,4,130,1,2.1939
91,1,22,5,131,1,
91,1,22,6,132,1,
91,1,23,1,133,1,23.3472
91,1,23,2,134,1,20.9317
91,1,23,3,135,1,
91,1,23,4,136,1,40.7006
91,1,23,5,137,1,
91,1,23,6,138,1,
91,1,24,1,139,1,19.0539
91,1,24,2,140,1,13.4383
91,1,24,3,141,1,31.8228
91,1,24,4,142,1,21.4072
91,1,24,5,143,1,
91,1,24,6,144,1,
91,1,25,1,145,1,
91,1,25,2,146,1,24.745
91,1,25,3,147,1,35.5295
91,1,25,4,148,1,27.9139
91,1,25,5,149,1,
91,1,25,6,150,1,
91,1,26,1,151,1,42.2673
91,1,26,2,152,1,22.8517
91,1,26,3,153,1,
91,1,26,4,154,1,35.8206
91,1,26,5,155,1,
91,1,26,6,156,1,
91,1,27,1,157,1,22.974
91,1,27,2,158,1,10.7584
91,1,27,3,159,1,14.5429
91,1,27,4,160,1,21.5273
91,1,27,5,161,1,
91,1,27,6,162,1,
91,1,28,1,163,1,18.4807
91,1,28,2,164,1,31.4651
91,1,28,3,165,1,9.6496
91,1,28,4,166,1,45.234
91,1,28,5,167,1,
91,1,28,6,168,1,
92,0,1,1,1,0,
92,0,1,2,2,0,60.3844
92,0,1,3,3,0,59.7689
92,0,1,4,4,0,60.3533
92,0,1,5,5,0,
92,0,1,6,6,0,
92,0,2,1,7,0,59.9067
92,0,2,2,8,0,
92,0,2,3,9,0,63.2756
92,0,2,4,10,0,61.06
92,0,2,5,11,0,
92,0,2,6,12,0,
92,0,3,1,13,0,70.2134
92,0,3,2,14,0,54.1978
92,0,3,3,15,0,46.3823
92,0,3,4,16,0,
92,0,3,5,17,0,
92,0,3,6,18,0,
92,0,4,1,19,0,64.5201
92,0,4,2,20,0,74.1045
92,0,4,3,21,0,35.889
92,0,4,4,22,0,42.2734
92,0,4,5,23,0,
92,0,4,6,24,0,
92,0,5,1,25,0,
92,0,5,2,26,0,
92,0,5,3,27,0,
92,0,5,4,28,0,59.3801
92,0,5,5,29,0,
92,0,5,6,30,0,
92,0,6,1,31,0,61.5335
92,0,6,2,32,0,29.3179
92,0,6,3,33,0,25.3024
92,0,6,4,34,0,49.4868
92,0,6,5,35,0,
92,0,6,6,36,0,
92,0,7,1,37,0,45.6401
92,0,7,2,38,0,
92,0,7,3,39,0,
92,0,7,4,40,0,
92,0,7,5,41,0,
92,0,7,6,42,0,
92,0,8,1,43,0,33.1468
92,0,8,2,44,0,44.5313
92,0,8,3,45,0,
92,0,8,4,46,0,45.1002
92,0,8,5,47,0,
92,0,8,6,48,0,
92,0,9,1,49,1,
92,0,9,2,50,1,63.038
92,0,9,3,51,1,54.6224
92,0,9,4,52,1,38.8069
92,0,9,5,53,1,
92,0,9,6,54,1,
92,0,10,1,55,1,
92,0,10,2,56,1,35.5447
92,0,10,3,57,1,37.1291
92,0,10,4,58,1,41.9136
92,0,10,5,59,1,
92,0,10,6,60,1,
92,0,11,1,61,1,41.4669
92,0,11,2,62,1,44.6514
92,0,11,3,63,1,
92,0,11,4,64,1,57.8203
92,0,11,5,65,1,
92,0,11,6,66,1,
92,0,12,1,67,1,
92,0,12,2,68,1,40.7581
92,0,12,3,69,1,32.7425
92,0,12,4,70,1,36.927
92,0,12,5,71,1,
92,0,12,6,72,1,
92,0,13,1,73,1,34.2803
92,0,13,2,74,1,
92,0,13,3,75,1,
92,0,13,4,76,1,20.0336
92,0,13,5,77,1,
92,0,13,6,78,1,
92,0,14,1,79,1,31.587
92,0,14,2,80,1,23.5714
92,0,14,3,81,1,24.9559
92,0,14,4,82,1,29.7403
92,0,14,5,83,1,
92,0,14,6,84,1,
92,0,15,1,85,1,34.8937
92,0,15,2,86,1,
92,0,15,3,87,1,40.4626
92,0,15,4,88,1,49.847
92,0,15,5,89,1,
92,0,15,6,90,1,
92,0,16,1,91,1,33.2004
92,0,16,2,92,1,48.7848
92,0,16,3,93,1,19.9693
92,0,16,4,94,1,42.1537
92,0,16,5,95,1,
92,0,16,6,96,1,
92,0,17,1,97,1,37.9071
92,0,17,2,98,1,
92,0,17,3,99,1,17.476
92,0,17,4,100,1,23.8604
92,0,17,5,101,1,
92,0,17,6,102,1,
92,0,18,1,103,1,47.4138
92,0,18,2,104,1,
92,0,18,3,105,1,
92,0,18,4,106,1,31.3671
92,0,18,5,107,1,
92,0,18,6,108,1,
92,0,19,1,109,1,36.3204
92,0,19,2,110,1,36.9049
92,0,19,3,111,1,45.4893
92,0,19,4,112,1,49.8738
92,0,19,5,113,1,
92,0,19,6,114,1,
92,0,20,1,115,1,12.8271
92,0,20,2,116,1,30.4116
92,0,20,3,117,1,43.996
92,0,20,4,118,1,
92,0,20,5,119,1,
92,0,20,6,120,1,
92,0,21,1,121,1,
92,0,21,2,122,1,
92,0,21,3,123,1,
92,0,21,4,124,1,30.6872
92,0,21,5,125,1,
92,0,21,6,126,1,
92,0,22,1,127,1,29.4405
92,0,22,2,128,1,39.625
92,0,22,3,129,1,36.0094
92,0,22,4,130,1,39.7939
92,0,22,5,131,1,
92,0,22,6,132,1,
92,0,23,1,133,1,37.3472
92,0,23,2,134,1,
92,0,23,3,135,1,9.5161
92,0,23,4,136,1,39.7006
92,0,23,5,137,1,
92,0,23,6,138,1,
92,0,24,1,139,1,41.4539
92,0,24,2,140,1,28.8383
92,0,24,3,141,1,10.0228
92,0,24,4,142,1,39.0072
92,0,24,5,143,1,
92,0,24,6,144,1,
92,0,25,1,145,1,
92,0,25,2,146,1,27.545
92,0,25,3,147,1,22.5295
92,0,25,4,148,1,16.5139
92,0,25,5,149,1,
92,0,25,6,150,1,
92,0,26,1,151,1,29.6673
92,0,26,2,152,1,32.6517
92,0,26,3,153,1,27.6362
92,0,26,4,154,1,25.2206
92,0,26,5,155,1,
92,0,26,6,156,1,
92,0,27,1,157,1,16.174
92,0,27,2,158,1,19.5584
92,0,27,3,159,1,33.7429
92,0,27,4,160,1,
92,0,27,5,161,1,
92,0,27,6,162,1,
92,0,28,1,163,1,28.8807
92,0,28,2,164,1,15.8651
92,0,28,3,165,1,17.0496
92,0,28,4,166,1,15.634
92,0,28,5,167,1,
92,0,28,6,168,1,
93,0,1,1,1,0,0
93,0,1,2,2,0,0
93,0,1,3,3,0,23.9689
93,0,1,4,4,0,0
93,0,1,5,5,0,
93,0,1,6,6,0,
93,0,2,1,7,0,11.9067
93,0,2,2,8,0,0
93,0,2,3,9,0,15.8756
93,0,2,4,10,0,0
93,0,2,5,11,0,
93,0,2,6,12,0,
93,0,3,1,13,0,0
93,0,3,2,14,0,0
93,0,3,3,15,0,0
93,0,3,4,16,0,23.7667
93,0,3,5,17,0,
93,0,3,6,18,0,
93,0,4,1,19,0,0
93,0,4,2,20,0,0
93,0,4,3,21,0,0
93,0,4,4,22,0,0
93,0,4,5,23,0,
93,0,4,6,24,0,
93,0,5,1,25,0,0
93,0,5,2,26,0,0
93,0,5,3,27,0,0
93,0,5,4,28,0,7.5801
93,0,5,5,29,0,
93,0,5,6,30,0,
93,0,6,1,31,0,0
93,0,6,2,32,0,0
93,0,6,3,33,0,0
93,0,6,4,34,0,0
93,0,6,5,35,0,
93,0,6,6,36,0,
93,0,7,1,37,0,0
93,0,7,2,38,0,0
93,0,7,3,39,0,0
93,0,7,4,40,0,0
93,0,7,5,41,0,
93,0,7,6,42,0,
93,0,8,1,43,0,0
93,0,8,2,44,0,0
93,0,8,3,45,0,0
93,0,8,4,46,0,0
93,0,8,5,47,0,
93,0,8,6,48,0,
93,0,9,1,49,1,0
93,0,9,2,50,1,0
93,0,9,3,51,1,0
93,0,9,4,52,1,0
93,0,9,5,53,1,
93,0,9,6,54,1,
93,0,10,1,55,1,0
93,0,10,2,56,1,0
93,0,10,3,57,1,0
93,0,10,4,58,1,0
93,0,10,5,59,1,
93,0,10,6,60,1,
93,0,11,1,61,1,0
93,0,11,2,62,1,0
93,0,11,3,63,1,0
93,0,11,4,64,1,0
93,0,11,5,65,1,
93,0,11,6,66,1,
93,0,12,1,67,1,0
93,0,12,2,68,1,0
93,0,12,3,69,1,0
93,0,12,4,70,1,0
93,0,12,5,71,1,
93,0,12,6,72,1,
93,0,13,1,73,1,0
93,0,13,2,74,1,0
93,0,13,3,75,1,0
93,0,13,4,76,1,0
93,0,13,5,77,1,
93,0,13,6,78,1,
93,0,14,1,79,1,0
93,0,14,2,80,1,
93,0,14,3,81,1,0
93,0,14,4,82,1,21.7403
93,0,14,5,83,1,
93,0,14,6,84,1,
93,0,15,1,85,1,0
93,0,15,2,86,1,0
93,0,15,3,87,1,0
93,0,15,4,88,1,0
93,0,15,5,89,1,
93,0,15,6,90,1,
93,0,16,1,91,1,0
93,0,16,2,92,1,0
93,0,16,3,93,1,0
93,0,16,4,94,1,0
93,0,16,5,95,1,
93,0,16,6,96,1,
93,0,17,1,97,1,0
93,0,17,2,98,1,0
93,0,17,3,99,1,0
93,0,17,4,100,1,0
93,0,17,5,101,1,
93,0,17,6,102,1,
93,0,18,1,103,1,0
93,0,18,2,104,1,0
93,0,18,3,105,1,0
93,0,18,4,106,1,0
93,0,18,5,107,1,
93,0,18,6,108,1,
93,0,19,1,109,1,0
93,0,19,2,110,1,0
93,0,19,3,111,1,0
93,0,19,4,112,1,0
93,0,19,5,113,1,
93,0,19,6,114,1,
93,0,20,1,115,1,0
93,0,20,2,116,1,0
93,0,20,3,117,1,0
93,0,20,4,118,1,1.1805
93,0,20,5,119,1,
93,0,20,6,120,1,
93,0,21,1,121,1,5.1338
93,0,21,2,122,1,0
93,0,21,3,123,1,0
93,0,21,4,124,1,0
93,0,21,5,125,1,
93,0,21,6,126,1,
93,0,22,1,127,1,0
93,0,22,2,128,1,0
93,0,22,3,129,1,9.0094
93,0,22,4,130,1,0
93,0,22,5,131,1,
93,0,22,6,132,1,
93,0,23,1,133,1,0
93,0,23,2,134,1,0
93,0,23,3,135,1,0
93,0,23,4,136,1,0
93,0,23,5,137,1,
93,0,23,6,138,1,
93,0,24,1,139,1,
93,0,24,2,140,1,0
93,0,24,3,141,1,0
93,0,24,4,142,1,0
93,0,24,5,143,1,
93,0,24,6,144,1,
93,0,25,1,145,1,0
93,0,25,2,146,1,0
93,0,25,3,147,1,0
93,0,25,4,148,1,0
93,0,25,5,149,1,
93,0,25,6,150,1,
93,0,26,1,151,1,0
93,0,26,2,152,1,0
93,0,26,3,153,1,0
93,0,26,4,154,1,0
93,0,26,5,155,1,
93,0,26,6,156,1,
93,0,27,1,157,1,0
93,0,27,2,158,1,0
93,0,27,3,159,1,0
93,0,27,4,160,1,4.5273
93,0,27,5,161,1,
93,0,27,6,162,1,
93,0,28,1,163,1,0
93,0,28,2,164,1,0
93,0,28,3,165,1,0
93,0,28,4,166,1,0
93,0,28,5,167,1,
93,0,28,6,168,1,
94,0,1,1,1,0,39.4
94,0,1,2,2,0,2.7844
94,0,1,3,3,0,33.3689
94,0,1,4,4,0,15.1533
94,0,1,5,5,0,
94,0,1,6,6,0,
94,0,2,1,7,0,0
94,0,2,2,8,0,20.8911
94,0,2,3,9,0,0
94,0,2,4,10,0,43.66
94,0,2,5,11,0,
94,0,2,6,12,0,
94,0,3,1,13,0,0
94,0,3,2,14,0,13.7978
94,0,3,3,15,0,0
94,0,3,4,16,0,49.7667
94,0,3,5,17,0,
94,0,3,6,18,0,
94,0,4,1,19,0,0
94,0,4,2,20,0,21.7045
94,0,4,3,21,0,9.889
94,0,4,4,22,0,0
94,0,4,5,23,0,
94,0,4,6,24,0,
94,0,5,1,25,0,0
94,0,5,2,26,0,10.6112
94,0,5,3,27,0,19.5957
94,0,5,4,28,0,0
94,0,5,5,29,0,
94,0,5,6,30,0,
94,0,6,1,31,0,0
94,0,6,2,32,0,37.1179
94,0,6,3,33,0,26.9024
94,0,6,4,34,0,10.0868
94,0,6,5,35,0,
94,0,6,6,36,0,
94,0,7,1,37,0,0
94,0,7,2,38,0,13.2246
94,0,7,3,39,0,33.209
94,0,7,4,40,0,15.5935
94,0,7,5,41,0,
94,0,7,6,42,0,
94,0,8,1,43,0,0
94,0,8,2,44,0,0
94,0,8,3,45,0,0
94,0,8,4,46,0,0
94,0,8,5,47,0,
94,0,8,6,48,0,
94,0,9,1,49,1,64.0535
94,0,9,2,50,1,14.238
94,0,9,3,51,1,19.2224
94,0,9,4,52,1,0
94,0,9,5,53,1,
94,0,9,6,54,1,
94,0,10,1,55,1,
94,0,10,2,56,1,0
94,0,10,3,57,1,0
94,0,10,4,58,1,1.9136
94,0,10,5,59,1,
94,0,10,6,60,1,
94,0,11,1,61,1,0
94,0,11,2,62,1,31.2514
94,0,11,3,63,1,11.8358
94,0,11,4,64,1,5.0203
94,0,11,5,65,1,
94,0,11,6,66,1,
94,0,12,1,67,1,0
94,0,12,2,68,1,12.3581
94,0,12,3,69,1,27.5425
94,0,12,4,70,1,10.527
94,0,12,5,71,1,
94,0,12,6,72,1,
94,0,13,1,73,1,24.6803
94,0,13,2,74,1,41.0647
94,0,13,3,75,1,11.0492
94,0,13,4,76,1,29.8336
94,0,13,5,77,1,
94,0,13,6,78,1,
94,0,14,1,79,1,0
94,0,14,2,80,1,0
94,0,14,3,81,1,25.3559
94,0,14,4,82,1,0
94,0,14,5,83,1,
94,0,14,6,84,1,
94,0,15,1,85,1,0
94,0,15,2,86,1,0
94,0,15,3,87,1,5.6626
94,0,15,4,88,1,1.247
94,0,15,5,89,1,
94,0,15,6,90,1,
94,0,16,1,91,1,2.8004
94,0,16,2,92,1,0
94,0,16,3,93,1,0
94,0,16,4,94,1,0
94,0,16,5,95,1,
94,0,16,6,96,1,
94,0,17,1,97,1,0
94,0,17,2,98,1,0
94,0,17,3,99,1,0
94,0,17,4,100,1,0
94,0,17,5,101,1,
94,0,17,6,102,1,
94,0,18,1,103,1,36.2138
94,0,18,2,104,1,1.7982
94,0,18,3,105,1,0
94,0,18,4,106,1,6.3671
94,0,18,5,107,1,
94,0,18,6,108,1,
94,0,19,1,109,1,0
94,0,19,2,110,1,10.1049
94,0,19,3,111,1,8.8893
94,0,19,4,112,1,10.8738
94,0,19,5,113,1,
94,0,19,6,114,1,
94,0,20,1,115,1,6.0271
94,0,20,2,116,1,0
94,0,20,3,117,1,9.596
94,0,20,4,118,1,1.1805
94,0,20,5,119,1,
94,0,20,6,120,1,
94,0,21,1,121,1,0
94,0,21,2,122,1,11.1183
94,0,21,3,123,1,20.7027
94,0,21,4,124,1,0
94,0,21,5,125,1,
94,0,21,6,126,1,
94,0,22,1,127,1,0
94,0,22,2,128,1,11.025
94,0,22,3,129,1,7.6094
94,0,22,4,130,1,8.1939
94,0,22,5,131,1,
94,0,22,6,132,1,
94,0,23,1,133,1,0
94,0,23,2,134,1,0
94,0,23,3,135,1,3.1161
94,0,23,4,136,1,0
94,0,23,5,137,1,
94,0,23,6,138,1,
94,0,24,1,139,1,0
94,0,24,2,140,1,0
94,0,24,3,141,1,0
94,0,24,4,142,1,0
94,0,24,5,143,1,
94,0,24,6,144,1,
94,0,25,1,145,1,0
94,0,25,2,146,1,0
94,0,25,3,147,1,0
94,0,25,4,148,1,0
94,0,25,5,149,1,
94,0,25,6,150,1,
94,0,26,1,151,1,0
94,0,26,2,152,1,0
94,0,26,3,153,1,0
94,0,26,4,154,1,0
94,0,26,5,155,1,
94,0,26,6,156,1,
94,0,27,1,157,1,0
94,0,27,2,158,1,0
94,0,27,3,159,1,0
94,0,27,4,160,1,0
94,0,27,5,161,1,
94,0,27,6,162,1,
94,0,28,1,163,1,0
94,0,28,2,164,1,0
94,0,28,3,165,1,0.8496
94,0,28,4,166,1,0
94,0,28,5,167,1,
94,0,28,6,168,1,
95,0,1,1,1,0,16
95,0,1,2,2,0,13.1844
95,0,1,3,3,0,30.7689
95,0,1,4,4,0,18.1533
95,0,1,5,5,0,
95,0,1,6,6,0,
95,0,2,1,7,0,16.7067
95,0,2,2,8,0,30.2911
95,0,2,3,9,0,28.8756
95,0,2,4,10,0,2.86
95,0,2,5,11,0,
95,0,2,6,12,0,
95,0,3,1,13,0,15.8134
95,0,3,2,14,0,16.7978
95,0,3,3,15,0,35.7823
95,0,3,4,16,0,13.7667
95,0,3,5,17,0,
95,0,3,6,18,0,
95,0,4,1,19,0,8.7201
95,0,4,2,20,0,4.7045
95,0,4,3,21,0,5.689
95,0,4,4,22,0,15.6734
95,0,4,5,23,0,
95,0,4,6,24,0,
95,0,5,1,25,0,27.6268
95,0,5,2,26,0,10.6112
95,0,5,3,27,0,8.5957
95,0,5,4,28,0,23.5801
95,0,5,5,29,0,
95,0,5,6,30,0,
95,0,6,1,31,0,28.5335
95,0,6,2,32,0,20.5179
95,0,6,3,33,0,9.5024
95,0,6,4,34,0,19.4868
95,0,6,5,35,0,
95,0,6,6,36,0,
95,0,7,1,37,0,17.4401
95,0,7,2,38,0,19.4246
95,0,7,3,39,0,5.409
95,0,7,4,40,0,8.3935
95,0,7,5,41,0,
95,0,7,6,42,0,
95,0,8,1,43,0,17.9468
95,0,8,2,44,0,19.7313
95,0,8,3,45,0,13.3157
95,0,8,4,46,0,21.3002
95,0,8,5,47,0,
95,0,8,6,48,0,
95,0,9,1,49,1,18.8535
95,0,9,2,50,1,18.038
95,0,9,3,51,1,24.8224
95,0,9,4,52,1,26.6069
95,0,9,5,53,1,
95,0,9,6,54,1,
95,0,10,1,55,1,32.3602
95,0,10,2,56,1,
95,0,10,3,57,1,36.5291
95,0,10,4,58,1,18.9136
95,0,10,5,59,1,
95,0,10,6,60,1,
95,0,11,1,61,1,13.4669
95,0,11,2,62,1,25.6514
95,0,11,3,63,1,13.6358
95,0,11,4,64,1,29.4203
95,0,11,5,65,1,
95,0,11,6,66,1,
95,0,12,1,67,1,16.1736
95,0,12,2,68,1,17.3581
95,0,12,3,69,1,15.7425
95,0,12,4,70,1,15.127
95,0,12,5,71,1,
95,0,12,6,72,1,
95,0,13,1,73,1,15.8803
95,0,13,2,74,1,16.4647
95,0,13,3,75,1,19.4492
95,0,13,4,76,1,8.0336
95,0,13,5,77,1,
95,0,13,6,78,1,
95,0,14,1,79,1,15.387
95,0,14,2,80,1,2.9714
95,0,14,3,81,1,17.9559
95,0,14,4,82,1,27.5403
95,0,14,5,83,1,
95,0,14,6,84,1,
95,0,15,1,85,1,21.6937
95,0,15,2,86,1,18.0781
95,0,15,3,87,1,21.6626
95,0,15,4,88,1,29.847
95,0,15,5,89,1,
95,0,15,6,90,1,
95,0,16,1,91,1,11.0004
95,0,16,2,92,1,16.7848
95,0,16,3,93,1,9.1693
95,0,16,4,94,1,12.1537
95,0,16,5,95,1,
95,0,16,6,96,1,
95,0,17,1,97,1,32.3071
95,0,17,2,98,1,16.8915
95,0,17,3,99,1,14.676
95,0,17,4,100,1,18.6604
95,0,17,5,101,1,
95,0,17,6,102,1,
95,0,18,1,103,1,21.4138
95,0,18,2,104,1,15.5982
95,0,18,3,105,1,16.9826
95,0,18,4,106,1,13.3671
95,0,18,5,107,1,
95,0,18,6,108,1,
95,0,19,1,109,1,22.1204
95,0,19,2,110,1,17.1049
95,0,19,3,111,1,14.8893
95,0,19,4,112,1,18.6738
95,0,19,5,113,1,
95,0,19,6,114,1,
95,0,20,1,115,1,13.2271
95,0,20,2,116,1,19.2116
95,0,20,3,117,1,14.996
95,0,20,4,118,1,10.3805
95,0,20,5,119,1,
95,0,20,6,120,1,
95,0,21,1,121,1,5.9338
95,0,21,2,122,1,10.5183
95,0,21,3,123,1,6.3027
95,0,21,4,124,1,3.0872
95,0,21,5,125,1,
95,0,21,6,126,1,
95,0,22,1,127,1,18.6405
95,0,22,2,128,1,21.425
95,0,22,3,129,1,31.2094
95,0,22,4,130,1,10.9939
95,0,22,5,131,1,
95,0,22,6,132,1,
95,0,23,1,133,1,4.7472
95,0,23,2,134,1,12.5317
95,0,23,3,135,1,16.5161
95,0,23,4,136,1,10.1006
95,0,23,5,137,1,
95,0,23,6,138,1,
95,0,24,1,139,1,7.6539
95,0,24,2,140,1,7.6383
95,0,24,3,141,1,6.4228
95,0,24,4,142,1,14.4072
95,0,24,5,143,1,
95,0,24,6,144,1,
95,0,25,1,145,1,9.1606
95,0,25,2,146,1,14.545
95,0,25,3,147,1,6.9295
95,0,25,4,148,1,9.7139
95,0,25,5,149,1,
95,0,25,6,150,1,
95,0,26,1,151,1,24.4673
95,0,26,2,152,1,14.6517
95,0,26,3,153,1,7.0362
95,0,26,4,154,1,8.6206
95,0,26,5,155,1,
95,0,26,6,156,1,
95,0,27,1,157,1,7.974
95,0,27,2,158,1,15.3584
95,0,27,3,159,1,12.7429
95,0,27,4,160,1,13.5273
95,0,27,5,161,1,
95,0,27,6,162,1,
95,0,28,1,163,1,4.2807
95,0,28,2,164,1,5.4651
95,0,28,3,165,1,11.4496
95,0,28,4,166,1,19.434
95,0,28,5,167,1,
95,0,28,6,168,1,
96,1,1,1,1,0,13.6
96,1,1,2,2,0,13.3844
96,1,1,3,3,0,0
96,1,1,4,4,0,0
96,1,1,5,5,0,
96,1,1,6,6,0,
96,1,2,1,7,0,0
96,1,2,2,8,0,0
96,1,2,3,9,0,0
96,1,2,4,10,0,2.66
96,1,2,5,11,0,
96,1,2,6,12,0,
96,1,3,1,13,0,4.4134
96,1,3,2,14,0,1.5978
96,1,3,3,15,0,7.3823
96,1,3,4,16,0,0
96,1,3,5,17,0,
96,1,3,6,18,0,
96,1,4,1,19,0,0
96,1,4,2,20,0,3.3045
96,1,4,3,21,0,1.689
96,1,4,4,22,0,0
96,1,4,5,23,0,
96,1,4,6,24,0,
96,1,5,1,25,0,0
96,1,5,2,26,0,0
96,1,5,3,27,0,0
96,1,5,4,28,0,0
96,1,5,5,29,0,
96,1,5,6,30,0,
96,1,6,1,31,0,7.3335
96,1,6,2,32,0,2.3179
96,1,6,3,33,0,0
96,1,6,4,34,0,0
96,1,6,5,35,0,
96,1,6,6,36,0,
96,1,7,1,37,0,7.0401
96,1,7,2,38,0,0.2246
96,1,7,3,39,0,0.209
96,1,7,4,40,0,0
96,1,7,5,41,0,
96,1,7,6,42,0,
96,1,8,1,43,0,8.1468
96,1,8,2,44,0,9.5313
96,1,8,3,45,0,4.9157
96,1,8,4,46,0,0
96,1,8,5,47,0,
96,1,8,6,48,0,
96,1,9,1,49,1,5.0535
96,1,9,2,50,1,23.638
96,1,9,3,51,1,2.2224
96,1,9,4,52,1,0
96,1,9,5,53,1,
96,1,9,6,54,1,
96,1,10,1,55,1,10.9602
96,1,10,2,56,1,11.1447
96,1,10,3,57,1,0
96,1,10,4,58,1,0
96,1,10,5,59,1,
96,1,10,6,60,1,
96,1,11,1,61,1,9.4669
96,1,11,2,62,1,0
96,1,11,3,63,1,0
96,1,11,4,64,1,17.8203
96,1,11,5,65,1,
96,1,11,6,66,1,
96,1,12,1,67,1,0
96,1,12,2,68,1,0
96,1,12,3,69,1,1.7425
96,1,12,4,70,1,3.127
96,1,12,5,71,1,
96,1,12,6,72,1,
96,1,13,1,73,1,2.2803
96,1,13,2,74,1,0
96,1,13,3,75,1,7.2492
96,1,13,4,76,1,8.0336
96,1,13,5,77,1,
96,1,13,6,78,1,
96,1,14,1,79,1,10.587
96,1,14,2,80,1,12.7714
96,1,14,3,81,1,3.7559
96,1,14,4,82,1,0.5403
96,1,14,5,83,1,
96,1,14,6,84,1,
96,1,15,1,85,1,0
96,1,15,2,86,1,6.4781
96,1,15,3,87,1,15.8626
96,1,15,4,88,1,0
96,1,15,5,89,1,
96,1,15,6,90,1,
96,1,16,1,91,1,2.4004
96,1,16,2,92,1,13.3848
96,1,16,3,93,1,0
96,1,16,4,94,1,5.1537
96,1,16,5,95,1,
96,1,16,6,96,1,
96,1,17,1,97,1,7.9071
96,1,17,2,98,1,1.4915
96,1,17,3,99,1,14.476
96,1,17,4,100,1,3.8604
96,1,17,5,101,1,
96,1,17,6,102,1,
96,1,18,1,103,1,11.2138
96,1,18,2,104,1,10.3982
96,1,18,3,105,1,13.1826
96,1,18,4,106,1,0
96,1,18,5,107,1,
96,1,18,6,108,1,
96,1,19,1,109,1,0
96,1,19,2,110,1,0
96,1,19,3,111,1,0
96,1,19,4,112,1,0
96,1,19,5,113,1,
96,1,19,6,114,1,
96,1,20,1,115,1,0
96,1,20,2,116,1,44.2116
96,1,20,3,117,1,0
96,1,20,4,118,1,0
96,1,20,5,119,1,
96,1,20,6,120,1,
96,1,21,1,121,1,10.3338
96,1,21,2,122,1,0.5183
96,1,21,3,123,1,18.9027
96,1,21,4,124,1,0
96,1,21,5,125,1,
96,1,21,6,126,1,
96,1,22,1,127,1,1.4405
96,1,22,2,128,1,0
96,1,22,3,129,1,0
96,1,22,4,130,1,1.9939
96,1,22,5,131,1,
96,1,22,6,132,1,
96,1,23,1,133,1,9.9472
96,1,23,2,134,1,0
96,1,23,3,135,1,4.7161
96,1,23,4,136,1,0
96,1,23,5,137,1,
96,1,23,6,138,1,
96,1,24,1,139,1,1.4539
96,1,24,2,140,1,9.6383
96,1,24,3,141,1,19.4228
96,1,24,4,142,1,0
96,1,24,5,143,1,
96,1,24,6,144,1,
96,1,25,1,145,1,16.5606
96,1,25,2,146,1,0
96,1,25,3,147,1,0
96,1,25,4,148,1,0
96,1,25,5,149,1,
96,1,25,6,150,1,
96,1,26,1,151,1,8.8673
96,1,26,2,152,1,0
96,1,26,3,153,1,0
96,1,26,4,154,1,8.2206
96,1,26,5,155,1,
96,1,26,6,156,1,
96,1,27,1,157,1,10.574
96,1,27,2,158,1,0
96,1,27,3,159,1,
96,1,27,4,160,1,11.1273
96,1,27,5,161,1,
96,1,27,6,162,1,
96,1,28,1,163,1,0
96,1,28,2,164,1,7.6651
96,1,28,3,165,1,0
96,1,28,4,166,1,0
96,1,28,5,167,1,
96,1,28,6,168,1,
97,1,1,1,1,0,19.2
97,1,1,2,2,0,24.7844
97,1,1,3,3,0,30.3689
97,1,1,4,4,0,25.7533
97,1,1,5,5,0,
97,1,1,6,6,0,
97,1,2,1,7,0,33.3067
97,1,2,2,8,0,23.4911
97,1,2,3,9,0,10.4756
97,1,2,4,10,0,
97,1,2,5,11,0,
97,1,2,6,12,0,
97,1,3,1,13,0,10.6134
97,1,3,2,14,0,14.7978
97,1,3,3,15,0,14.3823
97,1,3,4,16,0,34.9667
97,1,3,5,17,0,
97,1,3,6,18,0,
97,1,4,1,19,0,10.3201
97,1,4,2,20,0,6.7045
97,1,4,3,21,0,9.289
97,1,4,4,22,0,5.4734
97,1,4,5,23,0,
97,1,4,6,24,0,
97,1,5,1,25,0,21.0268
97,1,5,2,26,0,18.6112
97,1,5,3,27,0,23.9957
97,1,5,4,28,0,7.5801
97,1,5,5,29,0,
97,1,5,6,30,0,
97,1,6,1,31,0,8.1335
97,1,6,2,32,0,15.3179
97,1,6,3,33,0,12.7024
97,1,6,4,34,0,16.6868
97,1,6,5,35,0,
97,1,6,6,36,0,
97,1,7,1,37,0,13.2401
97,1,7,2,38,0,10.8246
97,1,7,3,39,0,13.609
97,1,7,4,40,0,5.1935
97,1,7,5,41,0,
97,1,7,6,42,0,
97,1,8,1,43,0,9.1468
97,1,8,2,44,0,10.5313
97,1,8,3,45,0,
97,1,8,4,46,0,7.3002
97,1,8,5,47,0,
97,1,8,6,48,0,
97,1,9,1,49,1,4.4535
97,1,9,2,50,1,15.638
97,1,9,3,51,1,6.0224
97,1,9,4,52,1,
97,1,9,5,53,1,
97,1,9,6,54,1,
97,1,10,1,55,1,6.1602
97,1,10,2,56,1,3.5447
97,1,10,3,57,1,8.3291
97,1,10,4,58,1,10.3136
97,1,10,5,59,1,
97,1,10,6,60,1,
97,1,11,1,61,1,
97,1,11,2,62,1,2.2514
97,1,11,3,63,1,10.2358
97,1,11,4,64,1,5.0203
97,1,11,5,65,1,
97,1,11,6,66,1,
97,1,12,1,67,1,6.7736
97,1,12,2,68,1,9.1581
97,1,12,3,69,1,13.7425
97,1,12,4,70,1,18.527
97,1,12,5,71,1,
97,1,12,6,72,1,
97,1,13,1,73,1,12.2803
97,1,13,2,74,1,11.6647
97,1,13,3,75,1,26.4492
97,1,13,4,76,1,16.8336
97,1,13,5,77,1,
97,1,13,6,78,1,
97,1,14,1,79,1,13.787
97,1,14,2,80,1,16.1714
97,1,14,3,81,1,18.3559
97,1,14,4,82,1,11.5403
97,1,14,5,83,1,
97,1,14,6,84,1,
97,1,15,1,85,1,14.0937
97,1,15,2,86,1,10.2781
97,1,15,3,87,1,13.2626
97,1,15,4,88,1,8.847
97,1,15,5,89,1,
97,1,15,6,90,1,
97,1,16,1,91,1,13.8004
97,1,16,2,92,1,14.5848
97,1,16,3,93,1,16.9693
97,1,16,4,94,1,18.7537
97,1,16,5,95,1,
97,1,16,6,96,1,
97,1,17,1,97,1,13.1071
97,1,17,2,98,1,9.0915
97,1,17,3,99,1,7.076
97,1,17,4,100,1,17.6604
97,1,17,5,101,1,
97,1,17,6,102,1,
97,1,18,1,103,1,
97,1,18,2,104,1,
97,1,18,3,105,1,21.3826
97,1,18,4,106,1,23.3671
97,1,18,5,107,1,
97,1,18,6,108,1,
97,1,19,1,109,1,
97,1,19,2,110,1,7.5049
97,1,19,3,111,1,13.0893
97,1,19,4,112,1,
97,1,19,5,113,1,
97,1,19,6,114,1,
97,1,20,1,115,1,15.2271
97,1,20,2,116,1,19.6116
97,1,20,3,117,1,20.996
97,1,20,4,118,1,17.9805
97,1,20,5,119,1,
97,1,20,6,120,1,
97,1,21,1,121,1,16.5338
97,1,21,2,122,1,15.3183
97,1,21,3,123,1,14.7027
97,1,21,4,124,1,18.2872
97,1,21,5,125,1,
97,1,21,6,126,1,
97,1,22,1,127,1,24.0405
97,1,22,2,128,1,27.425
97,1,22,3,129,1,34.6094
97,1,22,4,130,1,32.5939
97,1,22,5,131,1,
97,1,22,6,132,1,
97,1,23,1,133,1,24.3472
97,1,23,2,134,1,18.7317
97,1,23,3,135,1,27.7161
97,1,23,4,136,1,17.3006
97,1,23,5,137,1,
97,1,23,6,138,1,
97,1,24,1,139,1,15.8539
97,1,24,2,140,1,22.6383
97,1,24,3,141,1,
97,1,24,4,142,1,21.0072
97,1,24,5,143,1,
97,1,24,6,144,1,
97,1,25,1,145,1,18.7606
97,1,25,2,146,1,23.745
97,1,25,3,147,1,27.1295
97,1,25,4,148,1,25.3139
97,1,25,5,149,1,
97,1,25,6,150,1,
97,1,26,1,151,1,24.2673
97,1,26,2,152,1,20.8517
97,1,26,3,153,1,23.0362
97,1,26,4,154,1,22.8206
97,1,26,5,155,1,
97,1,26,6,156,1,
97,1,27,1,157,1,28.374
97,1,27,2,158,1,30.7584
97,1,27,3,159,1,22.3429
97,1,27,4,160,1,26.7273
97,1,27,5,161,1,
97,1,27,6,162,1,
97,1,28,1,163,1,31.2807
97,1,28,2,164,1,24.2651
97,1,28,3,165,1,20.8496
97,1,28,4,166,1,21.234
97,1,28,5,167,1,
97,1,28,6,168,1,
98,0,1,1,1,0,22.8
98,0,1,2,2,0,77.9844
98,0,1,3,3,0,14.1689
98,0,1,4,4,0,9.5533
98,0,1,5,5,0,
98,0,1,6,6,0,
98,0,2,1,7,0,24.3067
98,0,2,2,8,0,14.8911
98,0,2,3,9,0,30.6756
98,0,2,4,10,0,10.06
98,0,2,5,11,0,
98,0,2,6,12,0,
98,0,3,1,13,0,12.0134
98,0,3,2,14,0,8.7978
98,0,3,3,15,0,9.3823
98,0,3,4,16,0,15.9667
98,0,3,5,17,0,
98,0,3,6,18,0,
98,0,4,1,19,0,30.7201
98,0,4,2,20,0,14.7045
98,0,4,3,21,0,14.689
98,0,4,4,22,0,11.6734
98,0,4,5,23,0,
98,0,4,6,24,0,
98,0,5,1,25,0,
98,0,5,2,26,0,17.6112
98,0,5,3,27,0,23.1957
98,0,5,4,28,0,17.5801
98,0,5,5,29,0,
98,0,5,6,30,0,
98,0,6,1,31,0,20.1335
98,0,6,2,32,0,18.5179
98,0,6,3,33,0,6.1024
98,0,6,4,34,0,18.4868
98,0,6,5,35,0,
98,0,6,6,36,0,
98,0,7,1,37,0,8.4401
98,0,7,2,38,0,12.2246
98,0,7,3,39,0,9.809
98,0,7,4,40,0,9.9935
98,0,7,5,41,0,
98,0,7,6,42,0,
98,0,8,1,43,0,13.3468
98,0,8,2,44,0,12.3313
98,0,8,3,45,0,10.1157
98,0,8,4,46,0,56.1002
98,0,8,5,47,0,
98,0,8,6,48,0,
98,0,9,1,49,1,4.8535
98,0,9,2,50,1,40.038
98,0,9,3,51,1,9.8224
98,0,9,4,52,1,11.2069
98,0,9,5,53,1,
98,0,9,6,54,1,
98,0,10,1,55,1,25.3602
98,0,10,2,56,1,34.9447
98,0,10,3,57,1,32.5291
98,0,10,4,58,1,11.1136
98,0,10,5,59,1,
98,0,10,6,60,1,
98,0,11,1,61,1,19.6669
98,0,11,2,62,1,39.4514
98,0,11,3,63,1,31.0358
98,0,11,4,64,1,35.8203
98,0,11,5,65,1,
98,0,11,6,66,1,
98,0,12,1,67,1,12.9736
98,0,12,2,68,1,40.1581
98,0,12,3,69,1,54.1425
98,0,12,4,70,1,27.927
98,0,12,5,71,1,
98,0,12,6,72,1,
98,0,13,1,73,1,13.4803
98,0,13,2,74,1,34.6647
98,0,13,3,75,1,14.0492
98,0,13,4,76,1,9.2336
98,0,13,5,77,1,
98,0,13,6,78,1,
98,0,14,1,79,1,45.587
98,0,14,2,80,1,47.3714
98,0,14,3,81,1,29.7559
98,0,14,4,82,1,8.5403
98,0,14,5,83,1,
98,0,14,6,84,1,
98,0,15,1,85,1,13.8937
98,0,15,2,86,1,11.0781
98,0,15,3,87,1,26.2626
98,0,15,4,88,1,12.647
98,0,15,5,89,1,
98,0,15,6,90,1,
98,0,16,1,91,1,11.6004
98,0,16,2,92,1,
98,0,16,3,93,1,11.9693
98,0,16,4,94,1,47.3537
98,0,16,5,95,1,
98,0,16,6,96,1,
98,0,17,1,97,1,8.5071
98,0,17,2,98,1,14.4915
98,0,17,3,99,1,9.076
98,0,17,4,100,1,21.4604
98,0,17,5,101,1,
98,0,17,6,102,1,
98,0,18,1,103,1,7.6138
98,0,18,2,104,1,11.1982
98,0,18,3,105,1,7.9826
98,0,18,4,106,1,8.3671
98,0,18,5,107,1,
98,0,18,6,108,1,
98,0,19,1,109,1,
98,0,19,2,110,1,7.9049
98,0,19,3,111,1,15.4893
98,0,19,4,112,1,14.2738
98,0,19,5,113,1,
98,0,19,6,114,1,
98,0,20,1,115,1,21.2271
98,0,20,2,116,1,8.2116
98,0,20,3,117,1,3.396
98,0,20,4,118,1,7.1805
98,0,20,5,119,1,
98,0,20,6,120,1,
98,0,21,1,121,1,4.1338
98,0,21,2,122,1,10.1183
98,0,21,3,123,1,4.9027
98,0,21,4,124,1,27.6872
98,0,21,5,125,1,
98,0,21,6,126,1,
98,0,22,1,127,1,5.2405
98,0,22,2,128,1,6.225
98,0,22,3,129,1,7.6094
98,0,22,4,130,1,6.3939
98,0,22,5,131,1,
98,0,22,6,132,1,
98,0,23,1,133,1,46.3472
98,0,23,2,134,1,13.3317
98,0,23,3,135,1,5.1161
98,0,23,4,136,1,8.3006
98,0,23,5,137,1,
98,0,23,6,138,1,
98,0,24,1,139,1,75.8539
98,0,24,2,140,1,46.4383
98,0,24,3,141,1,9.4228
98,0,24,4,142,1,3.8072
98,0,24,5,143,1,
98,0,24,6,144,1,
98,0,25,1,145,1,11.5606
98,0,25,2,146,1,6.545
98,0,25,3,147,1,37.5295
98,0,25,4,148,1,4.1139
98,0,25,5,149,1,
98,0,25,6,150,1,
98,0,26,1,151,1,8.2673
98,0,26,2,152,1,5.0517
98,0,26,3,153,1,4.8362
98,0,26,4,154,1,0.6206
98,0,26,5,155,1,
98,0,26,6,156,1,
98,0,27,1,157,1,49.774
98,0,27,2,158,1,9.5584
98,0,27,3,159,1,6.9429
98,0,27,4,160,1,0.7273
98,0,27,5,161,1,
98,0,27,6,162,1,
98,0,28,1,163,1,
98,0,28,2,164,1,72.0651
98,0,28,3,165,1,5.4496
98,0,28,4,166,1,5.034
98,0,28,5,167,1,
98,0,28,6,168,1,
99,1,1,1,1,0,32.6
99,1,1,2,2,0,21.3844
99,1,1,3,3,0,43.7689
99,1,1,4,4,0,25.5533
99,1,1,5,5,0,
99,1,1,6,6,0,
99,1,2,1,7,0,8.9067
99,1,2,2,8,0,16.8911
99,1,2,3,9,0,13.6756
99,1,2,4,10,0,13.06
99,1,2,5,11,0,
99,1,2,6,12,0,
99,1,3,1,13,0,5.6134
99,1,3,2,14,0,8.3978
99,1,3,3,15,0,6.7823
99,1,3,4,16,0,10.1667
99,1,3,5,17,0,
99,1,3,6,18,0,
99,1,4,1,19,0,14.1201
99,1,4,2,20,0,10.7045
99,1,4,3,21,0,10.689
99,1,4,4,22,0,9.4734
99,1,4,5,23,0,
99,1,4,6,24,0,
99,1,5,1,25,0,21.8268
99,1,5,2,26,0,12.8112
99,1,5,3,27,0,
99,1,5,4,28,0,11.3801
99,1,5,5,29,0,
99,1,5,6,30,0,
99,1,6,1,31,0,16.1335
99,1,6,2,32,0,15.1179
99,1,6,3,33,0,20.1024
99,1,6,4,34,0,18.2868
99,1,6,5,35,0,
99,1,6,6,36,0,
99,1,7,1,37,0,20.2401
99,1,7,2,38,0,15.2246
99,1,7,3,39,0,
99,1,7,4,40,0,17.5935
99,1,7,5,41,0,
99,1,7,6,42,0,
99,1,8,1,43,0,9.3468
99,1,8,2,44,0,12.3313
99,1,8,3,45,0,14.3157
99,1,8,4,46,0,16.5002
99,1,8,5,47,0,
99,1,8,6,48,0,
99,1,9,1,49,1,21.6535
99,1,9,2,50,1,15.838
99,1,9,3,51,1,
99,1,9,4,52,1,21.2069
99,1,9,5,53,1,
99,1,9,6,54,1,
99,1,10,1,55,1,3.7602
99,1,10,2,56,1,12.7447
99,1,10,3,57,1,19.9291
99,1,10,4,58,1,17.1136
99,1,10,5,59,1,
99,1,10,6,60,1,
99,1,11,1,61,1,13.4669
99,1,11,2,62,1,13.4514
99,1,11,3,63,1,11.2358
99,1,11,4,64,1,14.8203
99,1,11,5,65,1,
99,1,11,6,66,1,
99,1,12,1,67,1,13.5736
99,1,12,2,68,1,27.7581
99,1,12,3,69,1,30.9425
99,1,12,4,70,1,14.327
99,1,12,5,71,1,
99,1,12,6,72,1,
99,1,13,1,73,1,13.6803
99,1,13,2,74,1,19.4647
99,1,13,3,75,1,19.0492
99,1,13,4,76,1,24.0336
99,1,13,5,77,1,
99,1,13,6,78,1,
99,1,14,1,79,1,21.387
99,1,14,2,80,1,21.1714
99,1,14,3,81,1,15.9559
99,1,14,4,82,1,20.3403
99,1,14,5,83,1,
99,1,14,6,84,1,
99,1,15,1,85,1,27.4937
99,1,15,2,86,1,18.6781
99,1,15,3,87,1,16.4626
99,1,15,4,88,1,17.247
99,1,15,5,89,1,
99,1,15,6,90,1,
99,1,16,1,91,1,19.6004
99,1,16,2,92,1,18.3848
99,1,16,3,93,1,16.9693
99,1,16,4,94,1,17.3537
99,1,16,5,95,1,
99,1,16,6,96,1,
99,1,17,1,97,1,8.5071
99,1,17,2,98,1,13.2915
99,1,17,3,99,1,21.876
99,1,17,4,100,1,21.6604
99,1,17,5,101,1,
99,1,17,6,102,1,
99,1,18,1,103,1,21.0138
99,1,18,2,104,1,11.5982
99,1,18,3,105,1,33.1826
99,1,18,4,106,1,18.9671
99,1,18,5,107,1,
99,1,18,6,108,1,
99,1,19,1,109,1,30.1204
99,1,19,2,110,1,20.3049
99,1,19,3,111,1,15.0893
99,1,19,4,112,1,22.2738
99,1,19,5,113,1,
99,1,19,6,114,1,
99,1,20,1,115,1,11.4271
99,1,20,2,116,1,
99,1,20,3,117,1,8.996
99,1,20,4,118,1,16.9805
99,1,20,5,119,1,
99,1,20,6,120,1,
99,1,21,1,121,1,21.5338
99,1,21,2,122,1,21.9183
99,1,21,3,123,1,14.1027
99,1,21,4,124,1,
99,1,21,5,125,1,
99,1,21,6,126,1,
99,1,22,1,127,1,14.0405
99,1,22,2,128,1,10.625
99,1,22,3,129,1,
99,1,22,4,130,1,20.3939
99,1,22,5,131,1,
99,1,22,6,132,1,
99,1,23,1,133,1,
99,1,23,2,134,1,
99,1,23,3,135,1,14.1161
99,1,23,4,136,1,14.3006
99,1,23,5,137,1,
99,1,23,6,138,1,
99,1,24,1,139,1,11.2539
99,1,24,2,140,1,11.8383
99,1,24,3,141,1,11.6228
99,1,24,4,142,1,12.0072
99,1,24,5,143,1,
99,1,24,6,144,1,
99,1,25,1,145,1,9.7606
99,1,25,2,146,1,9.145
99,1,25,3,147,1,11.3295
99,1,25,4,148,1,11.5139
99,1,25,5,149,1,
99,1,25,6,150,1,
99,1,26,1,151,1,
99,1,26,2,152,1,10.0517
99,1,26,3,153,1,23.4362
99,1,26,4,154,1,12.6206
99,1,26,5,155,1,
99,1,26,6,156,1,
99,1,27,1,157,1,11.974
99,1,27,2,158,1,12.7584
99,1,27,3,159,1,13.3429
99,1,27,4,160,1,17.3273
99,1,27,5,161,1,
99,1,27,6,162,1,
99,1,28,1,163,1,
99,1,28,2,164,1,24.6651
99,1,28,3,165,1,
99,1,28,4,166,1,14.034
99,1,28,5,167,1,
99,1,28,6,168,1,
100,0,1,1,1,0,29.6
100,0,1,2,2,0,36.9844
100,0,1,3,3,0,22.9689
100,0,1,4,4,0,0
100,0,1,5,5,0,
100,0,1,6,6,0,
100,0,2,1,7,0,0
100,0,2,2,8,0,5.4911
100,0,2,3,9,0,44.0756
100,0,2,4,10,0,22.26
100,0,2,5,11,0,
100,0,2,6,12,0,
100,0,3,1,13,0,7.8134
100,0,3,2,14,0,27.5978
100,0,3,3,15,0,58.1823
100,0,3,4,16,0,47.9667
100,0,3,5,17,0,
100,0,3,6,18,0,
100,0,4,1,19,0,0
100,0,4,2,20,0,24.9045
100,0,4,3,21,0,35.089
100,0,4,4,22,0,29.8734
100,0,4,5,23,0,
100,0,4,6,24,0,
100,0,5,1,25,0,33.4268
100,0,5,2,26,0,26.0112
100,0,5,3,27,0,26.9957
100,0,5,4,28,0,40.5801
100,0,5,5,29,0,
100,0,5,6,30,0,
100,0,6,1,31,0,26.3335
100,0,6,2,32,0,44.9179
100,0,6,3,33,0,41.1024
100,0,6,4,34,0,17.2868
100,0,6,5,35,0,
100,0,6,6,36,0,
100,0,7,1,37,0,48.4401
100,0,7,2,38,0,32.0246
100,0,7,3,39,0,39.009
100,0,7,4,40,0,54.7935
100,0,7,5,41,0,
100,0,7,6,42,0,
100,0,8,1,43,0,65.9468
100,0,8,2,44,0,47.5313
100,0,8,3,45,0,44.7157
100,0,8,4,46,0,56.3002
100,0,8,5,47,0,
100,0,8,6,48,0,
100,0,9,1,49,1,54.6535
100,0,9,2,50,1,45.838
100,0,9,3,51,1,31.2224
100,0,9,4,52,1,41.2069
100,0,9,5,53,1,
100,0,9,6,54,1,
100,0,10,1,55,1,27.5602
100,0,10,2,56,1,47.3447
100,0,10,3,57,1,47.3291
100,0,10,4,58,1,60.9136
100,0,10,5,59,1,
100,0,10,6,60,1,
100,0,11,1,61,1,
100,0,11,2,62,1,57.4514
100,0,11,3,63,1,48.8358
100,0,11,4,64,1,50.4203
100,0,11,5,65,1,
100,0,11,6,66,1,
100,0,12,1,67,1,
100,0,12,2,68,1,49.5581
100,0,12,3,69,1,65.5425
100,0,12,4,70,1,48.527
100,0,12,5,71,1,
100,0,12,6,72,1,
100,0,13,1,73,1,52.0803
100,0,13,2,74,1,61.2647
100,0,13,3,75,1,48.4492
100,0,13,4,76,1,28.8336
100,0,13,5,77,1,
100,0,13,6,78,1,
100,0,14,1,79,1,46.787
100,0,14,2,80,1,55.5714
100,0,14,3,81,1,59.9559
100,0,14,4,82,1,63.1403
100,0,14,5,83,1,
100,0,14,6,84,1,
100,0,15,1,85,1,55.4937
100,0,15,2,86,1,25.4781
100,0,15,3,87,1,41.0626
100,0,15,4,88,1,51.247
100,0,15,5,89,1,
100,0,15,6,90,1,
100,0,16,1,91,1,47.4004
100,0,16,2,92,1,40.5848
100,0,16,3,93,1,39.3693
100,0,16,4,94,1,38.9537
100,0,16,5,95,1,
100,0,16,6,96,1,
100,0,17,1,97,1,49.9071
100,0,17,2,98,1,49.6915
100,0,17,3,99,1,49.876
100,0,17,4,100,1,40.8604
100,0,17,5,101,1,
100,0,17,6,102,1,
100,0,18,1,103,1,
100,0,18,2,104,1,52.3982
100,0,18,3,105,1,60.3826
100,0,18,4,106,1,51.3671
100,0,18,5,107,1,
100,0,18,6,108,1,
100,0,19,1,109,1,40.1204
100,0,19,2,110,1,44.5049
100,0,19,3,111,1,44.2893
100,0,19,4,112,1,58.2738
100,0,19,5,113,1,
100,0,19,6,114,1,
100,0,20,1,115,1,54.8271
100,0,20,2,116,1,
100,0,20,3,117,1,56.796
100,0,20,4,118,1,37.1805
100,0,20,5,119,1,
100,0,20,6,120,1,
100,0,21,1,121,1,51.1338
100,0,21,2,122,1,44.9183
100,0,21,3,123,1,39.5027
100,0,21,4,124,1,52.2872
100,0,21,5,125,1,
100,0,21,6,126,1,
100,0,22,1,127,1,56.0405
100,0,22,2,128,1,51.025
100,0,22,3,129,1,54.4094
100,0,22,4,130,1,56.5939
100,0,22,5,131,1,
100,0,22,6,132,1,
100,0,23,1,133,1,44.9472
100,0,23,2,134,1,46.1317
100,0,23,3,135,1,41.7161
100,0,23,4,136,1,
100,0,23,5,137,1,
100,0,23,6,138,1,
100,0,24,1,139,1,53.0539
100,0,24,2,140,1,62.8383
100,0,24,3,141,1,57.4228
100,0,24,4,142,1,45.8072
100,0,24,5,143,1,
100,0,24,6,144,1,
100,0,25,1,145,1,
100,0,25,2,146,1,57.345
100,0,25,3,147,1,51.5295
100,0,25,4,148,1,45.1139
100,0,25,5,149,1,
100,0,25,6,150,1,
100,0,26,1,151,1,
100,0,26,2,152,1,47.2517
100,0,26,3,153,1,58.8362
100,0,26,4,154,1,32.6206
100,0,26,5,155,1,
100,0,26,6,156,1,
100,0,27,1,157,1,56.974
100,0,27,2,158,1,57.5584
100,0,27,3,159,1,73.7429
100,0,27,4,160,1,
100,0,27,5,161,1,
100,0,27,6,162,1,
100,0,28,1,163,1,78.8807
100,0,28,2,164,1,71.0651
100,0,28,3,165,1,76.8496
100,0,28,4,166,1,57.434
100,0,28,5,167,1,
100,0,28,6,168,1,
101,1,1,1,1,0,9.6
101,1,1,2,2,0,23.5844
101,1,1,3,3,0,24.9689
101,1,1,4,4,0,23.3533
101,1,1,5,5,0,
101,1,1,6,6,0,
101,1,2,1,7,0,8.9067
101,1,2,2,8,0,4.4911
101,1,2,3,9,0,
101,1,2,4,10,0,6.26
101,1,2,5,11,0,
101,1,2,6,12,0,
101,1,3,1,13,0,5.6134
101,1,3,2,14,0,9.3978
101,1,3,3,15,0,9.7823
101,1,3,4,16,0,
101,1,3,5,17,0,
101,1,3,6,18,0,
101,1,4,1,19,0,35.9201
101,1,4,2,20,0,38.3045
101,1,4,3,21,0,12.289
101,1,4,4,22,0,23.6734
101,1,4,5,23,0,
101,1,4,6,24,0,
101,1,5,1,25,0,
101,1,5,2,26,0,10.0112
101,1,5,3,27,0,20.5957
101,1,5,4,28,0,7.9801
101,1,5,5,29,0,
101,1,5,6,30,0,
101,1,6,1,31,0,12.7335
101,1,6,2,32,0,9.1179
101,1,6,3,33,0,7.3024
101,1,6,4,34,0,32.6868
101,1,6,5,35,0,
101,1,6,6,36,0,
101,1,7,1,37,0,15.4401
101,1,7,2,38,0,8.8246
101,1,7,3,39,0,11.409
101,1,7,4,40,0,12.5935
101,1,7,5,41,0,
101,1,7,6,42,0,
101,1,8,1,43,0,13.1468
101,1,8,2,44,0,11.1313
101,1,8,3,45,0,22.5157
101,1,8,4,46,0,12.5002
101,1,8,5,47,0,
101,1,8,6,48,0,
101,1,9,1,49,1,9.6535
101,1,9,2,50,1,13.638
101,1,9,3,51,1,16.6224
101,1,9,4,52,1,8.4069
101,1,9,5,53,1,
101,1,9,6,54,1,
101,1,10,1,55,1,21.9602
101,1,10,2,56,1,9.5447
101,1,10,3,57,1,17.7291
101,1,10,4,58,1,7.9136
101,1,10,5,59,1,
101,1,10,6,60,1,
101,1,11,1,61,1,11.6669
101,1,11,2,62,1,29.8514
101,1,11,3,63,1,39.0358
101,1,11,4,64,1,7.6203
101,1,11,5,65,1,
101,1,11,6,66,1,
101,1,12,1,67,1,6.3736
101,1,12,2,68,1,9.3581
101,1,12,3,69,1,9.1425
101,1,12,4,70,1,18.527
101,1,12,5,71,1,
101,1,12,6,72,1,
101,1,13,1,73,1,9.8803
101,1,13,2,74,1,5.8647
101,1,13,3,75,1,22.8492
101,1,13,4,76,1,17.0336
101,1,13,5,77,1,
101,1,13,6,78,1,
101,1,14,1,79,1,24.587
101,1,14,2,80,1,35.3714
101,1,14,3,81,1,73.7559
101,1,14,4,82,1,42.3403
101,1,14,5,83,1,
101,1,14,6,84,1,
101,1,15,1,85,1,56.4937
101,1,15,2,86,1,11.6781
101,1,15,3,87,1,11.8626
101,1,15,4,88,1,11.047
101,1,15,5,89,1,
101,1,15,6,90,1,
101,1,16,1,91,1,9.4004
101,1,16,2,92,1,8.7848
101,1,16,3,93,1,10.5693
101,1,16,4,94,1,4.3537
101,1,16,5,95,1,
101,1,16,6,96,1,
101,1,17,1,97,1,9.1071
101,1,17,2,98,1,15.2915
101,1,17,3,99,1,9.476
101,1,17,4,100,1,
101,1,17,5,101,1,
101,1,17,6,102,1,
101,1,18,1,103,1,
101,1,18,2,104,1,6.9982
101,1,18,3,105,1,12.3826
101,1,18,4,106,1,17.9671
101,1,18,5,107,1,
101,1,18,6,108,1,
101,1,19,1,109,1,18.1204
101,1,19,2,110,1,21.3049
101,1,19,3,111,1,16.0893
101,1,19,4,112,1,7.8738
101,1,19,5,113,1,
101,1,19,6,114,1,
101,1,20,1,115,1,9.6271
101,1,20,2,116,1,18.8116
101,1,20,3,117,1,7.796
101,1,20,4,118,1,16.3805
101,1,20,5,119,1,
101,1,20,6,120,1,
101,1,21,1,121,1,19.7338
101,1,21,2,122,1,14.5183
101,1,21,3,123,1,15.5027
101,1,21,4,124,1,17.2872
101,1,21,5,125,1,
101,1,21,6,126,1,
101,1,22,1,127,1,18.6405
101,1,22,2,128,1,18.825
101,1,22,3,129,1,40.8094
101,1,22,4,130,1,17.9939
101,1,22,5,131,1,
101,1,22,6,132,1,
101,1,23,1,133,1,
101,1,23,2,134,1,21.5317
101,1,23,3,135,1,20.7161
101,1,23,4,136,1,16.9006
101,1,23,5,137,1,
101,1,23,6,138,1,
101,1,24,1,139,1,24.0539
101,1,24,2,140,1,46.8383
101,1,24,3,141,1,23.4228
101,1,24,4,142,1,23.8072
101,1,24,5,143,1,
101,1,24,6,144,1,
101,1,25,1,145,1,21.5606
101,1,25,2,146,1,22.545
101,1,25,3,147,1,35.1295
101,1,25,4,148,1,19.9139
101,1,25,5,149,1,
101,1,25,6,150,1,
101,1,26,1,151,1,17.4673
101,1,26,2,152,1,20.8517
101,1,26,3,153,1,
101,1,26,4,154,1,33.4206
101,1,26,5,155,1,
101,1,26,6,156,1,
101,1,27,1,157,1,16.374
101,1,27,2,158,1,19.7584
101,1,27,3,159,1,31.3429
101,1,27,4,160,1,19.9273
101,1,27,5,161,1,
101,1,27,6,162,1,
101,1,28,1,163,1,19.2807
101,1,28,2,164,1,18.4651
101,1,28,3,165,1,15.8496
101,1,28,4,166,1,20.434
101,1,28,5,167,1,
101,1,28,6,168,1,
102,0,1,1,1,0,0
102,0,1,2,2,0,26.1844
102,0,1,3,3,0,3.9689
102,0,1,4,4,0,0
102,0,1,5,5,0,
102,0,1,6,6,0,
102,0,2,1,7,0,0
102,0,2,2,8,0,0
102,0,2,3,9,0,0
102,0,2,4,10,0,0
102,0,2,5,11,0,
102,0,2,6,12,0,
102,0,3,1,13,0,20.0134
102,0,3,2,14,0,0
102,0,3,3,15,0,79.7823
102,0,3,4,16,0,0
102,0,3,5,17,0,
102,0,3,6,18,0,
102,0,4,1,19,0,0
102,0,4,2,20,0,0
102,0,4,3,21,0,0
102,0,4,4,22,0,0
102,0,4,5,23,0,
102,0,4,6,24,0,
102,0,5,1,25,0,0
102,0,5,2,26,0,9.0112
102,0,5,3,27,0,0
102,0,5,4,28,0,0
102,0,5,5,29,0,
102,0,5,6,30,0,
102,0,6,1,31,0,13.7335
102,0,6,2,32,0,0
102,0,6,3,33,0,0
102,0,6,4,34,0,7.8868
102,0,6,5,35,0,
102,0,6,6,36,0,
102,0,7,1,37,0,0
102,0,7,2,38,0,24.2246
102,0,7,3,39,0,0
102,0,7,4,40,0,0
102,0,7,5,41,0,
102,0,7,6,42,0,
102,0,8,1,43,0,13.3468
102,0,8,2,44,0,0
102,0,8,3,45,0,0
102,0,8,4,46,0,0
102,0,8,5,47,0,
102,0,8,6,48,0,
102,0,9,1,49,1,0
102,0,9,2,50,1,0
102,0,9,3,51,1,0
102,0,9,4,52,1,0
102,0,9,5,53,1,
102,0,9,6,54,1,
102,0,10,1,55,1,0
102,0,10,2,56,1,0
102,0,10,3,57,1,0
102,0,10,4,58,1,0
102,0,10,5,59,1,
102,0,10,6,60,1,
102,0,11,1,61,1,0
102,0,11,2,62,1,0
102,0,11,3,63,1,0
102,0,11,4,64,1,0
102,0,11,5,65,1,
102,0,11,6,66,1,
102,0,12,1,67,1,0
102,0,12,2,68,1,3.5581
102,0,12,3,69,1,0
102,0,12,4,70,1,0
102,0,12,5,71,1,
102,0,12,6,72,1,
102,0,13,1,73,1,0
102,0,13,2,74,1,0
102,0,13,3,75,1,0
102,0,13,4,76,1,45.2336
102,0,13,5,77,1,
102,0,13,6,78,1,
102,0,14,1,79,1,77.787
102,0,14,2,80,1,33.3714
102,0,14,3,81,1,25.1559
102,0,14,4,82,1,0
102,0,14,5,83,1,
102,0,14,6,84,1,
102,0,15,1,85,1,0
102,0,15,2,86,1,0
102,0,15,3,87,1,0
102,0,15,4,88,1,0
102,0,15,5,89,1,
102,0,15,6,90,1,
102,0,16,1,91,1,0
102,0,16,2,92,1,0
102,0,16,3,93,1,0
102,0,16,4,94,1,12.1537
102,0,16,5,95,1,
102,0,16,6,96,1,
102,0,17,1,97,1,0
102,0,17,2,98,1,0
102,0,17,3,99,1,0
102,0,17,4,100,1,0
102,0,17,5,101,1,
102,0,17,6,102,1,
102,0,18,1,103,1,
102,0,18,2,104,1,6.3982
102,0,18,3,105,1,0
102,0,18,4,106,1,0
102,0,18,5,107,1,
102,0,18,6,108,1,
102,0,19,1,109,1,
102,0,19,2,110,1,0
102,0,19,3,111,1,0
102,0,19,4,112,1,0
102,0,19,5,113,1,
102,0,19,6,114,1,
102,0,20,1,115,1,0
102,0,20,2,116,1,0
102,0,20,3,117,1,0
102,0,20,4,118,1,0.7805
102,0,20,5,119,1,
102,0,20,6,120,1,
102,0,21,1,121,1,0
102,0,21,2,122,1,0
102,0,21,3,123,1,0
102,0,21,4,124,1,0
102,0,21,5,125,1,
102,0,21,6,126,1,
102,0,22,1,127,1,0
102,0,22,2,128,1,0
102,0,22,3,129,1,0
102,0,22,4,130,1,0
102,0,22,5,131,1,
102,0,22,6,132,1,
102,0,23,1,133,1,0
102,0,23,2,134,1,
102,0,23,3,135,1,0
102,0,23,4,136,1,0
102,0,23,5,137,1,
102,0,23,6,138,1,
102,0,24,1,139,1,0
102,0,24,2,140,1,0
102,0,24,3,141,1,0
102,0,24,4,142,1,0
102,0,24,5,143,1,
102,0,24,6,144,1,
102,0,25,1,145,1,1.5606
102,0,25,2,146,1,0
102,0,25,3,147,1,0
102,0,25,4,148,1,0
102,0,25,5,149,1,
102,0,25,6,150,1,
102,0,26,1,151,1,0
102,0,26,2,152,1,0
102,0,26,3,153,1,0
102,0,26,4,154,1,0
102,0,26,5,155,1,
102,0,26,6,156,1,
102,0,27,1,157,1,0
102,0,27,2,158,1,0
102,0,27,3,159,1,0
102,0,27,4,160,1,0
102,0,27,5,161,1,
102,0,27,6,162,1,
102,0,28,1,163,1,
102,0,28,2,164,1,0
102,0,28,3,165,1,0
102,0,28,4,166,1,0
102,0,28,5,167,1,
102,0,28,6,168,1,
103,0,1,1,1,0,32.8
103,0,1,2,2,0,25.7844
103,0,1,3,3,0,37.1689
103,0,1,4,4,0,28.5533
103,0,1,5,5,0,
103,0,1,6,6,0,
103,0,2,1,7,0,15.7067
103,0,2,2,8,0,20.8911
103,0,2,3,9,0,23.8756
103,0,2,4,10,0,20.06
103,0,2,5,11,0,
103,0,2,6,12,0,
103,0,3,1,13,0,28.8134
103,0,3,2,14,0,21.1978
103,0,3,3,15,0,21.9823
103,0,3,4,16,0,16.5667
103,0,3,5,17,0,
103,0,3,6,18,0,
103,0,4,1,19,0,20.5201
103,0,4,2,20,0,18.7045
103,0,4,3,21,0,17.889
103,0,4,4,22,0,19.6734
103,0,4,5,23,0,
103,0,4,6,24,0,
103,0,5,1,25,0,21.8268
103,0,5,2,26,0,26.0112
103,0,5,3,27,0,20.5957
103,0,5,4,28,0,15.9801
103,0,5,5,29,0,
103,0,5,6,30,0,
103,0,6,1,31,0,13.5335
103,0,6,2,32,0,
103,0,6,3,33,0,30.3024
103,0,6,4,34,0,23.6868
103,0,6,5,35,0,
103,0,6,6,36,0,
103,0,7,1,37,0,22.6401
103,0,7,2,38,0,41.6246
103,0,7,3,39,0,25.609
103,0,7,4,40,0,24.1935
103,0,7,5,41,0,
103,0,7,6,42,0,
103,0,8,1,43,0,21.7468
103,0,8,2,44,0,27.3313
103,0,8,3,45,0,26.7157
103,0,8,4,46,0,17.7002
103,0,8,5,47,0,
103,0,8,6,48,0,
103,0,9,1,49,1,21.0535
103,0,9,2,50,1,22.838
103,0,9,3,51,1,24.0224
103,0,9,4,52,1,24.6069
103,0,9,5,53,1,
103,0,9,6,54,1,
103,0,10,1,55,1,24.1602
103,0,10,2,56,1,24.3447
103,0,10,3,57,1,26.7291
103,0,10,4,58,1,25.5136
103,0,10,5,59,1,
103,0,10,6,60,1,
103,0,11,1,61,1,18.4669
103,0,11,2,62,1,19.8514
103,0,11,3,63,1,19.8358
103,0,11,4,64,1,19.4203
103,0,11,5,65,1,
103,0,11,6,66,1,
103,0,12,1,67,1,23.1736
103,0,12,2,68,1,20.3581
103,0,12,3,69,1,22.5425
103,0,12,4,70,1,21.727
103,0,12,5,71,1,
103,0,12,6,72,1,
103,0,13,1,73,1,20.0803
103,0,13,2,74,1,24.8647
103,0,13,3,75,1,23.4492
103,0,13,4,76,1,21.0336
103,0,13,5,77,1,
103,0,13,6,78,1,
103,0,14,1,79,1,21.787
103,0,14,2,80,1,
103,0,14,3,81,1,29.7559
103,0,14,4,82,1,23.7403
103,0,14,5,83,1,
103,0,14,6,84,1,
103,0,15,1,85,1,19.4937
103,0,15,2,86,1,24.6781
103,0,15,3,87,1,24.0626
103,0,15,4,88,1,22.647
103,0,15,5,89,1,
103,0,15,6,90,1,
103,0,16,1,91,1,22.2004
103,0,16,2,92,1,23.9848
103,0,16,3,93,1,26.7693
103,0,16,4,94,1,26.7537
103,0,16,5,95,1,
103,0,16,6,96,1,
103,0,17,1,97,1,23.7071
103,0,17,2,98,1,27.0915
103,0,17,3,99,1,24.276
103,0,17,4,100,1,20.8604
103,0,17,5,101,1,
103,0,17,6,102,1,
103,0,18,1,103,1,
103,0,18,2,104,1,29.5982
103,0,18,3,105,1,26.7826
103,0,18,4,106,1,17.7671
103,0,18,5,107,1,
103,0,18,6,108,1,
103,0,19,1,109,1,29.3204
103,0,19,2,110,1,29.7049
103,0,19,3,111,1,37.0893
103,0,19,4,112,1,24.2738
103,0,19,5,113,1,
103,0,19,6,114,1,
103,0,20,1,115,1,21.8271
103,0,20,2,116,1,22.4116
103,0,20,3,117,1,28.396
103,0,20,4,118,1,23.5805
103,0,20,5,119,1,
103,0,20,6,120,1,
103,0,21,1,121,1,23.1338
103,0,21,2,122,1,25.5183
103,0,21,3,123,1,21.1027
103,0,21,4,124,1,26.4872
103,0,21,5,125,1,
103,0,21,6,126,1,
103,0,22,1,127,1,22.4405
103,0,22,2,128,1,28.625
103,0,22,3,129,1,19.4094
103,0,22,4,130,1,23.9939
103,0,22,5,131,1,
103,0,22,6,132,1,
103,0,23,1,133,1,22.3472
103,0,23,2,134,1,17.3317
103,0,23,3,135,1,24.5161
103,0,23,4,136,1,24.5006
103,0,23,5,137,1,
103,0,23,6,138,1,
103,0,24,1,139,1,22.6539
103,0,24,2,140,1,23.4383
103,0,24,3,141,1,21.4228
103,0,24,4,142,1,27.0072
103,0,24,5,143,1,
103,0,24,6,144,1,
103,0,25,1,145,1,19.9606
103,0,25,2,146,1,24.145
103,0,25,3,147,1,24.9295
103,0,25,4,148,1,18.7139
103,0,25,5,149,1,
103,0,25,6,150,1,
103,0,26,1,151,1,14.8673
103,0,26,2,152,1,12.2517
103,0,26,3,153,1,15.4362
103,0,26,4,154,1,
103,0,26,5,155,1,
103,0,26,6,156,1,
103,0,27,1,157,1,17.174
103,0,27,2,158,1,16.5584
103,0,27,3,159,1,16.5429
103,0,27,4,160,1,10.7273
103,0,27,5,161,1,
103,0,27,6,162,1,
103,0,28,1,163,1,14.0807
103,0,28,2,164,1,19.0651
103,0,28,3,165,1,9.4496
103,0,28,4,166,1,14.634
103,0,28,5,167,1,
103,0,28,6,168,1,
104,0,1,1,1,0,1.4
104,0,1,2,2,0,0
104,0,1,3,3,0,0
104,0,1,4,4,0,0
104,0,1,5,5,0,
104,0,1,6,6,0,
104,0,2,1,7,0,0
104,0,2,2,8,0,19.0911
104,0,2,3,9,0,0
104,0,2,4,10,0,5.26
104,0,2,5,11,0,
104,0,2,6,12,0,
104,0,3,1,13,0,0
104,0,3,2,14,0,0
104,0,3,3,15,0,4.9823
104,0,3,4,16,0,0
104,0,3,5,17,0,
104,0,3,6,18,0,
104,0,4,1,19,0,
104,0,4,2,20,0,1.7045
104,0,4,3,21,0,0.089
104,0,4,4,22,0,0
104,0,4,5,23,0,
104,0,4,6,24,0,
104,0,5,1,25,0,0
104,0,5,2,26,0,0
104,0,5,3,27,0,0
104,0,5,4,28,0,0
104,0,5,5,29,0,
104,0,5,6,30,0,
104,0,6,1,31,0,0
104,0,6,2,32,0,0
104,0,6,3,33,0,7.7024
104,0,6,4,34,0,0
104,0,6,5,35,0,
104,0,6,6,36,0,
104,0,7,1,37,0,3.4401
104,0,7,2,38,0,0
104,0,7,3,39,0,0
104,0,7,4,40,0,0
104,0,7,5,41,0,
104,0,7,6,42,0,
104,0,8,1,43,0,0
104,0,8,2,44,0,0
104,0,8,3,45,0,4.5157
104,0,8,4,46,0,0
104,0,8,5,47,0,
104,0,8,6,48,0,
104,0,9,1,49,1,0
104,0,9,2,50,1,0
104,0,9,3,51,1,0
104,0,9,4,52,1,0
104,0,9,5,53,1,
104,0,9,6,54,1,
104,0,10,1,55,1,0
104,0,10,2,56,1,0
104,0,10,3,57,1,0.3291
104,0,10,4,58,1,0
104,0,10,5,59,1,
104,0,10,6,60,1,
104,0,11,1,61,1,0
104,0,11,2,62,1,0
104,0,11,3,63,1,0.6358
104,0,11,4,64,1,
104,0,11,5,65,1,
104,0,11,6,66,1,
104,0,12,1,67,1,0
104,0,12,2,68,1,0
104,0,12,3,69,1,0
104,0,12,4,70,1,0
104,0,12,5,71,1,
104,0,12,6,72,1,
104,0,13,1,73,1,4.8803
104,0,13,2,74,1,0
104,0,13,3,75,1,0
104,0,13,4,76,1,0
104,0,13,5,77,1,
104,0,13,6,78,1,
104,0,14,1,79,1,1.187
104,0,14,2,80,1,0
104,0,14,3,81,1,0
104,0,14,4,82,1,0
104,0,14,5,83,1,
104,0,14,6,84,1,
104,0,15,1,85,1,0
104,0,15,2,86,1,0
104,0,15,3,87,1,0
104,0,15,4,88,1,0
104,0,15,5,89,1,
104,0,15,6,90,1,
104,0,16,1,91,1,0
104,0,16,2,92,1,0
104,0,16,3,93,1,0
104,0,16,4,94,1,0
104,0,16,5,95,1,
104,0,16,6,96,1,
104,0,17,1,97,1,0
104,0,17,2,98,1,0
104,0,17,3,99,1,0
104,0,17,4,100,1,0
104,0,17,5,101,1,
104,0,17,6,102,1,
104,0,18,1,103,1,0
104,0,18,2,104,1,0
104,0,18,3,105,1,0
104,0,18,4,106,1,0
104,0,18,5,107,1,
104,0,18,6,108,1,
104,0,19,1,109,1,0
104,0,19,2,110,1,0
104,0,19,3,111,1,0
104,0,19,4,112,1,0
104,0,19,5,113,1,
104,0,19,6,114,1,
104,0,20,1,115,1,0
104,0,20,2,116,1,0
104,0,20,3,117,1,0
104,0,20,4,118,1,0
104,0,20,5,119,1,
104,0,20,6,120,1,
104,0,21,1,121,1,0
104,0,21,2,122,1,0.3183
104,0,21,3,123,1,0
104,0,21,4,124,1,0
104,0,21,5,125,1,
104,0,21,6,126,1,
104,0,22,1,127,1,0
104,0,22,2,128,1,0
104,0,22,3,129,1,0
104,0,22,4,130,1,0
104,0,22,5,131,1,
104,0,22,6,132,1,
104,0,23,1,133,1,0
104,0,23,2,134,1,0
104,0,23,3,135,1,0
104,0,23,4,136,1,0
104,0,23,5,137,1,
104,0,23,6,138,1,
104,0,24,1,139,1,0
104,0,24,2,140,1,0
104,0,24,3,141,1,0
104,0,24,4,142,1,0
104,0,24,5,143,1,
104,0,24,6,144,1,
104,0,25,1,145,1,0
104,0,25,2,146,1,0
104,0,25,3,147,1,0
104,0,25,4,148,1,0
104,0,25,5,149,1,
104,0,25,6,150,1,
104,0,26,1,151,1,0
104,0,26,2,152,1,0
104,0,26,3,153,1,0
104,0,26,4,154,1,0
104,0,26,5,155,1,
104,0,26,6,156,1,
104,0,27,1,157,1,0
104,0,27,2,158,1,0
104,0,27,3,159,1,0
104,0,27,4,160,1,0
104,0,27,5,161,1,
104,0,27,6,162,1,
104,0,28,1,163,1,0
104,0,28,2,164,1,0
104,0,28,3,165,1,0
104,0,28,4,166,1,0
104,0,28,5,167,1,
104,0,28,6,168,1,
105,1,1,1,1,0,6.4
105,1,1,2,2,0,6.7844
105,1,1,3,3,0,4.9689
105,1,1,4,4,0,6.1533
105,1,1,5,5,0,
105,1,1,6,6,0,
105,1,2,1,7,0,0
105,1,2,2,8,0,0
105,1,2,3,9,0,0.8756
105,1,2,4,10,0,0.46
105,1,2,5,11,0,
105,1,2,6,12,0,
105,1,3,1,13,0,0
105,1,3,2,14,0,2.5978
105,1,3,3,15,0,6.5823
105,1,3,4,16,0,0
105,1,3,5,17,0,
105,1,3,6,18,0,
105,1,4,1,19,0,0
105,1,4,2,20,0,0
105,1,4,3,21,0,0
105,1,4,4,22,0,0
105,1,4,5,23,0,
105,1,4,6,24,0,
105,1,5,1,25,0,0
105,1,5,2,26,0,0
105,1,5,3,27,0,0
105,1,5,4,28,0,0
105,1,5,5,29,0,
105,1,5,6,30,0,
105,1,6,1,31,0,0
105,1,6,2,32,0,0.5179
105,1,6,3,33,0,0
105,1,6,4,34,0,3.6868
105,1,6,5,35,0,
105,1,6,6,36,0,
105,1,7,1,37,0,12.2401
105,1,7,2,38,0,0
105,1,7,3,39,0,0
105,1,7,4,40,0,0
105,1,7,5,41,0,
105,1,7,6,42,0,
105,1,8,1,43,0,0
105,1,8,2,44,0,6.5313
105,1,8,3,45,0,1.3157
105,1,8,4,46,0,0
105,1,8,5,47,0,
105,1,8,6,48,0,
105,1,9,1,49,1,30.0535
105,1,9,2,50,1,0
105,1,9,3,51,1,0
105,1,9,4,52,1,0
105,1,9,5,53,1,
105,1,9,6,54,1,
105,1,10,1,55,1,0
105,1,10,2,56,1,3.9447
105,1,10,3,57,1,0
105,1,10,4,58,1,0
105,1,10,5,59,1,
105,1,10,6,60,1,
105,1,11,1,61,1,0
105,1,11,2,62,1,0
105,1,11,3,63,1,0
105,1,11,4,64,1,0
105,1,11,5,65,1,
105,1,11,6,66,1,
105,1,12,1,67,1,0
105,1,12,2,68,1,0
105,1,12,3,69,1,0
105,1,12,4,70,1,0
105,1,12,5,71,1,
105,1,12,6,72,1,
105,1,13,1,73,1,2.8803
105,1,13,2,74,1,1.2647
105,1,13,3,75,1,0
105,1,13,4,76,1,0
105,1,13,5,77,1,
105,1,13,6,78,1,
105,1,14,1,79,1,0
105,1,14,2,80,1,3.3714
105,1,14,3,81,1,0
105,1,14,4,82,1,0
105,1,14,5,83,1,
105,1,14,6,84,1,
105,1,15,1,85,1,10.6937
105,1,15,2,86,1,32.8781
105,1,15,3,87,1,0
105,1,15,4,88,1,0
105,1,15,5,89,1,
105,1,15,6,90,1,
105,1,16,1,91,1,0
105,1,16,2,92,1,0
105,1,16,3,93,1,0
105,1,16,4,94,1,0
105,1,16,5,95,1,
105,1,16,6,96,1,
105,1,17,1,97,1,0
105,1,17,2,98,1,0
105,1,17,3,99,1,0
105,1,17,4,100,1,0
105,1,17,5,101,1,
105,1,17,6,102,1,
105,1,18,1,103,1,0
105,1,18,2,104,1,10.5982
105,1,18,3,105,1,0
105,1,18,4,106,1,0
105,1,18,5,107,1,
105,1,18,6,108,1,
105,1,19,1,109,1,0
105,1,19,2,110,1,0
105,1,19,3,111,1,0
105,1,19,4,112,1,3.6738
105,1,19,5,113,1,
105,1,19,6,114,1,
105,1,20,1,115,1,
105,1,20,2,116,1,6.4116
105,1,20,3,117,1,0
105,1,20,4,118,1,11.9805
105,1,20,5,119,1,
105,1,20,6,120,1,
105,1,21,1,121,1,0
105,1,21,2,122,1,0
105,1,21,3,123,1,5.5027
105,1,21,4,124,1,28.6872
105,1,21,5,125,1,
105,1,21,6,126,1,
105,1,22,1,127,1,18.0405
105,1,22,2,128,1,18.225
105,1,22,3,129,1,0
105,1,22,4,130,1,7.1939
105,1,22,5,131,1,
105,1,22,6,132,1,
105,1,23,1,133,1,3.7472
105,1,23,2,134,1,0
105,1,23,3,135,1,0
105,1,23,4,136,1,0
105,1,23,5,137,1,
105,1,23,6,138,1,
105,1,24,1,139,1,1.0539
105,1,24,2,140,1,4.0383
105,1,24,3,141,1,25.6228
105,1,24,4,142,1,0
105,1,24,5,143,1,
105,1,24,6,144,1,
105,1,25,1,145,1,0
105,1,25,2,146,1,0
105,1,25,3,147,1,0
105,1,25,4,148,1,0
105,1,25,5,149,1,
105,1,25,6,150,1,
105,1,26,1,151,1,0.6673
105,1,26,2,152,1,0
105,1,26,3,153,1,10.2362
105,1,26,4,154,1,0
105,1,26,5,155,1,
105,1,26,6,156,1,
105,1,27,1,157,1,0
105,1,27,2,158,1,2.3584
105,1,27,3,159,1,0
105,1,27,4,160,1,0
105,1,27,5,161,1,
105,1,27,6,162,1,
105,1,28,1,163,1,1.0807
105,1,28,2,164,1,10.2651
105,1,28,3,165,1,15.6496
105,1,28,4,166,1,17.434
105,1,28,5,167,1,
105,1,28,6,168,1,
106,1,1,1,1,0,0
106,1,1,2,2,0,0
106,1,1,3,3,0,0
106,1,1,4,4,0,2.1533
106,1,1,5,5,0,
106,1,1,6,6,0,
106,1,2,1,7,0,1.7067
106,1,2,2,8,0,3.0911
106,1,2,3,9,0,0
106,1,2,4,10,0,2.26
106,1,2,5,11,0,
106,1,2,6,12,0,
106,1,3,1,13,0,0
106,1,3,2,14,0,0
106,1,3,3,15,0,1.3823
106,1,3,4,16,0,0
106,1,3,5,17,0,
106,1,3,6,18,0,
106,1,4,1,19,0,0
106,1,4,2,20,0,1.7045
106,1,4,3,21,0,3.289
106,1,4,4,22,0,0
106,1,4,5,23,0,
106,1,4,6,24,0,
106,1,5,1,25,0,9.4268
106,1,5,2,26,0,0
106,1,5,3,27,0,0
106,1,5,4,28,0,0
106,1,5,5,29,0,
106,1,5,6,30,0,
106,1,6,1,31,0,0
106,1,6,2,32,0,0
106,1,6,3,33,0,0
106,1,6,4,34,0,0
106,1,6,5,35,0,
106,1,6,6,36,0,
106,1,7,1,37,0,0
106,1,7,2,38,0,0
106,1,7,3,39,0,0
106,1,7,4,40,0,0
106,1,7,5,41,0,
106,1,7,6,42,0,
106,1,8,1,43,0,0
106,1,8,2,44,0,0
106,1,8,3,45,0,0
106,1,8,4,46,0,0
106,1,8,5,47,0,
106,1,8,6,48,0,
106,1,9,1,49,1,14.6535
106,1,9,2,50,1,0
106,1,9,3,51,1,0
106,1,9,4,52,1,0.4069
106,1,9,5,53,1,
106,1,9,6,54,1,
106,1,10,1,55,1,0
106,1,10,2,56,1,0
106,1,10,3,57,1,0
106,1,10,4,58,1,0
106,1,10,5,59,1,
106,1,10,6,60,1,
106,1,11,1,61,1,0
106,1,11,2,62,1,0
106,1,11,3,63,1,0
106,1,11,4,64,1,0
106,1,11,5,65,1,
106,1,11,6,66,1,
106,1,12,1,67,1,0
106,1,12,2,68,1,18.9581
106,1,12,3,69,1,0
106,1,12,4,70,1,0
106,1,12,5,71,1,
106,1,12,6,72,1,
106,1,13,1,73,1,3.4803
106,1,13,2,74,1,0
106,1,13,3,75,1,0
106,1,13,4,76,1,0
106,1,13,5,77,1,
106,1,13,6,78,1,
106,1,14,1,79,1,1.787
106,1,14,2,80,1,0
106,1,14,3,81,1,1.3559
106,1,14,4,82,1,0
106,1,14,5,83,1,
106,1,14,6,84,1,
106,1,15,1,85,1,0
106,1,15,2,86,1,0
106,1,15,3,87,1,0
106,1,15,4,88,1,0
106,1,15,5,89,1,
106,1,15,6,90,1,
106,1,16,1,91,1,3.0004
106,1,16,2,92,1,0
106,1,16,3,93,1,14.7693
106,1,16,4,94,1,0
106,1,16,5,95,1,
106,1,16,6,96,1,
106,1,17,1,97,1,0
106,1,17,2,98,1,0
106,1,17,3,99,1,0
106,1,17,4,100,1,0
106,1,17,5,101,1,
106,1,17,6,102,1,
106,1,18,1,103,1,0
106,1,18,2,104,1,0
106,1,18,3,105,1,0
106,1,18,4,106,1,0
106,1,18,5,107,1,
106,1,18,6,108,1,
106,1,19,1,109,1,
106,1,19,2,110,1,0
106,1,19,3,111,1,0
106,1,19,4,112,1,0
106,1,19,5,113,1,
106,1,19,6,114,1,
106,1,20,1,115,1,0
106,1,20,2,116,1,
106,1,20,3,117,1,1.196
106,1,20,4,118,1,0
106,1,20,5,119,1,
106,1,20,6,120,1,
106,1,21,1,121,1,0
106,1,21,2,122,1,0
106,1,21,3,123,1,0
106,1,21,4,124,1,0
106,1,21,5,125,1,
106,1,21,6,126,1,
106,1,22,1,127,1,0
106,1,22,2,128,1,0
106,1,22,3,129,1,0
106,1,22,4,130,1,0
106,1,22,5,131,1,
106,1,22,6,132,1,
106,1,23,1,133,1,0
106,1,23,2,134,1,0
106,1,23,3,135,1,0
106,1,23,4,136,1,0
106,1,23,5,137,1,
106,1,23,6,138,1,
106,1,24,1,139,1,0
106,1,24,2,140,1,0
106,1,24,3,141,1,0
106,1,24,4,142,1,0
106,1,24,5,143,1,
106,1,24,6,144,1,
106,1,25,1,145,1,0.5606
106,1,25,2,146,1,0
106,1,25,3,147,1,0
106,1,25,4,148,1,0
106,1,25,5,149,1,
106,1,25,6,150,1,
106,1,26,1,151,1,0
106,1,26,2,152,1,0
106,1,26,3,153,1,
106,1,26,4,154,1,0
106,1,26,5,155,1,
106,1,26,6,156,1,
106,1,27,1,157,1,0
106,1,27,2,158,1,0
106,1,27,3,159,1,0
106,1,27,4,160,1,0
106,1,27,5,161,1,
106,1,27,6,162,1,
106,1,28,1,163,1,0
106,1,28,2,164,1,0
106,1,28,3,165,1,0
106,1,28,4,166,1,0
106,1,28,5,167,1,
106,1,28,6,168,1,
107,1,1,1,1,0,15.8
107,1,1,2,2,0,10.3844
107,1,1,3,3,0,8.5689
107,1,1,4,4,0,20.5533
107,1,1,5,5,0,
107,1,1,6,6,0,
107,1,2,1,7,0,8.5067
107,1,2,2,8,0,15.0911
107,1,2,3,9,0,17.8756
107,1,2,4,10,0,9.86
107,1,2,5,11,0,
107,1,2,6,12,0,
107,1,3,1,13,0,17.0134
107,1,3,2,14,0,11.7978
107,1,3,3,15,0,17.9823
107,1,3,4,16,0,18.3667
107,1,3,5,17,0,
107,1,3,6,18,0,
107,1,4,1,19,0,9.9201
107,1,4,2,20,0,10.1045
107,1,4,3,21,0,12.889
107,1,4,4,22,0,15.6734
107,1,4,5,23,0,
107,1,4,6,24,0,
107,1,5,1,25,0,19.8268
107,1,5,2,26,0,11.4112
107,1,5,3,27,0,8.9957
107,1,5,4,28,0,8.9801
107,1,5,5,29,0,
107,1,5,6,30,0,
107,1,6,1,31,0,8.5335
107,1,6,2,32,0,9.9179
107,1,6,3,33,0,11.3024
107,1,6,4,34,0,11.4868
107,1,6,5,35,0,
107,1,6,6,36,0,
107,1,7,1,37,0,10.0401
107,1,7,2,38,0,11.2246
107,1,7,3,39,0,10.409
107,1,7,4,40,0,7.1935
107,1,7,5,41,0,
107,1,7,6,42,0,
107,1,8,1,43,0,
107,1,8,2,44,0,11.5313
107,1,8,3,45,0,9.5157
107,1,8,4,46,0,10.5002
107,1,8,5,47,0,
107,1,8,6,48,0,
107,1,9,1,49,1,5.2535
107,1,9,2,50,1,3.238
107,1,9,3,51,1,4.2224
107,1,9,4,52,1,6.8069
107,1,9,5,53,1,
107,1,9,6,54,1,
107,1,10,1,55,1,8.5602
107,1,10,2,56,1,8.9447
107,1,10,3,57,1,9.3291
107,1,10,4,58,1,8.7136
107,1,10,5,59,1,
107,1,10,6,60,1,
107,1,11,1,61,1,6.2669
107,1,11,2,62,1,10.2514
107,1,11,3,63,1,6.2358
107,1,11,4,64,1,11.8203
107,1,11,5,65,1,
107,1,11,6,66,1,
107,1,12,1,67,1,
107,1,12,2,68,1,8.5581
107,1,12,3,69,1,8.9425
107,1,12,4,70,1,6.927
107,1,12,5,71,1,
107,1,12,6,72,1,
107,1,13,1,73,1,9.0803
107,1,13,2,74,1,8.8647
107,1,13,3,75,1,8.6492
107,1,13,4,76,1,7.2336
107,1,13,5,77,1,
107,1,13,6,78,1,
107,1,14,1,79,1,
107,1,14,2,80,1,9.9714
107,1,14,3,81,1,
107,1,14,4,82,1,11.1403
107,1,14,5,83,1,
107,1,14,6,84,1,
107,1,15,1,85,1,9.0937
107,1,15,2,86,1,10.2781
107,1,15,3,87,1,7.4626
107,1,15,4,88,1,8.447
107,1,15,5,89,1,
107,1,15,6,90,1,
107,1,16,1,91,1,7.8004
107,1,16,2,92,1,9.7848
107,1,16,3,93,1,10.7693
107,1,16,4,94,1,9.3537
107,1,16,5,95,1,
107,1,16,6,96,1,
107,1,17,1,97,1,7.5071
107,1,17,2,98,1,10.8915
107,1,17,3,99,1,6.876
107,1,17,4,100,1,8.2604
107,1,17,5,101,1,
107,1,17,6,102,1,
107,1,18,1,103,1,11.2138
107,1,18,2,104,1,7.5982
107,1,18,3,105,1,9.7826
107,1,18,4,106,1,11.3671
107,1,18,5,107,1,
107,1,18,6,108,1,
107,1,19,1,109,1,7.7204
107,1,19,2,110,1,10.7049
107,1,19,3,111,1,10.6893
107,1,19,4,112,1,11.0738
107,1,19,5,113,1,
107,1,19,6,114,1,
107,1,20,1,115,1,8.8271
107,1,20,2,116,1,5.2116
107,1,20,3,117,1,8.996
107,1,20,4,118,1,11.5805
107,1,20,5,119,1,
107,1,20,6,120,1,
107,1,21,1,121,1,4.9338
107,1,21,2,122,1,11.3183
107,1,21,3,123,1,7.1027
107,1,21,4,124,1,7.8872
107,1,21,5,125,1,
107,1,21,6,126,1,
107,1,22,1,127,1,7.8405
107,1,22,2,128,1,16.225
107,1,22,3,129,1,15.8094
107,1,22,4,130,1,9.1939
107,1,22,5,131,1,
107,1,22,6,132,1,
107,1,23,1,133,1,16.1472
107,1,23,2,134,1,12.7317
107,1,23,3,135,1,20.1161
107,1,23,4,136,1,10.7006
107,1,23,5,137,1,
107,1,23,6,138,1,
107,1,24,1,139,1,11.8539
107,1,24,2,140,1,11.0383
107,1,24,3,141,1,14.2228
107,1,24,4,142,1,19.4072
107,1,24,5,143,1,
107,1,24,6,144,1,
107,1,25,1,145,1,23.9606
107,1,25,2,146,1,10.545
107,1,25,3,147,1,8.5295
107,1,25,4,148,1,27.3139
107,1,25,5,149,1,
107,1,25,6,150,1,
107,1,26,1,151,1,11.2673
107,1,26,2,152,1,17.6517
107,1,26,3,153,1,20.6362
107,1,26,4,154,1,
107,1,26,5,155,1,
107,1,26,6,156,1,
107,1,27,1,157,1,20.174
107,1,27,2,158,1,12.3584
107,1,27,3,159,1,10.3429
107,1,27,4,160,1,13.9273
107,1,27,5,161,1,
107,1,27,6,162,1,
107,1,28,1,163,1,13.8807
107,1,28,2,164,1,6.0651
107,1,28,3,165,1,11.0496
107,1,28,4,166,1,15.834
107,1,28,5,167,1,
107,1,28,6,168,1,
108,0,1,1,1,0,27.2
108,0,1,2,2,0,12.1844
108,0,1,3,3,0,11.1689
108,0,1,4,4,0,21.1533
108,0,1,5,5,0,
108,0,1,6,6,0,
108,0,2,1,7,0,29.1067
108,0,2,2,8,0,28.8911
108,0,2,3,9,0,40.2756
108,0,2,4,10,0,30.06
108,0,2,5,11,0,
108,0,2,6,12,0,
108,0,3,1,13,0,16.8134
108,0,3,2,14,0,24.7978
108,0,3,3,15,0,15.1823
108,0,3,4,16,0,40.3667
108,0,3,5,17,0,
108,0,3,6,18,0,
108,0,4,1,19,0,
108,0,4,2,20,0,39.1045
108,0,4,3,21,0,29.489
108,0,4,4,22,0,40.8734
108,0,4,5,23,0,
108,0,4,6,24,0,
108,0,5,1,25,0,23.8268
108,0,5,2,26,0,21.0112
108,0,5,3,27,0,17.7957
108,0,5,4,28,0,49.9801
108,0,5,5,29,0,
108,0,5,6,30,0,
108,0,6,1,31,0,11.9335
108,0,6,2,32,0,30.7179
108,0,6,3,33,0,15.5024
108,0,6,4,34,0,15.4868
108,0,6,5,35,0,
108,0,6,6,36,0,
108,0,7,1,37,0,11.0401
108,0,7,2,38,0,11.4246
108,0,7,3,39,0,19.209
108,0,7,4,40,0,16.1935
108,0,7,5,41,0,
108,0,7,6,42,0,
108,0,8,1,43,0,21.7468
108,0,8,2,44,0,16.1313
108,0,8,3,45,0,14.7157
108,0,8,4,46,0,20.5002
108,0,8,5,47,0,
108,0,8,6,48,0,
108,0,9,1,49,1,14.6535
108,0,9,2,50,1,15.438
108,0,9,3,51,1,20.4224
108,0,9,4,52,1,15.4069
108,0,9,5,53,1,
108,0,9,6,54,1,
108,0,10,1,55,1,27.7602
108,0,10,2,56,1,41.3447
108,0,10,3,57,1,11.7291
108,0,10,4,58,1,25.3136
108,0,10,5,59,1,
108,0,10,6,60,1,
108,0,11,1,61,1,18.6669
108,0,11,2,62,1,26.8514
108,0,11,3,63,1,16.0358
108,0,11,4,64,1,37.4203
108,0,11,5,65,1,
108,0,11,6,66,1,
108,0,12,1,67,1,31.1736
108,0,12,2,68,1,18.5581
108,0,12,3,69,1,28.7425
108,0,12,4,70,1,28.927
108,0,12,5,71,1,
108,0,12,6,72,1,
108,0,13,1,73,1,16.2803
108,0,13,2,74,1,20.2647
108,0,13,3,75,1,36.0492
108,0,13,4,76,1,20.4336
108,0,13,5,77,1,
108,0,13,6,78,1,
108,0,14,1,79,1,21.987
108,0,14,2,80,1,25.1714
108,0,14,3,81,1,23.7559
108,0,14,4,82,1,34.9403
108,0,14,5,83,1,
108,0,14,6,84,1,
108,0,15,1,85,1,22.2937
108,0,15,2,86,1,38.4781
108,0,15,3,87,1,17.2626
108,0,15,4,88,1,28.847
108,0,15,5,89,1,
108,0,15,6,90,1,
108,0,16,1,91,1,28.4004
108,0,16,2,92,1,21.3848
108,0,16,3,93,1,22.1693
108,0,16,4,94,1,26.5537
108,0,16,5,95,1,
108,0,16,6,96,1,
108,0,17,1,97,1,30.7071
108,0,17,2,98,1,29.2915
108,0,17,3,99,1,17.876
108,0,17,4,100,1,25.4604
108,0,17,5,101,1,
108,0,17,6,102,1,
108,0,18,1,103,1,41.0138
108,0,18,2,104,1,32.7982
108,0,18,3,105,1,30.3826
108,0,18,4,106,1,30.5671
108,0,18,5,107,1,
108,0,18,6,108,1,
108,0,19,1,109,1,20.1204
108,0,19,2,110,1,33.3049
108,0,19,3,111,1,24.6893
108,0,19,4,112,1,29.6738
108,0,19,5,113,1,
108,0,19,6,114,1,
108,0,20,1,115,1,33.4271
108,0,20,2,116,1,44.2116
108,0,20,3,117,1,49.596
108,0,20,4,118,1,30.9805
108,0,20,5,119,1,
108,0,20,6,120,1,
108,0,21,1,121,1,37.1338
108,0,21,2,122,1,20.5183
108,0,21,3,123,1,37.1027
108,0,21,4,124,1,34.8872
108,0,21,5,125,1,
108,0,21,6,126,1,
108,0,22,1,127,1,19.0405
108,0,22,2,128,1,31.225
108,0,22,3,129,1,27.8094
108,0,22,4,130,1,30.9939
108,0,22,5,131,1,
108,0,22,6,132,1,
108,0,23,1,133,1,44.3472
108,0,23,2,134,1,32.9317
108,0,23,3,135,1,22.1161
108,0,23,4,136,1,30.5006
108,0,23,5,137,1,
108,0,23,6,138,1,
108,0,24,1,139,1,
108,0,24,2,140,1,25.6383
108,0,24,3,141,1,25.6228
108,0,24,4,142,1,40.8072
108,0,24,5,143,1,
108,0,24,6,144,1,
108,0,25,1,145,1,36.3606
108,0,25,2,146,1,21.745
108,0,25,3,147,1,30.3295
108,0,25,4,148,1,28.5139
108,0,25,5,149,1,
108,0,25,6,150,1,
108,0,26,1,151,1,39.2673
108,0,26,2,152,1,21.8517
108,0,26,3,153,1,27.4362
108,0,26,4,154,1,21.4206
108,0,26,5,155,1,
108,0,26,6,156,1,
108,0,27,1,157,1,27.774
108,0,27,2,158,1,40.1584
108,0,27,3,159,1,34.9429
108,0,27,4,160,1,34.5273
108,0,27,5,161,1,
108,0,27,6,162,1,
108,0,28,1,163,1,27.6807
108,0,28,2,164,1,27.2651
108,0,28,3,165,1,31.4496
108,0,28,4,166,1,29.834
108,0,28,5,167,1,
108,0,28,6,168,1,
109,1,1,1,1,0,18
109,1,1,2,2,0,19.3844
109,1,1,3,3,0,7.5689
109,1,1,4,4,0,56.5533
109,1,1,5,5,0,
109,1,1,6,6,0,
109,1,2,1,7,0,25.9067
109,1,2,2,8,0,8.8911
109,1,2,3,9,0,17.8756
109,1,2,4,10,0,2.66
109,1,2,5,11,0,
109,1,2,6,12,0,
109,1,3,1,13,0,13.2134
109,1,3,2,14,0,13.7978
109,1,3,3,15,0,1.1823
109,1,3,4,16,0,1.3667
109,1,3,5,17,0,
109,1,3,6,18,0,
109,1,4,1,19,0,10.9201
109,1,4,2,20,0,2.3045
109,1,4,3,21,0,2.089
109,1,4,4,22,0,2.8734
109,1,4,5,23,0,
109,1,4,6,24,0,
109,1,5,1,25,0,48.4268
109,1,5,2,26,0,14.8112
109,1,5,3,27,0,8.5957
109,1,5,4,28,0,0
109,1,5,5,29,0,
109,1,5,6,30,0,
109,1,6,1,31,0,3.5335
109,1,6,2,32,0,0
109,1,6,3,33,0,0
109,1,6,4,34,0,0
109,1,6,5,35,0,
109,1,6,6,36,0,
109,1,7,1,37,0,13.8401
109,1,7,2,38,0,0.8246
109,1,7,3,39,0,0.209
109,1,7,4,40,0,9.5935
109,1,7,5,41,0,
109,1,7,6,42,0,
109,1,8,1,43,0,0
109,1,8,2,44,0,7.3313
109,1,8,3,45,0,11.3157
109,1,8,4,46,0,6.3002
109,1,8,5,47,0,
109,1,8,6,48,0,
109,1,9,1,49,1,12.6535
109,1,9,2,50,1,1.838
109,1,9,3,51,1,0
109,1,9,4,52,1,2.6069
109,1,9,5,53,1,
109,1,9,6,54,1,
109,1,10,1,55,1,13.5602
109,1,10,2,56,1,0.3447
109,1,10,3,57,1,0
109,1,10,4,58,1,
109,1,10,5,59,1,
109,1,10,6,60,1,
109,1,11,1,61,1,0
109,1,11,2,62,1,0
109,1,11,3,63,1,0
109,1,11,4,64,1,1.4203
109,1,11,5,65,1,
109,1,11,6,66,1,
109,1,12,1,67,1,0
109,1,12,2,68,1,0
109,1,12,3,69,1,5.7425
109,1,12,4,70,1,0
109,1,12,5,71,1,
109,1,12,6,72,1,
109,1,13,1,73,1,0
109,1,13,2,74,1,0
109,1,13,3,75,1,0
109,1,13,4,76,1,1.2336
109,1,13,5,77,1,
109,1,13,6,78,1,
109,1,14,1,79,1,0
109,1,14,2,80,1,0
109,1,14,3,81,1,3.7559
109,1,14,4,82,1,0
109,1,14,5,83,1,
109,1,14,6,84,1,
109,1,15,1,85,1,0
109,1,15,2,86,1,13.2781
109,1,15,3,87,1,1.0626
109,1,15,4,88,1,9.047
109,1,15,5,89,1,
109,1,15,6,90,1,
109,1,16,1,91,1,1.0004
109,1,16,2,92,1,0
109,1,16,3,93,1,0.3693
109,1,16,4,94,1,7.3537
109,1,16,5,95,1,
109,1,16,6,96,1,
109,1,17,1,97,1,0
109,1,17,2,98,1,1.2915
109,1,17,3,99,1,0
109,1,17,4,100,1,0
109,1,17,5,101,1,
109,1,17,6,102,1,
109,1,18,1,103,1,4.2138
109,1,18,2,104,1,4.7982
109,1,18,3,105,1,0.7826
109,1,18,4,106,1,2.3671
109,1,18,5,107,1,
109,1,18,6,108,1,
109,1,19,1,109,1,0
109,1,19,2,110,1,12.3049
109,1,19,3,111,1,0
109,1,19,4,112,1,0.6738
109,1,19,5,113,1,
109,1,19,6,114,1,
109,1,20,1,115,1,17.2271
109,1,20,2,116,1,7.8116
109,1,20,3,117,1,23.796
109,1,20,4,118,1,2.3805
109,1,20,5,119,1,
109,1,20,6,120,1,
109,1,21,1,121,1,0
109,1,21,2,122,1,8.1183
109,1,21,3,123,1,13.5027
109,1,21,4,124,1,0
109,1,21,5,125,1,
109,1,21,6,126,1,
109,1,22,1,127,1,9.0405
109,1,22,2,128,1,0
109,1,22,3,129,1,0
109,1,22,4,130,1,9.7939
109,1,22,5,131,1,
109,1,22,6,132,1,
109,1,23,1,133,1,0.7472
109,1,23,2,134,1,0
109,1,23,3,135,1,0
109,1,23,4,136,1,5.7006
109,1,23,5,137,1,
109,1,23,6,138,1,
109,1,24,1,139,1,3.6539
109,1,24,2,140,1,0
109,1,24,3,141,1,
109,1,24,4,142,1,9.6072
109,1,24,5,143,1,
109,1,24,6,144,1,
109,1,25,1,145,1,11.1606
109,1,25,2,146,1,2.945
109,1,25,3,147,1,0
109,1,25,4,148,1,0.1139
109,1,25,5,149,1,
109,1,25,6,150,1,
109,1,26,1,151,1,1.8673
109,1,26,2,152,1,1.2517
109,1,26,3,153,1,3.2362
109,1,26,4,154,1,1.4206
109,1,26,5,155,1,
109,1,26,6,156,1,
109,1,27,1,157,1,0.374
109,1,27,2,158,1,0
109,1,27,3,159,1,2.9429
109,1,27,4,160,1,3.5273
109,1,27,5,161,1,
109,1,27,6,162,1,
109,1,28,1,163,1,0
109,1,28,2,164,1,22.0651
109,1,28,3,165,1,10.0496
109,1,28,4,166,1,3.634
109,1,28,5,167,1,
109,1,28,6,168,1,
110,0,1,1,1,0,2.8
110,0,1,2,2,0,5.9844
110,0,1,3,3,0,1.5689
110,0,1,4,4,0,3.7533
110,0,1,5,5,0,
110,0,1,6,6,0,
110,0,2,1,7,0,5.9067
110,0,2,2,8,0,1.0911
110,0,2,3,9,0,4.2756
110,0,2,4,10,0,4.06
110,0,2,5,11,0,
110,0,2,6,12,0,
110,0,3,1,13,0,4.0134
110,0,3,2,14,0,2.1978
110,0,3,3,15,0,0
110,0,3,4,16,0,3.5667
110,0,3,5,17,0,
110,0,3,6,18,0,
110,0,4,1,19,0,1.3201
110,0,4,2,20,0,11.5045
110,0,4,3,21,0,5.889
110,0,4,4,22,0,0
110,0,4,5,23,0,
110,0,4,6,24,0,
110,0,5,1,25,0,3.2268
110,0,5,2,26,0,1.8112
110,0,5,3,27,0,11.9957
110,0,5,4,28,0,9.9801
110,0,5,5,29,0,
110,0,5,6,30,0,
110,0,6,1,31,0,11.3335
110,0,6,2,32,0,0
110,0,6,3,33,0,3.9024
110,0,6,4,34,0,4.4868
110,0,6,5,35,0,
110,0,6,6,36,0,
110,0,7,1,37,0,3.0401
110,0,7,2,38,0,8.6246
110,0,7,3,39,0,9.209
110,0,7,4,40,0,3.5935
110,0,7,5,41,0,
110,0,7,6,42,0,
110,0,8,1,43,0,5.9468
110,0,8,2,44,0,8.7313
110,0,8,3,45,0,5.3157
110,0,8,4,46,0,14.9002
110,0,8,5,47,0,
110,0,8,6,48,0,
110,0,9,1,49,1,5.6535
110,0,9,2,50,1,2.438
110,0,9,3,51,1,8.8224
110,0,9,4,52,1,8.2069
110,0,9,5,53,1,
110,0,9,6,54,1,
110,0,10,1,55,1,0.3602
110,0,10,2,56,1,6.7447
110,0,10,3,57,1,2.7291
110,0,10,4,58,1,2.5136
110,0,10,5,59,1,
110,0,10,6,60,1,
110,0,11,1,61,1,5.6669
110,0,11,2,62,1,0.2514
110,0,11,3,63,1,4.0358
110,0,11,4,64,1,5.4203
110,0,11,5,65,1,
110,0,11,6,66,1,
110,0,12,1,67,1,3.1736
110,0,12,2,68,1,0
110,0,12,3,69,1,0.5425
110,0,12,4,70,1,0.127
110,0,12,5,71,1,
110,0,12,6,72,1,
110,0,13,1,73,1,6.6803
110,0,13,2,74,1,0.4647
110,0,13,3,75,1,9.4492
110,0,13,4,76,1,3.6336
110,0,13,5,77,1,
110,0,13,6,78,1,
110,0,14,1,79,1,7.987
110,0,14,2,80,1,9.5714
110,0,14,3,81,1,11.9559
110,0,14,4,82,1,4.3403
110,0,14,5,83,1,
110,0,14,6,84,1,
110,0,15,1,85,1,2.8937
110,0,15,2,86,1,0.4781
110,0,15,3,87,1,0.2626
110,0,15,4,88,1,0.047
110,0,15,5,89,1,
110,0,15,6,90,1,
110,0,16,1,91,1,0
110,0,16,2,92,1,1.7848
110,0,16,3,93,1,5.5693
110,0,16,4,94,1,10.9537
110,0,16,5,95,1,
110,0,16,6,96,1,
110,0,17,1,97,1,0
110,0,17,2,98,1,3.2915
110,0,17,3,99,1,3.876
110,0,17,4,100,1,12.8604
110,0,17,5,101,1,
110,0,17,6,102,1,
110,0,18,1,103,1,2.2138
110,0,18,2,104,1,0.3982
110,0,18,3,105,1,
110,0,18,4,106,1,5.5671
110,0,18,5,107,1,
110,0,18,6,108,1,
110,0,19,1,109,1,0
110,0,19,2,110,1,1.1049
110,0,19,3,111,1,0.0893
110,0,19,4,112,1,0
110,0,19,5,113,1,
110,0,19,6,114,1,
110,0,20,1,115,1,0
110,0,20,2,116,1,0
110,0,20,3,117,1,0
110,0,20,4,118,1,0
110,0,20,5,119,1,
110,0,20,6,120,1,
110,0,21,1,121,1,0
110,0,21,2,122,1,0
110,0,21,3,123,1,0
110,0,21,4,124,1,0
110,0,21,5,125,1,
110,0,21,6,126,1,
110,0,22,1,127,1,0
110,0,22,2,128,1,0
110,0,22,3,129,1,0
110,0,22,4,130,1,0
110,0,22,5,131,1,
110,0,22,6,132,1,
110,0,23,1,133,1,0.9472
110,0,23,2,134,1,1.1317
110,0,23,3,135,1,0
110,0,23,4,136,1,0
110,0,23,5,137,1,
110,0,23,6,138,1,
110,0,24,1,139,1,0
110,0,24,2,140,1,0
110,0,24,3,141,1,0
110,0,24,4,142,1,0
110,0,24,5,143,1,
110,0,24,6,144,1,
110,0,25,1,145,1,0
110,0,25,2,146,1,0
110,0,25,3,147,1,
110,0,25,4,148,1,0
110,0,25,5,149,1,
110,0,25,6,150,1,
110,0,26,1,151,1,0
110,0,26,2,152,1,0
110,0,26,3,153,1,0
110,0,26,4,154,1,0
110,0,26,5,155,1,
110,0,26,6,156,1,
110,0,27,1,157,1,0.574
110,0,27,2,158,1,0
110,0,27,3,159,1,0
110,0,27,4,160,1,0
110,0,27,5,161,1,
110,0,27,6,162,1,
110,0,28,1,163,1,0
110,0,28,2,164,1,0
110,0,28,3,165,1,0
110,0,28,4,166,1,0
110,0,28,5,167,1,
110,0,28,6,168,1,
111,1,1,1,1,0,13
111,1,1,2,2,0,5.7844
111,1,1,3,3,0,7.7689
111,1,1,4,4,0,0
111,1,1,5,5,0,
111,1,1,6,6,0,
111,1,2,1,7,0,5.1067
111,1,2,2,8,0,10.0911
111,1,2,3,9,0,4.4756
111,1,2,4,10,0,4.66
111,1,2,5,11,0,
111,1,2,6,12,0,
111,1,3,1,13,0,6.0134
111,1,3,2,14,0,22.5978
111,1,3,3,15,0,9.3823
111,1,3,4,16,0,3.3667
111,1,3,5,17,0,
111,1,3,6,18,0,
111,1,4,1,19,0,1.9201
111,1,4,2,20,0,9.3045
111,1,4,3,21,0,1.889
111,1,4,4,22,0,2.0734
111,1,4,5,23,0,
111,1,4,6,24,0,
111,1,5,1,25,0,20.0268
111,1,5,2,26,0,16.6112
111,1,5,3,27,0,10.3957
111,1,5,4,28,0,20.9801
111,1,5,5,29,0,
111,1,5,6,30,0,
111,1,6,1,31,0,2.1335
111,1,6,2,32,0,3.1179
111,1,6,3,33,0,10.5024
111,1,6,4,34,0,6.0868
111,1,6,5,35,0,
111,1,6,6,36,0,
111,1,7,1,37,0,4.4401
111,1,7,2,38,0,15.6246
111,1,7,3,39,0,16.409
111,1,7,4,40,0,8.1935
111,1,7,5,41,0,
111,1,7,6,42,0,
111,1,8,1,43,0,6.9468
111,1,8,2,44,0,13.7313
111,1,8,3,45,0,11.1157
111,1,8,4,46,0,15.1002
111,1,8,5,47,0,
111,1,8,6,48,0,
111,1,9,1,49,1,4.2535
111,1,9,2,50,1,9.038
111,1,9,3,51,1,6.6224
111,1,9,4,52,1,10.4069
111,1,9,5,53,1,
111,1,9,6,54,1,
111,1,10,1,55,1,7.1602
111,1,10,2,56,1,6.5447
111,1,10,3,57,1,3.5291
111,1,10,4,58,1,12.1136
111,1,10,5,59,1,
111,1,10,6,60,1,
111,1,11,1,61,1,7.8669
111,1,11,2,62,1,3.2514
111,1,11,3,63,1,4.6358
111,1,11,4,64,1,3.8203
111,1,11,5,65,1,
111,1,11,6,66,1,
111,1,12,1,67,1,4.9736
111,1,12,2,68,1,6.1581
111,1,12,3,69,1,8.3425
111,1,12,4,70,1,4.127
111,1,12,5,71,1,
111,1,12,6,72,1,
111,1,13,1,73,1,6.8803
111,1,13,2,74,1,5.6647
111,1,13,3,75,1,7.2492
111,1,13,4,76,1,8.4336
111,1,13,5,77,1,
111,1,13,6,78,1,
111,1,14,1,79,1,5.587
111,1,14,2,80,1,7.5714
111,1,14,3,81,1,6.5559
111,1,14,4,82,1,10.7403
111,1,14,5,83,1,
111,1,14,6,84,1,
111,1,15,1,85,1,8.8937
111,1,15,2,86,1,5.2781
111,1,15,3,87,1,16.2626
111,1,15,4,88,1,8.047
111,1,15,5,89,1,
111,1,15,6,90,1,
111,1,16,1,91,1,3.6004
111,1,16,2,92,1,5.7848
111,1,16,3,93,1,6.5693
111,1,16,4,94,1,6.7537
111,1,16,5,95,1,
111,1,16,6,96,1,
111,1,17,1,97,1,13.1071
111,1,17,2,98,1,9.2915
111,1,17,3,99,1,5.276
111,1,17,4,100,1,4.6604
111,1,17,5,101,1,
111,1,17,6,102,1,
111,1,18,1,103,1,
111,1,18,2,104,1,5.3982
111,1,18,3,105,1,8.1826
111,1,18,4,106,1,10.3671
111,1,18,5,107,1,
111,1,18,6,108,1,
111,1,19,1,109,1,4.7204
111,1,19,2,110,1,9.5049
111,1,19,3,111,1,9.4893
111,1,19,4,112,1,11.8738
111,1,19,5,113,1,
111,1,19,6,114,1,
111,1,20,1,115,1,
111,1,20,2,116,1,7.6116
111,1,20,3,117,1,10.996
111,1,20,4,118,1,13.3805
111,1,20,5,119,1,
111,1,20,6,120,1,
111,1,21,1,121,1,7.5338
111,1,21,2,122,1,7.7183
111,1,21,3,123,1,10.7027
111,1,21,4,124,1,8.2872
111,1,21,5,125,1,
111,1,21,6,126,1,
111,1,22,1,127,1,7.8405
111,1,22,2,128,1,11.625
111,1,22,3,129,1,4.4094
111,1,22,4,130,1,6.9939
111,1,22,5,131,1,
111,1,22,6,132,1,
111,1,23,1,133,1,13.3472
111,1,23,2,134,1,9.1317
111,1,23,3,135,1,6.3161
111,1,23,4,136,1,9.7006
111,1,23,5,137,1,
111,1,23,6,138,1,
111,1,24,1,139,1,3.6539
111,1,24,2,140,1,6.8383
111,1,24,3,141,1,8.6228
111,1,24,4,142,1,8.0072
111,1,24,5,143,1,
111,1,24,6,144,1,
111,1,25,1,145,1,2.5606
111,1,25,2,146,1,2.345
111,1,25,3,147,1,4.9295
111,1,25,4,148,1,4.3139
111,1,25,5,149,1,
111,1,25,6,150,1,
111,1,26,1,151,1,3.8673
111,1,26,2,152,1,8.6517
111,1,26,3,153,1,6.8362
111,1,26,4,154,1,8.8206
111,1,26,5,155,1,
111,1,26,6,156,1,
111,1,27,1,157,1,6.574
111,1,27,2,158,1,11.7584
111,1,27,3,159,1,11.9429
111,1,27,4,160,1,9.9273
111,1,27,5,161,1,
111,1,27,6,162,1,
111,1,28,1,163,1,9.2807
111,1,28,2,164,1,6.8651
111,1,28,3,165,1,11.0496
111,1,28,4,166,1,11.434
111,1,28,5,167,1,
111,1,28,6,168,1,
112,1,1,1,1,0,0
112,1,1,2,2,0,24.1844
112,1,1,3,3,0,0
112,1,1,4,4,0,19.5533
112,1,1,5,5,0,
112,1,1,6,6,0,
112,1,2,1,7,0,13.1067
112,1,2,2,8,0,12.4911
112,1,2,3,9,0,6.0756
112,1,2,4,10,0,9.06
112,1,2,5,11,0,
112,1,2,6,12,0,
112,1,3,1,13,0,16.6134
112,1,3,2,14,0,10.1978
112,1,3,3,15,0,0
112,1,3,4,16,0,0
112,1,3,5,17,0,
112,1,3,6,18,0,
112,1,4,1,19,0,20.5201
112,1,4,2,20,0,0
112,1,4,3,21,0,0
112,1,4,4,22,0,0.2734
112,1,4,5,23,0,
112,1,4,6,24,0,
112,1,5,1,25,0,0
112,1,5,2,26,0,4.6112
112,1,5,3,27,0,0
112,1,5,4,28,0,0.5801
112,1,5,5,29,0,
112,1,5,6,30,0,
112,1,6,1,31,0,9.7335
112,1,6,2,32,0,21.3179
112,1,6,3,33,0,3.9024
112,1,6,4,34,0,7.4868
112,1,6,5,35,0,
112,1,6,6,36,0,
112,1,7,1,37,0,21.6401
112,1,7,2,38,0,14.4246
112,1,7,3,39,0,17.409
112,1,7,4,40,0,27.3935
112,1,7,5,41,0,
112,1,7,6,42,0,
112,1,8,1,43,0,0
112,1,8,2,44,0,0
112,1,8,3,45,0,8.7157
112,1,8,4,46,0,9.3002
112,1,8,5,47,0,
112,1,8,6,48,0,
112,1,9,1,49,1,8.6535
112,1,9,2,50,1,2.038
112,1,9,3,51,1,0
112,1,9,4,52,1,0
112,1,9,5,53,1,
112,1,9,6,54,1,
112,1,10,1,55,1,2.3602
112,1,10,2,56,1,2.3447
112,1,10,3,57,1,3.9291
112,1,10,4,58,1,8.7136
112,1,10,5,59,1,
112,1,10,6,60,1,
112,1,11,1,61,1,19.0669
112,1,11,2,62,1,30.4514
112,1,11,3,63,1,10.8358
112,1,11,4,64,1,19.8203
112,1,11,5,65,1,
112,1,11,6,66,1,
112,1,12,1,67,1,6.3736
112,1,12,2,68,1,0
112,1,12,3,69,1,0
112,1,12,4,70,1,28.327
112,1,12,5,71,1,
112,1,12,6,72,1,
112,1,13,1,73,1,23.2803
112,1,13,2,74,1,24.6647
112,1,13,3,75,1,37.8492
112,1,13,4,76,1,37.8336
112,1,13,5,77,1,
112,1,13,6,78,1,
112,1,14,1,79,1,62.787
112,1,14,2,80,1,26.3714
112,1,14,3,81,1,3.9559
112,1,14,4,82,1,0
112,1,14,5,83,1,
112,1,14,6,84,1,
112,1,15,1,85,1,0
112,1,15,2,86,1,0
112,1,15,3,87,1,0
112,1,15,4,88,1,0.847
112,1,15,5,89,1,
112,1,15,6,90,1,
112,1,16,1,91,1,0
112,1,16,2,92,1,4.7848
112,1,16,3,93,1,2.1693
112,1,16,4,94,1,9.7537
112,1,16,5,95,1,
112,1,16,6,96,1,
112,1,17,1,97,1,0
112,1,17,2,98,1,0
112,1,17,3,99,1,3.676
112,1,17,4,100,1,7.0604
112,1,17,5,101,1,
112,1,17,6,102,1,
112,1,18,1,103,1,11.4138
112,1,18,2,104,1,6.5982
112,1,18,3,105,1,0.9826
112,1,18,4,106,1,3.1671
112,1,18,5,107,1,
112,1,18,6,108,1,
112,1,19,1,109,1,
112,1,19,2,110,1,4.1049
112,1,19,3,111,1,0.6893
112,1,19,4,112,1,12.0738
112,1,19,5,113,1,
112,1,19,6,114,1,
112,1,20,1,115,1,0
112,1,20,2,116,1,0
112,1,20,3,117,1,1.396
112,1,20,4,118,1,0.5805
112,1,20,5,119,1,
112,1,20,6,120,1,
112,1,21,1,121,1,50.9338
112,1,21,2,122,1,28.5183
112,1,21,3,123,1,
112,1,21,4,124,1,2.2872
112,1,21,5,125,1,
112,1,21,6,126,1,
112,1,22,1,127,1,0
112,1,22,2,128,1,0
112,1,22,3,129,1,6.4094
112,1,22,4,130,1,0
112,1,22,5,131,1,
112,1,22,6,132,1,
112,1,23,1,133,1,5.3472
112,1,23,2,134,1,0
112,1,23,3,135,1,0
112,1,23,4,136,1,1.7006
112,1,23,5,137,1,
112,1,23,6,138,1,
112,1,24,1,139,1,0
112,1,24,2,140,1,0
112,1,24,3,141,1,32.2228
112,1,24,4,142,1,4.8072
112,1,24,5,143,1,
112,1,24,6,144,1,
112,1,25,1,145,1,0
112,1,25,2,146,1,0
112,1,25,3,147,1,0
112,1,25,4,148,1,1.5139
112,1,25,5,149,1,
112,1,25,6,150,1,
112,1,26,1,151,1,7.2673
112,1,26,2,152,1,2.6517
112,1,26,3,153,1,0
112,1,26,4,154,1,0
112,1,26,5,155,1,
112,1,26,6,156,1,
112,1,27,1,157,1,0
112,1,27,2,158,1,3.9584
112,1,27,3,159,1,1.9429
112,1,27,4,160,1,0
112,1,27,5,161,1,
112,1,27,6,162,1,
112,1,28,1,163,1,0
112,1,28,2,164,1,0
112,1,28,3,165,1,0
112,1,28,4,166,1,21.634
112,1,28,5,167,1,
112,1,28,6,168,1,
113,0,1,1,1,0,29.2
113,0,1,2,2,0,3.7844
113,0,1,3,3,0,0
113,0,1,4,4,0,1.3533
113,0,1,5,5,0,
113,0,1,6,6,0,
113,0,2,1,7,0,3.5067
113,0,2,2,8,0,2.4911
113,0,2,3,9,0,0
113,0,2,4,10,0,23.66
113,0,2,5,11,0,
113,0,2,6,12,0,
113,0,3,1,13,0,0
113,0,3,2,14,0,0
113,0,3,3,15,0,0
113,0,3,4,16,0,0
113,0,3,5,17,0,
113,0,3,6,18,0,
113,0,4,1,19,0,0
113,0,4,2,20,0,0.7045
113,0,4,3,21,0,0
113,0,4,4,22,0,0
113,0,4,5,23,0,
113,0,4,6,24,0,
113,0,5,1,25,0,0
113,0,5,2,26,0,0
113,0,5,3,27,0,0
113,0,5,4,28,0,0
113,0,5,5,29,0,
113,0,5,6,30,0,
113,0,6,1,31,0,0.1335
113,0,6,2,32,0,0.5179
113,0,6,3,33,0,1.5024
113,0,6,4,34,0,0
113,0,6,5,35,0,
113,0,6,6,36,0,
113,0,7,1,37,0,0
113,0,7,2,38,0,0
113,0,7,3,39,0,0
113,0,7,4,40,0,0
113,0,7,5,41,0,
113,0,7,6,42,0,
113,0,8,1,43,0,0
113,0,8,2,44,0,0
113,0,8,3,45,0,0
113,0,8,4,46,0,0
113,0,8,5,47,0,
113,0,8,6,48,0,
113,0,9,1,49,1,0
113,0,9,2,50,1,0
113,0,9,3,51,1,0
113,0,9,4,52,1,0
113,0,9,5,53,1,
113,0,9,6,54,1,
113,0,10,1,55,1,0
113,0,10,2,56,1,0
113,0,10,3,57,1,0
113,0,10,4,58,1,0
113,0,10,5,59,1,
113,0,10,6,60,1,
113,0,11,1,61,1,0
113,0,11,2,62,1,0
113,0,11,3,63,1,0
113,0,11,4,64,1,0
113,0,11,5,65,1,
113,0,11,6,66,1,
113,0,12,1,67,1,0
113,0,12,2,68,1,0
113,0,12,3,69,1,0
113,0,12,4,70,1,0
113,0,12,5,71,1,
113,0,12,6,72,1,
113,0,13,1,73,1,0
113,0,13,2,74,1,0
113,0,13,3,75,1,0
113,0,13,4,76,1,0
113,0,13,5,77,1,
113,0,13,6,78,1,
113,0,14,1,79,1,0
113,0,14,2,80,1,0
113,0,14,3,81,1,0
113,0,14,4,82,1,0
113,0,14,5,83,1,
113,0,14,6,84,1,
113,0,15,1,85,1,0
113,0,15,2,86,1,0
113,0,15,3,87,1,0
113,0,15,4,88,1,0
113,0,15,5,89,1,
113,0,15,6,90,1,
113,0,16,1,91,1,0
113,0,16,2,92,1,0
113,0,16,3,93,1,0
113,0,16,4,94,1,0
113,0,16,5,95,1,
113,0,16,6,96,1,
113,0,17,1,97,1,0
113,0,17,2,98,1,0
113,0,17,3,99,1,0
113,0,17,4,100,1,0
113,0,17,5,101,1,
113,0,17,6,102,1,
113,0,18,1,103,1,0
113,0,18,2,104,1,0
113,0,18,3,105,1,0
113,0,18,4,106,1,0
113,0,18,5,107,1,
113,0,18,6,108,1,
113,0,19,1,109,1,0
113,0,19,2,110,1,0
113,0,19,3,111,1,0
113,0,19,4,112,1,0
113,0,19,5,113,1,
113,0,19,6,114,1,
113,0,20,1,115,1,0
113,0,20,2,116,1,0
113,0,20,3,117,1,0
113,0,20,4,118,1,0
113,0,20,5,119,1,
113,0,20,6,120,1,
113,0,21,1,121,1,0
113,0,21,2,122,1,0
113,0,21,3,123,1,0
113,0,21,4,124,1,0
113,0,21,5,125,1,
113,0,21,6,126,1,
113,0,22,1,127,1,0
113,0,22,2,128,1,
113,0,22,3,129,1,0
113,0,22,4,130,1,0
113,0,22,5,131,1,
113,0,22,6,132,1,
113,0,23,1,133,1,0
113,0,23,2,134,1,0
113,0,23,3,135,1,0
113,0,23,4,136,1,0
113,0,23,5,137,1,
113,0,23,6,138,1,
113,0,24,1,139,1,0
113,0,24,2,140,1,0
113,0,24,3,141,1,0
113,0,24,4,142,1,0
113,0,24,5,143,1,
113,0,24,6,144,1,
113,0,25,1,145,1,0
113,0,25,2,146,1,0
113,0,25,3,147,1,0
113,0,25,4,148,1,0
113,0,25,5,149,1,
113,0,25,6,150,1,
113,0,26,1,151,1,0
113,0,26,2,152,1,0
113,0,26,3,153,1,0
113,0,26,4,154,1,0
113,0,26,5,155,1,
113,0,26,6,156,1,
113,0,27,1,157,1,0
113,0,27,2,158,1,0
113,0,27,3,159,1,0
113,0,27,4,160,1,0
113,0,27,5,161,1,
113,0,27,6,162,1,
113,0,28,1,163,1,0
113,0,28,2,164,1,0
113,0,28,3,165,1,0
113,0,28,4,166,1,0
113,0,28,5,167,1,
113,0,28,6,168,1,
114,1,1,1,1,0,28.6
114,1,1,2,2,0,16.7844
114,1,1,3,3,0,12.5689
114,1,1,4,4,0,3.5533
114,1,1,5,5,0,
114,1,1,6,6,0,
114,1,2,1,7,0,43.1067
114,1,2,2,8,0,25.0911
114,1,2,3,9,0,14.2756
114,1,2,4,10,0,19.66
114,1,2,5,11,0,
114,1,2,6,12,0,
114,1,3,1,13,0,43.4134
114,1,3,2,14,0,30.5978
114,1,3,3,15,0,14.7823
114,1,3,4,16,0,26.3667
114,1,3,5,17,0,
114,1,3,6,18,0,
114,1,4,1,19,0,
114,1,4,2,20,0,18.7045
114,1,4,3,21,0,15.489
114,1,4,4,22,0,12.0734
114,1,4,5,23,0,
114,1,4,6,24,0,
114,1,5,1,25,0,16.4268
114,1,5,2,26,0,29.2112
114,1,5,3,27,0,11.9957
114,1,5,4,28,0,
114,1,5,5,29,0,
114,1,5,6,30,0,
114,1,6,1,31,0,17.1335
114,1,6,2,32,0,37.9179
114,1,6,3,33,0,21.9024
114,1,6,4,34,0,25.4868
114,1,6,5,35,0,
114,1,6,6,36,0,
114,1,7,1,37,0,23.2401
114,1,7,2,38,0,20.6246
114,1,7,3,39,0,36.209
114,1,7,4,40,0,21.5935
114,1,7,5,41,0,
114,1,7,6,42,0,
114,1,8,1,43,0,17.3468
114,1,8,2,44,0,18.1313
114,1,8,3,45,0,28.5157
114,1,8,4,46,0,22.5002
114,1,8,5,47,0,
114,1,8,6,48,0,
114,1,9,1,49,1,40.8535
114,1,9,2,50,1,66.638
114,1,9,3,51,1,26.8224
114,1,9,4,52,1,
114,1,9,5,53,1,
114,1,9,6,54,1,
114,1,10,1,55,1,30.5602
114,1,10,2,56,1,27.9447
114,1,10,3,57,1,27.3291
114,1,10,4,58,1,26.9136
114,1,10,5,59,1,
114,1,10,6,60,1,
114,1,11,1,61,1,21.6669
114,1,11,2,62,1,21.2514
114,1,11,3,63,1,17.0358
114,1,11,4,64,1,24.4203
114,1,11,5,65,1,
114,1,11,6,66,1,
114,1,12,1,67,1,
114,1,12,2,68,1,22.3581
114,1,12,3,69,1,17.5425
114,1,12,4,70,1,13.527
114,1,12,5,71,1,
114,1,12,6,72,1,
114,1,13,1,73,1,19.0803
114,1,13,2,74,1,15.6647
114,1,13,3,75,1,23.4492
114,1,13,4,76,1,21.6336
114,1,13,5,77,1,
114,1,13,6,78,1,
114,1,14,1,79,1,32.387
114,1,14,2,80,1,30.5714
114,1,14,3,81,1,25.1559
114,1,14,4,82,1,29.9403
114,1,14,5,83,1,
114,1,14,6,84,1,
114,1,15,1,85,1,26.2937
114,1,15,2,86,1,26.8781
114,1,15,3,87,1,23.4626
114,1,15,4,88,1,18.847
114,1,15,5,89,1,
114,1,15,6,90,1,
114,1,16,1,91,1,37.8004
114,1,16,2,92,1,15.7848
114,1,16,3,93,1,19.3693
114,1,16,4,94,1,20.7537
114,1,16,5,95,1,
114,1,16,6,96,1,
114,1,17,1,97,1,23.1071
114,1,17,2,98,1,22.4915
114,1,17,3,99,1,16.476
114,1,17,4,100,1,17.6604
114,1,17,5,101,1,
114,1,17,6,102,1,
114,1,18,1,103,1,24.4138
114,1,18,2,104,1,21.1982
114,1,18,3,105,1,21.7826
114,1,18,4,106,1,18.9671
114,1,18,5,107,1,
114,1,18,6,108,1,
114,1,19,1,109,1,20.5204
114,1,19,2,110,1,22.1049
114,1,19,3,111,1,20.0893
114,1,19,4,112,1,20.6738
114,1,19,5,113,1,
114,1,19,6,114,1,
114,1,20,1,115,1,17.8271
114,1,20,2,116,1,24.2116
114,1,20,3,117,1,17.796
114,1,20,4,118,1,16.1805
114,1,20,5,119,1,
114,1,20,6,120,1,
114,1,21,1,121,1,16.7338
114,1,21,2,122,1,14.9183
114,1,21,3,123,1,17.9027
114,1,21,4,124,1,16.4872
114,1,21,5,125,1,
114,1,21,6,126,1,
114,1,22,1,127,1,38.4405
114,1,22,2,128,1,22.025
114,1,22,3,129,1,18.6094
114,1,22,4,130,1,15.3939
114,1,22,5,131,1,
114,1,22,6,132,1,
114,1,23,1,133,1,29.1472
114,1,23,2,134,1,13.1317
114,1,23,3,135,1,48.7161
114,1,23,4,136,1,18.9006
114,1,23,5,137,1,
114,1,23,6,138,1,
114,1,24,1,139,1,21.8539
114,1,24,2,140,1,20.8383
114,1,24,3,141,1,38.4228
114,1,24,4,142,1,25.6072
114,1,24,5,143,1,
114,1,24,6,144,1,
114,1,25,1,145,1,16.9606
114,1,25,2,146,1,18.945
114,1,25,3,147,1,18.1295
114,1,25,4,148,1,17.9139
114,1,25,5,149,1,
114,1,25,6,150,1,
114,1,26,1,151,1,17.6673
114,1,26,2,152,1,15.6517
114,1,26,3,153,1,38.2362
114,1,26,4,154,1,45.0206
114,1,26,5,155,1,
114,1,26,6,156,1,
114,1,27,1,157,1,24.774
114,1,27,2,158,1,25.3584
114,1,27,3,159,1,20.1429
114,1,27,4,160,1,17.5273
114,1,27,5,161,1,
114,1,27,6,162,1,
114,1,28,1,163,1,35.4807
114,1,28,2,164,1,26.2651
114,1,28,3,165,1,26.2496
114,1,28,4,166,1,14.034
114,1,28,5,167,1,
114,1,28,6,168,1,
115,1,1,1,1,0,0
115,1,1,2,2,0,0.7844
115,1,1,3,3,0,4.1689
115,1,1,4,4,0,
115,1,1,5,5,0,
115,1,1,6,6,0,
115,1,2,1,7,0,2.3067
115,1,2,2,8,0,11.8911
115,1,2,3,9,0,1.6756
115,1,2,4,10,0,0
115,1,2,5,11,0,
115,1,2,6,12,0,
115,1,3,1,13,0,0
115,1,3,2,14,0,4.3978
115,1,3,3,15,0,2.9823
115,1,3,4,16,0,0
115,1,3,5,17,0,
115,1,3,6,18,0,
115,1,4,1,19,0,
115,1,4,2,20,0,0
115,1,4,3,21,0,0
115,1,4,4,22,0,1.4734
115,1,4,5,23,0,
115,1,4,6,24,0,
115,1,5,1,25,0,0
115,1,5,2,26,0,0
115,1,5,3,27,0,0
115,1,5,4,28,0,0
115,1,5,5,29,0,
115,1,5,6,30,0,
115,1,6,1,31,0,0
115,1,6,2,32,0,0
115,1,6,3,33,0,0
115,1,6,4,34,0,0
115,1,6,5,35,0,
115,1,6,6,36,0,
115,1,7,1,37,0,0
115,1,7,2,38,0,14.2246
115,1,7,3,39,0,0
115,1,7,4,40,0,0
115,1,7,5,41,0,
115,1,7,6,42,0,
115,1,8,1,43,0,0
115,1,8,2,44,0,0
115,1,8,3,45,0,0
115,1,8,4,46,0,0
115,1,8,5,47,0,
115,1,8,6,48,0,
115,1,9,1,49,1,1.0535
115,1,9,2,50,1,0
115,1,9,3,51,1,0
115,1,9,4,52,1,4.6069
115,1,9,5,53,1,
115,1,9,6,54,1,
115,1,10,1,55,1,7.1602
115,1,10,2,56,1,0
115,1,10,3,57,1,
115,1,10,4,58,1,2.3136
115,1,10,5,59,1,
115,1,10,6,60,1,
115,1,11,1,61,1,7.0669
115,1,11,2,62,1,0
115,1,11,3,63,1,0
115,1,11,4,64,1,0
115,1,11,5,65,1,
115,1,11,6,66,1,
115,1,12,1,67,1,0
115,1,12,2,68,1,22.5581
115,1,12,3,69,1,5.9425
115,1,12,4,70,1,0.927
115,1,12,5,71,1,
115,1,12,6,72,1,
115,1,13,1,73,1,2.4803
115,1,13,2,74,1,6.2647
115,1,13,3,75,1,7.8492
115,1,13,4,76,1,0
115,1,13,5,77,1,
115,1,13,6,78,1,
115,1,14,1,79,1,0
115,1,14,2,80,1,0
115,1,14,3,81,1,0
115,1,14,4,82,1,8.5403
115,1,14,5,83,1,
115,1,14,6,84,1,
115,1,15,1,85,1,0
115,1,15,2,86,1,1.0781
115,1,15,3,87,1,0
115,1,15,4,88,1,0
115,1,15,5,89,1,
115,1,15,6,90,1,
115,1,16,1,91,1,0
115,1,16,2,92,1,0
115,1,16,3,93,1,0
115,1,16,4,94,1,0
115,1,16,5,95,1,
115,1,16,6,96,1,
115,1,17,1,97,1,8.3071
115,1,17,2,98,1,0
115,1,17,3,99,1,0
115,1,17,4,100,1,0
115,1,17,5,101,1,
115,1,17,6,102,1,
115,1,18,1,103,1,10.4138
115,1,18,2,104,1,0
115,1,18,3,105,1,0
115,1,18,4,106,1,0
115,1,18,5,107,1,
115,1,18,6,108,1,
115,1,19,1,109,1,0
115,1,19,2,110,1,2.1049
115,1,19,3,111,1,10.0893
115,1,19,4,112,1,5.6738
115,1,19,5,113,1,
115,1,19,6,114,1,
115,1,20,1,115,1,12.4271
115,1,20,2,116,1,
115,1,20,3,117,1,0
115,1,20,4,118,1,0
115,1,20,5,119,1,
115,1,20,6,120,1,
115,1,21,1,121,1,23.3338
115,1,21,2,122,1,
115,1,21,3,123,1,8.3027
115,1,21,4,124,1,19.8872
115,1,21,5,125,1,
115,1,21,6,126,1,
115,1,22,1,127,1,0.8405
115,1,22,2,128,1,0
115,1,22,3,129,1,0
115,1,22,4,130,1,0
115,1,22,5,131,1,
115,1,22,6,132,1,
115,1,23,1,133,1,0.7472
115,1,23,2,134,1,0
115,1,23,3,135,1,0
115,1,23,4,136,1,0
115,1,23,5,137,1,
115,1,23,6,138,1,
115,1,24,1,139,1,0
115,1,24,2,140,1,0
115,1,24,3,141,1,35.4228
115,1,24,4,142,1,15.2072
115,1,24,5,143,1,
115,1,24,6,144,1,
115,1,25,1,145,1,6.9606
115,1,25,2,146,1,0
115,1,25,3,147,1,0
115,1,25,4,148,1,0
115,1,25,5,149,1,
115,1,25,6,150,1,
115,1,26,1,151,1,0
115,1,26,2,152,1,0
115,1,26,3,153,1,0
115,1,26,4,154,1,0
115,1,26,5,155,1,
115,1,26,6,156,1,
115,1,27,1,157,1,0
115,1,27,2,158,1,0
115,1,27,3,159,1,2.3429
115,1,27,4,160,1,0
115,1,27,5,161,1,
115,1,27,6,162,1,
115,1,28,1,163,1,0
115,1,28,2,164,1,8.4651
115,1,28,3,165,1,0
115,1,28,4,166,1,0
115,1,28,5,167,1,
115,1,28,6,168,1,
116,1,1,1,1,0,0
116,1,1,2,2,0,3.9844
116,1,1,3,3,0,0
116,1,1,4,4,0,0
116,1,1,5,5,0,
116,1,1,6,6,0,
116,1,2,1,7,0,0
116,1,2,2,8,0,0
116,1,2,3,9,0,0
116,1,2,4,10,0,0
116,1,2,5,11,0,
116,1,2,6,12,0,
116,1,3,1,13,0,0
116,1,3,2,14,0,0
116,1,3,3,15,0,8.3823
116,1,3,4,16,0,0
116,1,3,5,17,0,
116,1,3,6,18,0,
116,1,4,1,19,0,0
116,1,4,2,20,0,0
116,1,4,3,21,0,0
116,1,4,4,22,0,0
116,1,4,5,23,0,
116,1,4,6,24,0,
116,1,5,1,25,0,0
116,1,5,2,26,0,0
116,1,5,3,27,0,0
116,1,5,4,28,0,0
116,1,5,5,29,0,
116,1,5,6,30,0,
116,1,6,1,31,0,0
116,1,6,2,32,0,0
116,1,6,3,33,0,0
116,1,6,4,34,0,0
116,1,6,5,35,0,
116,1,6,6,36,0,
116,1,7,1,37,0,0
116,1,7,2,38,0,0
116,1,7,3,39,0,0
116,1,7,4,40,0,0
116,1,7,5,41,0,
116,1,7,6,42,0,
116,1,8,1,43,0,0
116,1,8,2,44,0,5.5313
116,1,8,3,45,0,0
116,1,8,4,46,0,0
116,1,8,5,47,0,
116,1,8,6,48,0,
116,1,9,1,49,1,2.0535
116,1,9,2,50,1,0
116,1,9,3,51,1,1.4224
116,1,9,4,52,1,1.4069
116,1,9,5,53,1,
116,1,9,6,54,1,
116,1,10,1,55,1,0
116,1,10,2,56,1,0
116,1,10,3,57,1,0
116,1,10,4,58,1,0
116,1,10,5,59,1,
116,1,10,6,60,1,
116,1,11,1,61,1,0
116,1,11,2,62,1,0
116,1,11,3,63,1,0
116,1,11,4,64,1,0
116,1,11,5,65,1,
116,1,11,6,66,1,
116,1,12,1,67,1,0
116,1,12,2,68,1,0
116,1,12,3,69,1,0
116,1,12,4,70,1,0
116,1,12,5,71,1,
116,1,12,6,72,1,
116,1,13,1,73,1,0
116,1,13,2,74,1,0
116,1,13,3,75,1,0
116,1,13,4,76,1,0
116,1,13,5,77,1,
116,1,13,6,78,1,
116,1,14,1,79,1,0
116,1,14,2,80,1,0
116,1,14,3,81,1,0
116,1,14,4,82,1,0
116,1,14,5,83,1,
116,1,14,6,84,1,
116,1,15,1,85,1,0
116,1,15,2,86,1,0
116,1,15,3,87,1,0
116,1,15,4,88,1,0
116,1,15,5,89,1,
116,1,15,6,90,1,
116,1,16,1,91,1,0
116,1,16,2,92,1,0
116,1,16,3,93,1,0
116,1,16,4,94,1,0
116,1,16,5,95,1,
116,1,16,6,96,1,
116,1,17,1,97,1,0
116,1,17,2,98,1,0
116,1,17,3,99,1,0
116,1,17,4,100,1,0
116,1,17,5,101,1,
116,1,17,6,102,1,
116,1,18,1,103,1,0
116,1,18,2,104,1,0
116,1,18,3,105,1,0
116,1,18,4,106,1,0
116,1,18,5,107,1,
116,1,18,6,108,1,
116,1,19,1,109,1,0
116,1,19,2,110,1,0
116,1,19,3,111,1,0
116,1,19,4,112,1,0
116,1,19,5,113,1,
116,1,19,6,114,1,
116,1,20,1,115,1,0
116,1,20,2,116,1,0
116,1,20,3,117,1,0
116,1,20,4,118,1,0
116,1,20,5,119,1,
116,1,20,6,120,1,
116,1,21,1,121,1,0
116,1,21,2,122,1,0
116,1,21,3,123,1,0
116,1,21,4,124,1,15.4872
116,1,21,5,125,1,
116,1,21,6,126,1,
116,1,22,1,127,1,0
116,1,22,2,128,1,
116,1,22,3,129,1,0
116,1,22,4,130,1,9.1939
116,1,22,5,131,1,
116,1,22,6,132,1,
116,1,23,1,133,1,0
116,1,23,2,134,1,0
116,1,23,3,135,1,0
116,1,23,4,136,1,0
116,1,23,5,137,1,
116,1,23,6,138,1,
116,1,24,1,139,1,0
116,1,24,2,140,1,0
116,1,24,3,141,1,0
116,1,24,4,142,1,0
116,1,24,5,143,1,
116,1,24,6,144,1,
116,1,25,1,145,1,0
116,1,25,2,146,1,0
116,1,25,3,147,1,0
116,1,25,4,148,1,0
116,1,25,5,149,1,
116,1,25,6,150,1,
116,1,26,1,151,1,0
116,1,26,2,152,1,0
116,1,26,3,153,1,0
116,1,26,4,154,1,0
116,1,26,5,155,1,
116,1,26,6,156,1,
116,1,27,1,157,1,0
116,1,27,2,158,1,0
116,1,27,3,159,1,0
116,1,27,4,160,1,
116,1,27,5,161,1,
116,1,27,6,162,1,
116,1,28,1,163,1,0
116,1,28,2,164,1,0
116,1,28,3,165,1,0
116,1,28,4,166,1,0
116,1,28,5,167,1,
116,1,28,6,168,1,
117,0,1,1,1,0,29.2
117,0,1,2,2,0,22.9844
117,0,1,3,3,0,27.5689
117,0,1,4,4,0,1.3533
117,0,1,5,5,0,
117,0,1,6,6,0,
117,0,2,1,7,0,12.5067
117,0,2,2,8,0,0
117,0,2,3,9,0,11.8756
117,0,2,4,10,0,7.66
117,0,2,5,11,0,
117,0,2,6,12,0,
117,0,3,1,13,0,
117,0,3,2,14,0,7.9978
117,0,3,3,15,0,0
117,0,3,4,16,0,0
117,0,3,5,17,0,
117,0,3,6,18,0,
117,0,4,1,19,0,7.5201
117,0,4,2,20,0,9.5045
117,0,4,3,21,0,0
117,0,4,4,22,0,14.2734
117,0,4,5,23,0,
117,0,4,6,24,0,
117,0,5,1,25,0,0
117,0,5,2,26,0,34.4112
117,0,5,3,27,0,30.1957
117,0,5,4,28,0,6.7801
117,0,5,5,29,0,
117,0,5,6,30,0,
117,0,6,1,31,0,3.7335
117,0,6,2,32,0,14.7179
117,0,6,3,33,0,38.9024
117,0,6,4,34,0,34.2868
117,0,6,5,35,0,
117,0,6,6,36,0,
117,0,7,1,37,0,30.4401
117,0,7,2,38,0,52.6246
117,0,7,3,39,0,39.409
117,0,7,4,40,0,48.3935
117,0,7,5,41,0,
117,0,7,6,42,0,
117,0,8,1,43,0,30.7468
117,0,8,2,44,0,23.3313
117,0,8,3,45,0,10.5157
117,0,8,4,46,0,5.7002
117,0,8,5,47,0,
117,0,8,6,48,0,
117,0,9,1,49,1,0
117,0,9,2,50,1,
117,0,9,3,51,1,1.0224
117,0,9,4,52,1,0
117,0,9,5,53,1,
117,0,9,6,54,1,
117,0,10,1,55,1,0
117,0,10,2,56,1,3.7447
117,0,10,3,57,1,0
117,0,10,4,58,1,0
117,0,10,5,59,1,
117,0,10,6,60,1,
117,0,11,1,61,1,0
117,0,11,2,62,1,0
117,0,11,3,63,1,0
117,0,11,4,64,1,0
117,0,11,5,65,1,
117,0,11,6,66,1,
117,0,12,1,67,1,0
117,0,12,2,68,1,0
117,0,12,3,69,1,0
117,0,12,4,70,1,0
117,0,12,5,71,1,
117,0,12,6,72,1,
117,0,13,1,73,1,0
117,0,13,2,74,1,0
117,0,13,3,75,1,0
117,0,13,4,76,1,0
117,0,13,5,77,1,
117,0,13,6,78,1,
117,0,14,1,79,1,0
117,0,14,2,80,1,0
117,0,14,3,81,1,0
117,0,14,4,82,1,0
117,0,14,5,83,1,
117,0,14,6,84,1,
117,0,15,1,85,1,0
117,0,15,2,86,1,4.4781
117,0,15,3,87,1,7.0626
117,0,15,4,88,1,6.047
117,0,15,5,89,1,
117,0,15,6,90,1,
117,0,16,1,91,1,0
117,0,16,2,92,1,13.7848
117,0,16,3,93,1,11.5693
117,0,16,4,94,1,0
117,0,16,5,95,1,
117,0,16,6,96,1,
117,0,17,1,97,1,0
117,0,17,2,98,1,0
117,0,17,3,99,1,0
117,0,17,4,100,1,0
117,0,17,5,101,1,
117,0,17,6,102,1,
117,0,18,1,103,1,0
117,0,18,2,104,1,0
117,0,18,3,105,1,8.3826
117,0,18,4,106,1,0.1671
117,0,18,5,107,1,
117,0,18,6,108,1,
117,0,19,1,109,1,3.3204
117,0,19,2,110,1,0
117,0,19,3,111,1,1.6893
117,0,19,4,112,1,4.2738
117,0,19,5,113,1,
117,0,19,6,114,1,
117,0,20,1,115,1,0
117,0,20,2,116,1,4.8116
117,0,20,3,117,1,0
117,0,20,4,118,1,0
117,0,20,5,119,1,
117,0,20,6,120,1,
117,0,21,1,121,1,26.7338
117,0,21,2,122,1,6.9183
117,0,21,3,123,1,16.7027
117,0,21,4,124,1,8.2872
117,0,21,5,125,1,
117,0,21,6,126,1,
117,0,22,1,127,1,6.4405
117,0,22,2,128,1,2.225
117,0,22,3,129,1,4.8094
117,0,22,4,130,1,
117,0,22,5,131,1,
117,0,22,6,132,1,
117,0,23,1,133,1,1.1472
117,0,23,2,134,1,12.7317
117,0,23,3,135,1,2.5161
117,0,23,4,136,1,0
117,0,23,5,137,1,
117,0,23,6,138,1,
117,0,24,1,139,1,
117,0,24,2,140,1,3.0383
117,0,24,3,141,1,1.2228
117,0,24,4,142,1,15.0072
117,0,24,5,143,1,
117,0,24,6,144,1,
117,0,25,1,145,1,24.9606
117,0,25,2,146,1,4.945
117,0,25,3,147,1,0
117,0,25,4,148,1,7.1139
117,0,25,5,149,1,
117,0,25,6,150,1,
117,0,26,1,151,1,
117,0,26,2,152,1,10.0517
117,0,26,3,153,1,0
117,0,26,4,154,1,0.4206
117,0,26,5,155,1,
117,0,26,6,156,1,
117,0,27,1,157,1,12.774
117,0,27,2,158,1,5.3584
117,0,27,3,159,1,14.1429
117,0,27,4,160,1,0.7273
117,0,27,5,161,1,
117,0,27,6,162,1,
117,0,28,1,163,1,7.8807
117,0,28,2,164,1,4.0651
117,0,28,3,165,1,2.2496
117,0,28,4,166,1,7.434
117,0,28,5,167,1,
117,0,28,6,168,1,
118,0,1,1,1,0,60
118,0,1,2,2,0,35.9844
118,0,1,3,3,0,35.5689
118,0,1,4,4,0,58.1533
118,0,1,5,5,0,
118,0,1,6,6,0,
118,0,2,1,7,0,26.5067
118,0,2,2,8,0,29.2911
118,0,2,3,9,0,18.4756
118,0,2,4,10,0,43.46
118,0,2,5,11,0,
118,0,2,6,12,0,
118,0,3,1,13,0,39.8134
118,0,3,2,14,0,28.7978
118,0,3,3,15,0,7.1823
118,0,3,4,16,0,14.7667
118,0,3,5,17,0,
118,0,3,6,18,0,
118,0,4,1,19,0,20.7201
118,0,4,2,20,0,17.5045
118,0,4,3,21,0,13.889
118,0,4,4,22,0,30.2734
118,0,4,5,23,0,
118,0,4,6,24,0,
118,0,5,1,25,0,8.6268
118,0,5,2,26,0,9.8112
118,0,5,3,27,0,21.9957
118,0,5,4,28,0,15.9801
118,0,5,5,29,0,
118,0,5,6,30,0,
118,0,6,1,31,0,24.3335
118,0,6,2,32,0,17.1179
118,0,6,3,33,0,20.9024
118,0,6,4,34,0,20.6868
118,0,6,5,35,0,
118,0,6,6,36,0,
118,0,7,1,37,0,13.0401
118,0,7,2,38,0,11.6246
118,0,7,3,39,0,21.809
118,0,7,4,40,0,22.1935
118,0,7,5,41,0,
118,0,7,6,42,0,
118,0,8,1,43,0,19.7468
118,0,8,2,44,0,23.1313
118,0,8,3,45,0,20.7157
118,0,8,4,46,0,19.7002
118,0,8,5,47,0,
118,0,8,6,48,0,
118,0,9,1,49,1,20.4535
118,0,9,2,50,1,24.638
118,0,9,3,51,1,13.8224
118,0,9,4,52,1,18.8069
118,0,9,5,53,1,
118,0,9,6,54,1,
118,0,10,1,55,1,15.9602
118,0,10,2,56,1,22.5447
118,0,10,3,57,1,16.5291
118,0,10,4,58,1,22.5136
118,0,10,5,59,1,
118,0,10,6,60,1,
118,0,11,1,61,1,24.4669
118,0,11,2,62,1,25.0514
118,0,11,3,63,1,11.4358
118,0,11,4,64,1,12.4203
118,0,11,5,65,1,
118,0,11,6,66,1,
118,0,12,1,67,1,14.7736
118,0,12,2,68,1,8.9581
118,0,12,3,69,1,19.1425
118,0,12,4,70,1,12.127
118,0,12,5,71,1,
118,0,12,6,72,1,
118,0,13,1,73,1,17.6803
118,0,13,2,74,1,22.8647
118,0,13,3,75,1,12.2492
118,0,13,4,76,1,23.0336
118,0,13,5,77,1,
118,0,13,6,78,1,
118,0,14,1,79,1,16.787
118,0,14,2,80,1,13.9714
118,0,14,3,81,1,13.7559
118,0,14,4,82,1,23.1403
118,0,14,5,83,1,
118,0,14,6,84,1,
118,0,15,1,85,1,16.8937
118,0,15,2,86,1,12.8781
118,0,15,3,87,1,12.4626
118,0,15,4,88,1,11.647
118,0,15,5,89,1,
118,0,15,6,90,1,
118,0,16,1,91,1,14.0004
118,0,16,2,92,1,13.5848
118,0,16,3,93,1,12.5693
118,0,16,4,94,1,13.9537
118,0,16,5,95,1,
118,0,16,6,96,1,
118,0,17,1,97,1,11.3071
118,0,17,2,98,1,12.0915
118,0,17,3,99,1,14.076
118,0,17,4,100,1,12.8604
118,0,17,5,101,1,
118,0,17,6,102,1,
118,0,18,1,103,1,17.8138
118,0,18,2,104,1,21.9982
118,0,18,3,105,1,11.7826
118,0,18,4,106,1,23.1671
118,0,18,5,107,1,
118,0,18,6,108,1,
118,0,19,1,109,1,19.5204
118,0,19,2,110,1,12.7049
118,0,19,3,111,1,16.6893
118,0,19,4,112,1,9.0738
118,0,19,5,113,1,
118,0,19,6,114,1,
118,0,20,1,115,1,10.8271
118,0,20,2,116,1,12.0116
118,0,20,3,117,1,9.996
118,0,20,4,118,1,16.7805
118,0,20,5,119,1,
118,0,20,6,120,1,
118,0,21,1,121,1,11.1338
118,0,21,2,122,1,11.9183
118,0,21,3,123,1,9.7027
118,0,21,4,124,1,10.4872
118,0,21,5,125,1,
118,0,21,6,126,1,
118,0,22,1,127,1,12.4405
118,0,22,2,128,1,11.225
118,0,22,3,129,1,9.8094
118,0,22,4,130,1,
118,0,22,5,131,1,
118,0,22,6,132,1,
118,0,23,1,133,1,10.3472
118,0,23,2,134,1,10.1317
118,0,23,3,135,1,12.5161
118,0,23,4,136,1,9.1006
118,0,23,5,137,1,
118,0,23,6,138,1,
118,0,24,1,139,1,14.6539
118,0,24,2,140,1,11.0383
118,0,24,3,141,1,10.8228
118,0,24,4,142,1,
118,0,24,5,143,1,
118,0,24,6,144,1,
118,0,25,1,145,1,15.3606
118,0,25,2,146,1,9.145
118,0,25,3,147,1,8.7295
118,0,25,4,148,1,8.5139
118,0,25,5,149,1,
118,0,25,6,150,1,
118,0,26,1,151,1,10.2673
118,0,26,2,152,1,11.2517
118,0,26,3,153,1,9.0362
118,0,26,4,154,1,10.8206
118,0,26,5,155,1,
118,0,26,6,156,1,
118,0,27,1,157,1,11.374
118,0,27,2,158,1,8.9584
118,0,27,3,159,1,11.3429
118,0,27,4,160,1,9.5273
118,0,27,5,161,1,
118,0,27,6,162,1,
118,0,28,1,163,1,
118,0,28,2,164,1,8.8651
118,0,28,3,165,1,
118,0,28,4,166,1,8.634
118,0,28,5,167,1,
118,0,28,6,168,1,
119,0,1,1,1,0,30.8
119,0,1,2,2,0,21.7844
119,0,1,3,3,0,13.1689
119,0,1,4,4,0,25.1533
119,0,1,5,5,0,
119,0,1,6,6,0,
119,0,2,1,7,0,30.7067
119,0,2,2,8,0,24.4911
119,0,2,3,9,0,
119,0,2,4,10,0,34.46
119,0,2,5,11,0,
119,0,2,6,12,0,
119,0,3,1,13,0,18.0134
119,0,3,2,14,0,26.1978
119,0,3,3,15,0,24.3823
119,0,3,4,16,0,22.5667
119,0,3,5,17,0,
119,0,3,6,18,0,
119,0,4,1,19,0,22.5201
119,0,4,2,20,0,23.9045
119,0,4,3,21,0,22.689
119,0,4,4,22,0,23.8734
119,0,4,5,23,0,
119,0,4,6,24,0,
119,0,5,1,25,0,17.8268
119,0,5,2,26,0,24.0112
119,0,5,3,27,0,26.1957
119,0,5,4,28,0,28.1801
119,0,5,5,29,0,
119,0,5,6,30,0,
119,0,6,1,31,0,24.1335
119,0,6,2,32,0,23.3179
119,0,6,3,33,0,30.3024
119,0,6,4,34,0,21.6868
119,0,6,5,35,0,
119,0,6,6,36,0,
119,0,7,1,37,0,22.8401
119,0,7,2,38,0,26.4246
119,0,7,3,39,0,25.209
119,0,7,4,40,0,24.3935
119,0,7,5,41,0,
119,0,7,6,42,0,
119,0,8,1,43,0,
119,0,8,2,44,0,27.7313
119,0,8,3,45,0,23.9157
119,0,8,4,46,0,33.3002
119,0,8,5,47,0,
119,0,8,6,48,0,
119,0,9,1,49,1,26.2535
119,0,9,2,50,1,23.238
119,0,9,3,51,1,
119,0,9,4,52,1,21.8069
119,0,9,5,53,1,
119,0,9,6,54,1,
119,0,10,1,55,1,14.5602
119,0,10,2,56,1,23.9447
119,0,10,3,57,1,22.5291
119,0,10,4,58,1,24.9136
119,0,10,5,59,1,
119,0,10,6,60,1,
119,0,11,1,61,1,19.4669
119,0,11,2,62,1,22.6514
119,0,11,3,63,1,16.6358
119,0,11,4,64,1,24.4203
119,0,11,5,65,1,
119,0,11,6,66,1,
119,0,12,1,67,1,22.9736
119,0,12,2,68,1,20.1581
119,0,12,3,69,1,18.5425
119,0,12,4,70,1,25.327
119,0,12,5,71,1,
119,0,12,6,72,1,
119,0,13,1,73,1,25.8803
119,0,13,2,74,1,23.6647
119,0,13,3,75,1,
119,0,13,4,76,1,
119,0,13,5,77,1,
119,0,13,6,78,1,
119,0,14,1,79,1,27.987
119,0,14,2,80,1,22.7714
119,0,14,3,81,1,
119,0,14,4,82,1,56.1403
119,0,14,5,83,1,
119,0,14,6,84,1,
119,0,15,1,85,1,23.0937
119,0,15,2,86,1,20.0781
119,0,15,3,87,1,28.0626
119,0,15,4,88,1,23.647
119,0,15,5,89,1,
119,0,15,6,90,1,
119,0,16,1,91,1,22.8004
119,0,16,2,92,1,23.9848
119,0,16,3,93,1,21.9693
119,0,16,4,94,1,23.7537
119,0,16,5,95,1,
119,0,16,6,96,1,
119,0,17,1,97,1,27.5071
119,0,17,2,98,1,
119,0,17,3,99,1,
119,0,17,4,100,1,22.2604
119,0,17,5,101,1,
119,0,17,6,102,1,
119,0,18,1,103,1,25.2138
119,0,18,2,104,1,35.7982
119,0,18,3,105,1,
119,0,18,4,106,1,25.3671
119,0,18,5,107,1,
119,0,18,6,108,1,
119,0,19,1,109,1,32.9204
119,0,19,2,110,1,29.1049
119,0,19,3,111,1,19.8893
119,0,19,4,112,1,23.0738
119,0,19,5,113,1,
119,0,19,6,114,1,
119,0,20,1,115,1,23.6271
119,0,20,2,116,1,24.8116
119,0,20,3,117,1,
119,0,20,4,118,1,23.9805
119,0,20,5,119,1,
119,0,20,6,120,1,
119,0,21,1,121,1,
119,0,21,2,122,1,25.3183
119,0,21,3,123,1,
119,0,21,4,124,1,29.0872
119,0,21,5,125,1,
119,0,21,6,126,1,
119,0,22,1,127,1,23.0405
119,0,22,2,128,1,21.025
119,0,22,3,129,1,24.0094
119,0,22,4,130,1,20.9939
119,0,22,5,131,1,
119,0,22,6,132,1,
119,0,23,1,133,1,21.1472
119,0,23,2,134,1,
119,0,23,3,135,1,21.1161
119,0,23,4,136,1,23.3006
119,0,23,5,137,1,
119,0,23,6,138,1,
119,0,24,1,139,1,22.8539
119,0,24,2,140,1,24.6383
119,0,24,3,141,1,22.6228
119,0,24,4,142,1,22.4072
119,0,24,5,143,1,
119,0,24,6,144,1,
119,0,25,1,145,1,28.3606
119,0,25,2,146,1,20.345
119,0,25,3,147,1,20.1295
119,0,25,4,148,1,25.7139
119,0,25,5,149,1,
119,0,25,6,150,1,
119,0,26,1,151,1,
119,0,26,2,152,1,23.2517
119,0,26,3,153,1,20.8362
119,0,26,4,154,1,24.0206
119,0,26,5,155,1,
119,0,26,6,156,1,
119,0,27,1,157,1,22.374
119,0,27,2,158,1,24.5584
119,0,27,3,159,1,20.5429
119,0,27,4,160,1,22.5273
119,0,27,5,161,1,
119,0,27,6,162,1,
119,0,28,1,163,1,19.2807
119,0,28,2,164,1,21.6651
119,0,28,3,165,1,
119,0,28,4,166,1,20.634
119,0,28,5,167,1,
119,0,28,6,168,1,
120,1,1,1,1,0,21.2
120,1,1,2,2,0,31.1844
120,1,1,3,3,0,26.5689
120,1,1,4,4,0,32.9533
120,1,1,5,5,0,
120,1,1,6,6,0,
120,1,2,1,7,0,23.3067
120,1,2,2,8,0,28.8911
120,1,2,3,9,0,19.2756
120,1,2,4,10,0,32.06
120,1,2,5,11,0,
120,1,2,6,12,0,
120,1,3,1,13,0,18.0134
120,1,3,2,14,0,51.9978
120,1,3,3,15,0,40.1823
120,1,3,4,16,0,27.1667
120,1,3,5,17,0,
120,1,3,6,18,0,
120,1,4,1,19,0,36.3201
120,1,4,2,20,0,42.9045
120,1,4,3,21,0,26.289
120,1,4,4,22,0,23.0734
120,1,4,5,23,0,
120,1,4,6,24,0,
120,1,5,1,25,0,24.2268
120,1,5,2,26,0,36.0112
120,1,5,3,27,0,28.3957
120,1,5,4,28,0,27.7801
120,1,5,5,29,0,
120,1,5,6,30,0,
120,1,6,1,31,0,
120,1,6,2,32,0,23.7179
120,1,6,3,33,0,21.9024
120,1,6,4,34,0,25.4868
120,1,6,5,35,0,
120,1,6,6,36,0,
120,1,7,1,37,0,28.4401
120,1,7,2,38,0,26.2246
120,1,7,3,39,0,25.009
120,1,7,4,40,0,25.9935
120,1,7,5,41,0,
120,1,7,6,42,0,
120,1,8,1,43,0,25.7468
120,1,8,2,44,0,25.9313
120,1,8,3,45,0,31.1157
120,1,8,4,46,0,33.3002
120,1,8,5,47,0,
120,1,8,6,48,0,
120,1,9,1,49,1,32.4535
120,1,9,2,50,1,26.038
120,1,9,3,51,1,30.4224
120,1,9,4,52,1,33.0069
120,1,9,5,53,1,
120,1,9,6,54,1,
120,1,10,1,55,1,30.7602
120,1,10,2,56,1,21.7447
120,1,10,3,57,1,37.1291
120,1,10,4,58,1,28.3136
120,1,10,5,59,1,
120,1,10,6,60,1,
120,1,11,1,61,1,31.0669
120,1,11,2,62,1,30.8514
120,1,11,3,63,1,35.4358
120,1,11,4,64,1,39.0203
120,1,11,5,65,1,
120,1,11,6,66,1,
120,1,12,1,67,1,34.7736
120,1,12,2,68,1,31.3581
120,1,12,3,69,1,31.3425
120,1,12,4,70,1,35.727
120,1,12,5,71,1,
120,1,12,6,72,1,
120,1,13,1,73,1,38.8803
120,1,13,2,74,1,40.4647
120,1,13,3,75,1,27.0492
120,1,13,4,76,1,27.0336
120,1,13,5,77,1,
120,1,13,6,78,1,
120,1,14,1,79,1,33.387
120,1,14,2,80,1,28.9714
120,1,14,3,81,1,28.9559
120,1,14,4,82,1,
120,1,14,5,83,1,
120,1,14,6,84,1,
120,1,15,1,85,1,30.6937
120,1,15,2,86,1,28.0781
120,1,15,3,87,1,32.6626
120,1,15,4,88,1,27.847
120,1,15,5,89,1,
120,1,15,6,90,1,
120,1,16,1,91,1,29.2004
120,1,16,2,92,1,38.1848
120,1,16,3,93,1,31.9693
120,1,16,4,94,1,38.7537
120,1,16,5,95,1,
120,1,16,6,96,1,
120,1,17,1,97,1,38.1071
120,1,17,2,98,1,35.0915
120,1,17,3,99,1,33.876
120,1,17,4,100,1,30.4604
120,1,17,5,101,1,
120,1,17,6,102,1,
120,1,18,1,103,1,36.6138
120,1,18,2,104,1,26.9982
120,1,18,3,105,1,37.3826
120,1,18,4,106,1,37.3671
120,1,18,5,107,1,
120,1,18,6,108,1,
120,1,19,1,109,1,43.1204
120,1,19,2,110,1,32.1049
120,1,19,3,111,1,34.2893
120,1,19,4,112,1,31.4738
120,1,19,5,113,1,
120,1,19,6,114,1,
120,1,20,1,115,1,34.8271
120,1,20,2,116,1,
120,1,20,3,117,1,31.796
120,1,20,4,118,1,29.7805
120,1,20,5,119,1,
120,1,20,6,120,1,
120,1,21,1,121,1,32.3338
120,1,21,2,122,1,30.5183
120,1,21,3,123,1,33.3027
120,1,21,4,124,1,40.6872
120,1,21,5,125,1,
120,1,21,6,126,1,
120,1,22,1,127,1,29.0405
120,1,22,2,128,1,33.025
120,1,22,3,129,1,34.6094
120,1,22,4,130,1,27.7939
120,1,22,5,131,1,
120,1,22,6,132,1,
120,1,23,1,133,1,34.5472
120,1,23,2,134,1,35.3317
120,1,23,3,135,1,36.7161
120,1,23,4,136,1,35.5006
120,1,23,5,137,1,
120,1,23,6,138,1,
120,1,24,1,139,1,28.6539
120,1,24,2,140,1,27.6383
120,1,24,3,141,1,34.8228
120,1,24,4,142,1,24.8072
120,1,24,5,143,1,
120,1,24,6,144,1,
120,1,25,1,145,1,21.5606
120,1,25,2,146,1,32.545
120,1,25,3,147,1,28.7295
120,1,25,4,148,1,27.9139
120,1,25,5,149,1,
120,1,25,6,150,1,
120,1,26,1,151,1,
120,1,26,2,152,1,20.0517
120,1,26,3,153,1,28.0362
120,1,26,4,154,1,14.2206
120,1,26,5,155,1,
120,1,26,6,156,1,
120,1,27,1,157,1,25.174
120,1,27,2,158,1,26.3584
120,1,27,3,159,1,29.7429
120,1,27,4,160,1,25.1273
120,1,27,5,161,1,
120,1,27,6,162,1,
120,1,28,1,163,1,20.4807
120,1,28,2,164,1,20.8651
120,1,28,3,165,1,25.8496
120,1,28,4,166,1,29.234
120,1,28,5,167,1,
120,1,28,6,168,1,
121,0,1,1,1,0,12.6
121,0,1,2,2,0,10.7844
121,0,1,3,3,0,9.3689
121,0,1,4,4,0,23.3533
121,0,1,5,5,0,
121,0,1,6,6,0,
121,0,2,1,7,0,9.1067
121,0,2,2,8,0,9.2911
121,0,2,3,9,0,11.4756
121,0,2,4,10,0,7.06
121,0,2,5,11,0,
121,0,2,6,12,0,
121,0,3,1,13,0,7.6134
121,0,3,2,14,0,17.7978
121,0,3,3,15,0,15.7823
121,0,3,4,16,0,15.9667
121,0,3,5,17,0,
121,0,3,6,18,0,
121,0,4,1,19,0,22.5201
121,0,4,2,20,0,12.9045
121,0,4,3,21,0,19.289
121,0,4,4,22,0,11.2734
121,0,4,5,23,0,
121,0,4,6,24,0,
121,0,5,1,25,0,12.2268
121,0,5,2,26,0,10.2112
121,0,5,3,27,0,14.7957
121,0,5,4,28,0,14.7801
121,0,5,5,29,0,
121,0,5,6,30,0,
121,0,6,1,31,0,11.3335
121,0,6,2,32,0,14.3179
121,0,6,3,33,0,13.7024
121,0,6,4,34,0,16.4868
121,0,6,5,35,0,
121,0,6,6,36,0,
121,0,7,1,37,0,10.6401
121,0,7,2,38,0,10.0246
121,0,7,3,39,0,10.009
121,0,7,4,40,0,10.3935
121,0,7,5,41,0,
121,0,7,6,42,0,
121,0,8,1,43,0,11.3468
121,0,8,2,44,0,13.7313
121,0,8,3,45,0,15.1157
121,0,8,4,46,0,19.7002
121,0,8,5,47,0,
121,0,8,6,48,0,
121,0,9,1,49,1,10.0535
121,0,9,2,50,1,11.038
121,0,9,3,51,1,14.0224
121,0,9,4,52,1,27.8069
121,0,9,5,53,1,
121,0,9,6,54,1,
121,0,10,1,55,1,13.5602
121,0,10,2,56,1,10.1447
121,0,10,3,57,1,11.5291
121,0,10,4,58,1,24.5136
121,0,10,5,59,1,
121,0,10,6,60,1,
121,0,11,1,61,1,10.8669
121,0,11,2,62,1,15.6514
121,0,11,3,63,1,13.2358
121,0,11,4,64,1,11.6203
121,0,11,5,65,1,
121,0,11,6,66,1,
121,0,12,1,67,1,
121,0,12,2,68,1,13.5581
121,0,12,3,69,1,12.1425
121,0,12,4,70,1,21.327
121,0,12,5,71,1,
121,0,12,6,72,1,
121,0,13,1,73,1,15.6803
121,0,13,2,74,1,16.2647
121,0,13,3,75,1,15.4492
121,0,13,4,76,1,17.0336
121,0,13,5,77,1,
121,0,13,6,78,1,
121,0,14,1,79,1,28.387
121,0,14,2,80,1,17.1714
121,0,14,3,81,1,15.1559
121,0,14,4,82,1,11.9403
121,0,14,5,83,1,
121,0,14,6,84,1,
121,0,15,1,85,1,15.8937
121,0,15,2,86,1,14.4781
121,0,15,3,87,1,16.0626
121,0,15,4,88,1,14.447
121,0,15,5,89,1,
121,0,15,6,90,1,
121,0,16,1,91,1,12.8004
121,0,16,2,92,1,13.7848
121,0,16,3,93,1,18.7693
121,0,16,4,94,1,14.7537
121,0,16,5,95,1,
121,0,16,6,96,1,
121,0,17,1,97,1,13.7071
121,0,17,2,98,1,10.6915
121,0,17,3,99,1,1.276
121,0,17,4,100,1,2.8604
121,0,17,5,101,1,
121,0,17,6,102,1,
121,0,18,1,103,1,6.6138
121,0,18,2,104,1,5.7982
121,0,18,3,105,1,5.9826
121,0,18,4,106,1,10.9671
121,0,18,5,107,1,
121,0,18,6,108,1,
121,0,19,1,109,1,
121,0,19,2,110,1,11.7049
121,0,19,3,111,1,21.2893
121,0,19,4,112,1,16.0738
121,0,19,5,113,1,
121,0,19,6,114,1,
121,0,20,1,115,1,7.6271
121,0,20,2,116,1,13.8116
121,0,20,3,117,1,9.396
121,0,20,4,118,1,7.7805
121,0,20,5,119,1,
121,0,20,6,120,1,
121,0,21,1,121,1,7.7338
121,0,21,2,122,1,10.9183
121,0,21,3,123,1,14.3027
121,0,21,4,124,1,12.2872
121,0,21,5,125,1,
121,0,21,6,126,1,
121,0,22,1,127,1,7.6405
121,0,22,2,128,1,14.225
121,0,22,3,129,1,11.6094
121,0,22,4,130,1,
121,0,22,5,131,1,
121,0,22,6,132,1,
121,0,23,1,133,1,13.7472
121,0,23,2,134,1,10.1317
121,0,23,3,135,1,17.7161
121,0,23,4,136,1,
121,0,23,5,137,1,
121,0,23,6,138,1,
121,0,24,1,139,1,13.2539
121,0,24,2,140,1,12.0383
121,0,24,3,141,1,10.4228
121,0,24,4,142,1,20.0072
121,0,24,5,143,1,
121,0,24,6,144,1,
121,0,25,1,145,1,19.5606
121,0,25,2,146,1,14.145
121,0,25,3,147,1,16.5295
121,0,25,4,148,1,10.5139
121,0,25,5,149,1,
121,0,25,6,150,1,
121,0,26,1,151,1,
121,0,26,2,152,1,15.0517
121,0,26,3,153,1,
121,0,26,4,154,1,14.2206
121,0,26,5,155,1,
121,0,26,6,156,1,
121,0,27,1,157,1,7.974
121,0,27,2,158,1,10.5584
121,0,27,3,159,1,8.1429
121,0,27,4,160,1,7.7273
121,0,27,5,161,1,
121,0,27,6,162,1,
121,0,28,1,163,1,5.2807
121,0,28,2,164,1,9.6651
121,0,28,3,165,1,11.4496
121,0,28,4,166,1,12.834
121,0,28,5,167,1,
121,0,28,6,168,1,
122,1,1,1,1,0,13.6
122,1,1,2,2,0,0
122,1,1,3,3,0,0
122,1,1,4,4,0,0
122,1,1,5,5,0,
122,1,1,6,6,0,
122,1,2,1,7,0,0
122,1,2,2,8,0,0
122,1,2,3,9,0,0
122,1,2,4,10,0,0
122,1,2,5,11,0,
122,1,2,6,12,0,
122,1,3,1,13,0,0
122,1,3,2,14,0,0
122,1,3,3,15,0,0
122,1,3,4,16,0,0
122,1,3,5,17,0,
122,1,3,6,18,0,
122,1,4,1,19,0,0.1201
122,1,4,2,20,0,0
122,1,4,3,21,0,8.489
122,1,4,4,22,0,0
122,1,4,5,23,0,
122,1,4,6,24,0,
122,1,5,1,25,0,0
122,1,5,2,26,0,0
122,1,5,3,27,0,0
122,1,5,4,28,0,0
122,1,5,5,29,0,
122,1,5,6,30,0,
122,1,6,1,31,0,0.9335
122,1,6,2,32,0,0
122,1,6,3,33,0,0
122,1,6,4,34,0,0
122,1,6,5,35,0,
122,1,6,6,36,0,
122,1,7,1,37,0,0
122,1,7,2,38,0,0
122,1,7,3,39,0,0
122,1,7,4,40,0,0
122,1,7,5,41,0,
122,1,7,6,42,0,
122,1,8,1,43,0,0
122,1,8,2,44,0,0
122,1,8,3,45,0,0
122,1,8,4,46,0,0
122,1,8,5,47,0,
122,1,8,6,48,0,
122,1,9,1,49,1,0
122,1,9,2,50,1,0
122,1,9,3,51,1,0
122,1,9,4,52,1,0
122,1,9,5,53,1,
122,1,9,6,54,1,
122,1,10,1,55,1,0
122,1,10,2,56,1,0
122,1,10,3,57,1,0
122,1,10,4,58,1,0
122,1,10,5,59,1,
122,1,10,6,60,1,
122,1,11,1,61,1,0
122,1,11,2,62,1,0
122,1,11,3,63,1,0
122,1,11,4,64,1,0
122,1,11,5,65,1,
122,1,11,6,66,1,
122,1,12,1,67,1,0
122,1,12,2,68,1,0
122,1,12,3,69,1,6.9425
122,1,12,4,70,1,16.727
122,1,12,5,71,1,
122,1,12,6,72,1,
122,1,13,1,73,1,0
122,1,13,2,74,1,0
122,1,13,3,75,1,0
122,1,13,4,76,1,0
122,1,13,5,77,1,
122,1,13,6,78,1,
122,1,14,1,79,1,
122,1,14,2,80,1,0
122,1,14,3,81,1,0
122,1,14,4,82,1,
122,1,14,5,83,1,
122,1,14,6,84,1,
122,1,15,1,85,1,0
122,1,15,2,86,1,0
122,1,15,3,87,1,0
122,1,15,4,88,1,0
122,1,15,5,89,1,
122,1,15,6,90,1,
122,1,16,1,91,1,0
122,1,16,2,92,1,0
122,1,16,3,93,1,0
122,1,16,4,94,1,0
122,1,16,5,95,1,
122,1,16,6,96,1,
122,1,17,1,97,1,0
122,1,17,2,98,1,0
122,1,17,3,99,1,0
122,1,17,4,100,1,0
122,1,17,5,101,1,
122,1,17,6,102,1,
122,1,18,1,103,1,0
122,1,18,2,104,1,0
122,1,18,3,105,1,0
122,1,18,4,106,1,0
122,1,18,5,107,1,
122,1,18,6,108,1,
122,1,19,1,109,1,0
122,1,19,2,110,1,0
122,1,19,3,111,1,0
122,1,19,4,112,1,0
122,1,19,5,113,1,
122,1,19,6,114,1,
122,1,20,1,115,1,0
122,1,20,2,116,1,0
122,1,20,3,117,1,0
122,1,20,4,118,1,0
122,1,20,5,119,1,
122,1,20,6,120,1,
122,1,21,1,121,1,0
122,1,21,2,122,1,0
122,1,21,3,123,1,0
122,1,21,4,124,1,0
122,1,21,5,125,1,
122,1,21,6,126,1,
122,1,22,1,127,1,
122,1,22,2,128,1,0
122,1,22,3,129,1,0
122,1,22,4,130,1,0
122,1,22,5,131,1,
122,1,22,6,132,1,
122,1,23,1,133,1,0
122,1,23,2,134,1,0
122,1,23,3,135,1,0
122,1,23,4,136,1,0
122,1,23,5,137,1,
122,1,23,6,138,1,
122,1,24,1,139,1,0
122,1,24,2,140,1,0
122,1,24,3,141,1,0
122,1,24,4,142,1,0
122,1,24,5,143,1,
122,1,24,6,144,1,
122,1,25,1,145,1,
122,1,25,2,146,1,0
122,1,25,3,147,1,0
122,1,25,4,148,1,0
122,1,25,5,149,1,
122,1,25,6,150,1,
122,1,26,1,151,1,0
122,1,26,2,152,1,0
122,1,26,3,153,1,0
122,1,26,4,154,1,0
122,1,26,5,155,1,
122,1,26,6,156,1,
122,1,27,1,157,1,0
122,1,27,2,158,1,0
122,1,27,3,159,1,0
122,1,27,4,160,1,0
122,1,27,5,161,1,
122,1,27,6,162,1,
122,1,28,1,163,1,0
122,1,28,2,164,1,0
122,1,28,3,165,1,0
122,1,28,4,166,1,0
122,1,28,5,167,1,
122,1,28,6,168,1,
123,1,1,1,1,0,0
123,1,1,2,2,0,27.7844
123,1,1,3,3,0,0
123,1,1,4,4,0,
123,1,1,5,5,0,
123,1,1,6,6,0,
123,1,2,1,7,0,0
123,1,2,2,8,0,0
123,1,2,3,9,0,4.8756
123,1,2,4,10,0,0
123,1,2,5,11,0,
123,1,2,6,12,0,
123,1,3,1,13,0,0
123,1,3,2,14,0,0
123,1,3,3,15,0,0
123,1,3,4,16,0,0
123,1,3,5,17,0,
123,1,3,6,18,0,
123,1,4,1,19,0,0
123,1,4,2,20,0,0
123,1,4,3,21,0,0
123,1,4,4,22,0,0
123,1,4,5,23,0,
123,1,4,6,24,0,
123,1,5,1,25,0,
123,1,5,2,26,0,0
123,1,5,3,27,0,0
123,1,5,4,28,0,0
123,1,5,5,29,0,
123,1,5,6,30,0,
123,1,6,1,31,0,0
123,1,6,2,32,0,0
123,1,6,3,33,0,0
123,1,6,4,34,0,0
123,1,6,5,35,0,
123,1,6,6,36,0,
123,1,7,1,37,0,0
123,1,7,2,38,0,0
123,1,7,3,39,0,0
123,1,7,4,40,0,0
123,1,7,5,41,0,
123,1,7,6,42,0,
123,1,8,1,43,0,0
123,1,8,2,44,0,0
123,1,8,3,45,0,0
123,1,8,4,46,0,0
123,1,8,5,47,0,
123,1,8,6,48,0,
123,1,9,1,49,1,0
123,1,9,2,50,1,0
123,1,9,3,51,1,0
123,1,9,4,52,1,0
123,1,9,5,53,1,
123,1,9,6,54,1,
123,1,10,1,55,1,0
123,1,10,2,56,1,0
123,1,10,3,57,1,0
123,1,10,4,58,1,0
123,1,10,5,59,1,
123,1,10,6,60,1,
123,1,11,1,61,1,0
123,1,11,2,62,1,0
123,1,11,3,63,1,
123,1,11,4,64,1,0
123,1,11,5,65,1,
123,1,11,6,66,1,
123,1,12,1,67,1,0
123,1,12,2,68,1,0
123,1,12,3,69,1,0
123,1,12,4,70,1,0
123,1,12,5,71,1,
123,1,12,6,72,1,
123,1,13,1,73,1,0
123,1,13,2,74,1,0
123,1,13,3,75,1,0
123,1,13,4,76,1,5.4336
123,1,13,5,77,1,
123,1,13,6,78,1,
123,1,14,1,79,1,24.787
123,1,14,2,80,1,0
123,1,14,3,81,1,0
123,1,14,4,82,1,0
123,1,14,5,83,1,
123,1,14,6,84,1,
123,1,15,1,85,1,0
123,1,15,2,86,1,0
123,1,15,3,87,1,0
123,1,15,4,88,1,0
123,1,15,5,89,1,
123,1,15,6,90,1,
123,1,16,1,91,1,0
123,1,16,2,92,1,0
123,1,16,3,93,1,0
123,1,16,4,94,1,0
123,1,16,5,95,1,
123,1,16,6,96,1,
123,1,17,1,97,1,0
123,1,17,2,98,1,0
123,1,17,3,99,1,0
123,1,17,4,100,1,0
123,1,17,5,101,1,
123,1,17,6,102,1,
123,1,18,1,103,1,0
123,1,18,2,104,1,0
123,1,18,3,105,1,0
123,1,18,4,106,1,0
123,1,18,5,107,1,
123,1,18,6,108,1,
123,1,19,1,109,1,0
123,1,19,2,110,1,0
123,1,19,3,111,1,0
123,1,19,4,112,1,0
123,1,19,5,113,1,
123,1,19,6,114,1,
123,1,20,1,115,1,0
123,1,20,2,116,1,1.4116
123,1,20,3,117,1,0
123,1,20,4,118,1,0
123,1,20,5,119,1,
123,1,20,6,120,1,
123,1,21,1,121,1,16.3338
123,1,21,2,122,1,0
123,1,21,3,123,1,0
123,1,21,4,124,1,0
123,1,21,5,125,1,
123,1,21,6,126,1,
123,1,22,1,127,1,0
123,1,22,2,128,1,0
123,1,22,3,129,1,0
123,1,22,4,130,1,0
123,1,22,5,131,1,
123,1,22,6,132,1,
123,1,23,1,133,1,0
123,1,23,2,134,1,0
123,1,23,3,135,1,0
123,1,23,4,136,1,0
123,1,23,5,137,1,
123,1,23,6,138,1,
123,1,24,1,139,1,0
123,1,24,2,140,1,0
123,1,24,3,141,1,0
123,1,24,4,142,1,0
123,1,24,5,143,1,
123,1,24,6,144,1,
123,1,25,1,145,1,0
123,1,25,2,146,1,0
123,1,25,3,147,1,0
123,1,25,4,148,1,0
123,1,25,5,149,1,
123,1,25,6,150,1,
123,1,26,1,151,1,0
123,1,26,2,152,1,0
123,1,26,3,153,1,0
123,1,26,4,154,1,0
123,1,26,5,155,1,
123,1,26,6,156,1,
123,1,27,1,157,1,0
123,1,27,2,158,1,0
123,1,27,3,159,1,0
123,1,27,4,160,1,0
123,1,27,5,161,1,
123,1,27,6,162,1,
123,1,28,1,163,1,14.2807
123,1,28,2,164,1,0
123,1,28,3,165,1,0
123,1,28,4,166,1,0
123,1,28,5,167,1,
123,1,28,6,168,1,
